date,product_id,channel,uv
2026-07-23,P01,search,3511
2026-07-23,P01,recommend,2982
2026-07-23,P01,paid,1792
2026-07-23,P01,external,1220
2026-07-23,P01,campaign,0
2026-07-24,P01,search,3491
2026-07-24,P01,recommend,2849
2026-07-24,P01,paid,1875
2026-07-24,P01,external,1309
2026-07-24,P01,campaign,0
2026-07-25,P01,search,3463
2026-07-25,P01,recommend,2815
2026-07-25,P01,paid,2194
2026-07-25,P01,external,1220
2026-07-25,P01,campaign,0
2026-07-26,P01,search,3534
2026-07-26,P01,recommend,2947
2026-07-26,P01,paid,1839
2026-07-26,P01,external,1252
2026-07-26,P01,campaign,0
2026-07-27,P01,search,3655
2026-07-27,P01,recommend,2806
2026-07-27,P01,paid,1968
2026-07-27,P01,external,1132
2026-07-27,P01,campaign,0
2026-07-28,P01,search,3653
2026-07-28,P01,recommend,2679
2026-07-28,P01,paid,1868
2026-07-28,P01,external,1070
2026-07-28,P01,campaign,0
2026-07-29,P01,search,3424
2026-07-29,P01,recommend,2528
2026-07-29,P01,paid,1954
2026-07-29,P01,external,940
2026-07-29,P01,campaign,0
2026-07-30,P01,search,3188
2026-07-30,P01,recommend,2529
2026-07-30,P01,paid,1649
2026-07-30,P01,external,925
2026-07-30,P01,campaign,0
2026-07-31,P01,search,3107
2026-07-31,P01,recommend,2689
2026-07-31,P01,paid,1917
2026-07-31,P01,external,973
2026-07-31,P01,campaign,0
2026-08-01,P01,search,3783
2026-08-01,P01,recommend,2684
2026-08-01,P01,paid,2224
2026-08-01,P01,external,1296
2026-08-01,P01,campaign,0
2026-08-02,P01,search,3752
2026-08-02,P01,recommend,3225
2026-08-02,P01,paid,2152
2026-08-02,P01,external,1267
2026-08-02,P01,campaign,0
2026-08-03,P01,search,3123
2026-08-03,P01,recommend,2660
2026-08-03,P01,paid,1614
2026-08-03,P01,external,1119
2026-08-03,P01,campaign,0
2026-08-04,P01,search,3596
2026-08-04,P01,recommend,2517
2026-08-04,P01,paid,1750
2026-08-04,P01,external,1148
2026-08-04,P01,campaign,0
2026-08-05,P01,search,3367
2026-08-05,P01,recommend,2623
2026-08-05,P01,paid,1776
2026-08-05,P01,external,1031
2026-08-05,P01,campaign,0
2026-08-06,P01,search,2989
2026-08-06,P01,recommend,2301
2026-08-06,P01,paid,1837
2026-08-06,P01,external,1001
2026-08-06,P01,campaign,0
2026-08-07,P01,search,3373
2026-08-07,P01,recommend,2638
2026-08-07,P01,paid,1690
2026-08-07,P01,external,1113
2026-08-07,P01,campaign,0
2026-08-08,P01,search,9230
2026-08-08,P01,recommend,7260
2026-08-08,P01,paid,4726
2026-08-08,P01,external,3144
2026-08-08,P01,campaign,0
2026-08-09,P01,search,3920
2026-08-09,P01,recommend,3180
2026-08-09,P01,paid,2206
2026-08-09,P01,external,1319
2026-08-09,P01,campaign,0
2026-08-10,P01,search,3827
2026-08-10,P01,recommend,2528
2026-08-10,P01,paid,1996
2026-08-10,P01,external,1354
2026-08-10,P01,campaign,0
2026-08-11,P01,search,3476
2026-08-11,P01,recommend,2568
2026-08-11,P01,paid,2023
2026-08-11,P01,external,948
2026-08-11,P01,campaign,0
2026-08-12,P01,search,3125
2026-08-12,P01,recommend,2944
2026-08-12,P01,paid,1868
2026-08-12,P01,external,1165
2026-08-12,P01,campaign,0
2026-08-13,P01,search,3109
2026-08-13,P01,recommend,2718
2026-08-13,P01,paid,1640
2026-08-13,P01,external,1112
2026-08-13,P01,campaign,0
2026-08-14,P01,search,3443
2026-08-14,P01,recommend,2584
2026-08-14,P01,paid,1701
2026-08-14,P01,external,1139
2026-08-14,P01,campaign,0
2026-08-15,P01,search,4451
2026-08-15,P01,recommend,3027
2026-08-15,P01,paid,2025
2026-08-15,P01,external,1265
2026-08-15,P01,campaign,0
2026-08-16,P01,search,3683
2026-08-16,P01,recommend,2990
2026-08-16,P01,paid,1861
2026-08-16,P01,external,1469
2026-08-16,P01,campaign,0
2026-08-17,P01,search,3139
2026-08-17,P01,recommend,2686
2026-08-17,P01,paid,1817
2026-08-17,P01,external,959
2026-08-17,P01,campaign,0
2026-08-18,P01,search,3689
2026-08-18,P01,recommend,2807
2026-08-18,P01,paid,1936
2026-08-18,P01,external,1011
2026-08-18,P01,campaign,0
2026-08-19,P01,search,3506
2026-08-19,P01,recommend,2424
2026-08-19,P01,paid,1936
2026-08-19,P01,external,1053
2026-08-19,P01,campaign,0
2026-08-20,P01,search,3045
2026-08-20,P01,recommend,2587
2026-08-20,P01,paid,1646
2026-08-20,P01,external,1063
2026-08-20,P01,campaign,0
2026-08-21,P01,search,3131
2026-08-21,P01,recommend,2790
2026-08-21,P01,paid,1627
2026-08-21,P01,external,1091
2026-08-21,P01,campaign,0
2026-08-22,P01,search,3661
2026-08-22,P01,recommend,2937
2026-08-22,P01,paid,2034
2026-08-22,P01,external,1277
2026-08-22,P01,campaign,0
2026-08-23,P01,search,3661
2026-08-23,P01,recommend,3039
2026-08-23,P01,paid,1714
2026-08-23,P01,external,1224
2026-08-23,P01,campaign,0
2026-08-24,P01,search,3454
2026-08-24,P01,recommend,2563
2026-08-24,P01,paid,1876
2026-08-24,P01,external,988
2026-08-24,P01,campaign,0
2026-08-25,P01,search,3253
2026-08-25,P01,recommend,2668
2026-08-25,P01,paid,2252
2026-08-25,P01,external,1108
2026-08-25,P01,campaign,0
2026-08-26,P01,search,3288
2026-08-26,P01,recommend,2615
2026-08-26,P01,paid,1552
2026-08-26,P01,external,970
2026-08-26,P01,campaign,0
2026-08-27,P01,search,3130
2026-08-27,P01,recommend,2347
2026-08-27,P01,paid,1615
2026-08-27,P01,external,896
2026-08-27,P01,campaign,0
2026-08-28,P01,search,3301
2026-08-28,P01,recommend,2664
2026-08-28,P01,paid,1851
2026-08-28,P01,external,1151
2026-08-28,P01,campaign,0
2026-08-29,P01,search,3713
2026-08-29,P01,recommend,2850
2026-08-29,P01,paid,1795
2026-08-29,P01,external,1098
2026-08-29,P01,campaign,0
2026-08-30,P01,search,3483
2026-08-30,P01,recommend,2971
2026-08-30,P01,paid,1921
2026-08-30,P01,external,1137
2026-08-30,P01,campaign,0
2026-08-31,P01,search,3389
2026-08-31,P01,recommend,2671
2026-08-31,P01,paid,1642
2026-08-31,P01,external,1142
2026-08-31,P01,campaign,0
2026-09-01,P01,search,3693
2026-09-01,P01,recommend,2630
2026-09-01,P01,paid,1966
2026-09-01,P01,external,1118
2026-09-01,P01,campaign,0
2026-09-02,P01,search,3101
2026-09-02,P01,recommend,2712
2026-09-02,P01,paid,1828
2026-09-02,P01,external,1011
2026-09-02,P01,campaign,0
2026-09-03,P01,search,3312
2026-09-03,P01,recommend,2599
2026-09-03,P01,paid,1854
2026-09-03,P01,external,1019
2026-09-03,P01,campaign,0
2026-09-04,P01,search,3498
2026-09-04,P01,recommend,2590
2026-09-04,P01,paid,1677
2026-09-04,P01,external,1081
2026-09-04,P01,campaign,0
2026-09-05,P01,search,3699
2026-09-05,P01,recommend,2528
2026-09-05,P01,paid,1652
2026-09-05,P01,external,954
2026-09-05,P01,campaign,0
2026-09-06,P01,search,4171
2026-09-06,P01,recommend,2946
2026-09-06,P01,paid,2022
2026-09-06,P01,external,1089
2026-09-06,P01,campaign,0
2026-09-07,P01,search,3212
2026-09-07,P01,recommend,2652
2026-09-07,P01,paid,1769
2026-09-07,P01,external,1182
2026-09-07,P01,campaign,0
2026-09-08,P01,search,3512
2026-09-08,P01,recommend,2664
2026-09-08,P01,paid,1801
2026-09-08,P01,external,998
2026-09-08,P01,campaign,0
2026-09-09,P01,search,3346
2026-09-09,P01,recommend,2496
2026-09-09,P01,paid,1690
2026-09-09,P01,external,1023
2026-09-09,P01,campaign,0
2026-09-10,P01,search,3145
2026-09-10,P01,recommend,2629
2026-09-10,P01,paid,1624
2026-09-10,P01,external,962
2026-09-10,P01,campaign,0
2026-09-11,P01,search,3329
2026-09-11,P01,recommend,2873
2026-09-11,P01,paid,1807
2026-09-11,P01,external,1048
2026-09-11,P01,campaign,0
2026-09-12,P01,search,3660
2026-09-12,P01,recommend,2714
2026-09-12,P01,paid,2040
2026-09-12,P01,external,1193
2026-09-12,P01,campaign,0
2026-09-13,P01,search,3860
2026-09-13,P01,recommend,2736
2026-09-13,P01,paid,1815
2026-09-13,P01,external,1294
2026-09-13,P01,campaign,0
2026-09-14,P01,search,3807
2026-09-14,P01,recommend,3222
2026-09-14,P01,paid,1945
2026-09-14,P01,external,1302
2026-09-14,P01,campaign,0
2026-09-15,P01,search,3143
2026-09-15,P01,recommend,2574
2026-09-15,P01,paid,1645
2026-09-15,P01,external,964
2026-09-15,P01,campaign,0
2026-09-16,P01,search,3216
2026-09-16,P01,recommend,2801
2026-09-16,P01,paid,1920
2026-09-16,P01,external,1078
2026-09-16,P01,campaign,0
2026-09-17,P01,search,3719
2026-09-17,P01,recommend,3114
2026-09-17,P01,paid,2186
2026-09-17,P01,external,1258
2026-09-17,P01,campaign,0
2026-09-18,P01,search,3258
2026-09-18,P01,recommend,2684
2026-09-18,P01,paid,1757
2026-09-18,P01,external,1176
2026-09-18,P01,campaign,0
2026-09-19,P01,search,3854
2026-09-19,P01,recommend,2855
2026-09-19,P01,paid,1890
2026-09-19,P01,external,1188
2026-09-19,P01,campaign,0
2026-09-20,P01,search,4011
2026-09-20,P01,recommend,2612
2026-09-20,P01,paid,2018
2026-09-20,P01,external,1088
2026-09-20,P01,campaign,0
2026-07-23,P02,search,1042
2026-07-23,P02,recommend,776
2026-07-23,P02,paid,479
2026-07-23,P02,external,268
2026-07-23,P02,campaign,0
2026-07-24,P02,search,1195
2026-07-24,P02,recommend,937
2026-07-24,P02,paid,606
2026-07-24,P02,external,363
2026-07-24,P02,campaign,0
2026-07-25,P02,search,1305
2026-07-25,P02,recommend,949
2026-07-25,P02,paid,638
2026-07-25,P02,external,425
2026-07-25,P02,campaign,0
2026-07-26,P02,search,1232
2026-07-26,P02,recommend,1022
2026-07-26,P02,paid,603
2026-07-26,P02,external,424
2026-07-26,P02,campaign,0
2026-07-27,P02,search,1064
2026-07-27,P02,recommend,962
2026-07-27,P02,paid,614
2026-07-27,P02,external,344
2026-07-27,P02,campaign,0
2026-07-28,P02,search,1220
2026-07-28,P02,recommend,997
2026-07-28,P02,paid,648
2026-07-28,P02,external,376
2026-07-28,P02,campaign,0
2026-07-29,P02,search,1275
2026-07-29,P02,recommend,891
2026-07-29,P02,paid,612
2026-07-29,P02,external,359
2026-07-29,P02,campaign,0
2026-07-30,P02,search,1165
2026-07-30,P02,recommend,839
2026-07-30,P02,paid,633
2026-07-30,P02,external,357
2026-07-30,P02,campaign,0
2026-07-31,P02,search,1023
2026-07-31,P02,recommend,890
2026-07-31,P02,paid,584
2026-07-31,P02,external,351
2026-07-31,P02,campaign,0
2026-08-01,P02,search,1141
2026-08-01,P02,recommend,1064
2026-08-01,P02,paid,685
2026-08-01,P02,external,437
2026-08-01,P02,campaign,0
2026-08-02,P02,search,1486
2026-08-02,P02,recommend,973
2026-08-02,P02,paid,612
2026-08-02,P02,external,417
2026-08-02,P02,campaign,0
2026-08-03,P02,search,1112
2026-08-03,P02,recommend,722
2026-08-03,P02,paid,627
2026-08-03,P02,external,361
2026-08-03,P02,campaign,0
2026-08-04,P02,search,1306
2026-08-04,P02,recommend,1024
2026-08-04,P02,paid,577
2026-08-04,P02,external,410
2026-08-04,P02,campaign,0
2026-08-05,P02,search,1145
2026-08-05,P02,recommend,923
2026-08-05,P02,paid,620
2026-08-05,P02,external,347
2026-08-05,P02,campaign,0
2026-08-06,P02,search,1137
2026-08-06,P02,recommend,977
2026-08-06,P02,paid,569
2026-08-06,P02,external,372
2026-08-06,P02,campaign,0
2026-08-07,P02,search,977
2026-08-07,P02,recommend,886
2026-08-07,P02,paid,530
2026-08-07,P02,external,290
2026-08-07,P02,campaign,0
2026-08-08,P02,search,2798
2026-08-08,P02,recommend,2216
2026-08-08,P02,paid,1712
2026-08-08,P02,external,990
2026-08-08,P02,campaign,0
2026-08-09,P02,search,1217
2026-08-09,P02,recommend,1026
2026-08-09,P02,paid,633
2026-08-09,P02,external,427
2026-08-09,P02,campaign,0
2026-08-10,P02,search,1171
2026-08-10,P02,recommend,872
2026-08-10,P02,paid,532
2026-08-10,P02,external,372
2026-08-10,P02,campaign,0
2026-08-11,P02,search,1129
2026-08-11,P02,recommend,987
2026-08-11,P02,paid,613
2026-08-11,P02,external,400
2026-08-11,P02,campaign,0
2026-08-12,P02,search,1153
2026-08-12,P02,recommend,822
2026-08-12,P02,paid,599
2026-08-12,P02,external,372
2026-08-12,P02,campaign,0
2026-08-13,P02,search,1154
2026-08-13,P02,recommend,818
2026-08-13,P02,paid,585
2026-08-13,P02,external,292
2026-08-13,P02,campaign,0
2026-08-14,P02,search,1230
2026-08-14,P02,recommend,886
2026-08-14,P02,paid,635
2026-08-14,P02,external,369
2026-08-14,P02,campaign,0
2026-08-15,P02,search,1158
2026-08-15,P02,recommend,1074
2026-08-15,P02,paid,648
2026-08-15,P02,external,345
2026-08-15,P02,campaign,0
2026-08-16,P02,search,1200
2026-08-16,P02,recommend,784
2026-08-16,P02,paid,709
2026-08-16,P02,external,361
2026-08-16,P02,campaign,0
2026-08-17,P02,search,1130
2026-08-17,P02,recommend,826
2026-08-17,P02,paid,568
2026-08-17,P02,external,364
2026-08-17,P02,campaign,0
2026-08-18,P02,search,1229
2026-08-18,P02,recommend,873
2026-08-18,P02,paid,626
2026-08-18,P02,external,431
2026-08-18,P02,campaign,0
2026-08-19,P02,search,979
2026-08-19,P02,recommend,916
2026-08-19,P02,paid,501
2026-08-19,P02,external,315
2026-08-19,P02,campaign,0
2026-08-20,P02,search,1257
2026-08-20,P02,recommend,919
2026-08-20,P02,paid,615
2026-08-20,P02,external,365
2026-08-20,P02,campaign,0
2026-08-21,P02,search,1073
2026-08-21,P02,recommend,927
2026-08-21,P02,paid,635
2026-08-21,P02,external,358
2026-08-21,P02,campaign,0
2026-08-22,P02,search,1104
2026-08-22,P02,recommend,972
2026-08-22,P02,paid,634
2026-08-22,P02,external,445
2026-08-22,P02,campaign,0
2026-08-23,P02,search,1187
2026-08-23,P02,recommend,957
2026-08-23,P02,paid,647
2026-08-23,P02,external,361
2026-08-23,P02,campaign,0
2026-08-24,P02,search,1192
2026-08-24,P02,recommend,1003
2026-08-24,P02,paid,574
2026-08-24,P02,external,365
2026-08-24,P02,campaign,0
2026-08-25,P02,search,1084
2026-08-25,P02,recommend,942
2026-08-25,P02,paid,638
2026-08-25,P02,external,341
2026-08-25,P02,campaign,0
2026-08-26,P02,search,1050
2026-08-26,P02,recommend,936
2026-08-26,P02,paid,632
2026-08-26,P02,external,384
2026-08-26,P02,campaign,0
2026-08-27,P02,search,1037
2026-08-27,P02,recommend,873
2026-08-27,P02,paid,561
2026-08-27,P02,external,350
2026-08-27,P02,campaign,0
2026-08-28,P02,search,1081
2026-08-28,P02,recommend,916
2026-08-28,P02,paid,558
2026-08-28,P02,external,345
2026-08-28,P02,campaign,0
2026-08-29,P02,search,1276
2026-08-29,P02,recommend,1119
2026-08-29,P02,paid,680
2026-08-29,P02,external,400
2026-08-29,P02,campaign,0
2026-08-30,P02,search,1330
2026-08-30,P02,recommend,1051
2026-08-30,P02,paid,612
2026-08-30,P02,external,432
2026-08-30,P02,campaign,0
2026-08-31,P02,search,1142
2026-08-31,P02,recommend,998
2026-08-31,P02,paid,609
2026-08-31,P02,external,359
2026-08-31,P02,campaign,0
2026-09-01,P02,search,1231
2026-09-01,P02,recommend,809
2026-09-01,P02,paid,531
2026-09-01,P02,external,330
2026-09-01,P02,campaign,0
2026-09-02,P02,search,1271
2026-09-02,P02,recommend,860
2026-09-02,P02,paid,627
2026-09-02,P02,external,351
2026-09-02,P02,campaign,0
2026-09-03,P02,search,1089
2026-09-03,P02,recommend,963
2026-09-03,P02,paid,670
2026-09-03,P02,external,344
2026-09-03,P02,campaign,0
2026-09-04,P02,search,1254
2026-09-04,P02,recommend,1005
2026-09-04,P02,paid,629
2026-09-04,P02,external,384
2026-09-04,P02,campaign,0
2026-09-05,P02,search,1163
2026-09-05,P02,recommend,1013
2026-09-05,P02,paid,562
2026-09-05,P02,external,356
2026-09-05,P02,campaign,0
2026-09-06,P02,search,1212
2026-09-06,P02,recommend,958
2026-09-06,P02,paid,656
2026-09-06,P02,external,397
2026-09-06,P02,campaign,0
2026-09-07,P02,search,1130
2026-09-07,P02,recommend,963
2026-09-07,P02,paid,588
2026-09-07,P02,external,378
2026-09-07,P02,campaign,0
2026-09-08,P02,search,1148
2026-09-08,P02,recommend,921
2026-09-08,P02,paid,703
2026-09-08,P02,external,418
2026-09-08,P02,campaign,0
2026-09-09,P02,search,1150
2026-09-09,P02,recommend,891
2026-09-09,P02,paid,646
2026-09-09,P02,external,351
2026-09-09,P02,campaign,0
2026-09-10,P02,search,1034
2026-09-10,P02,recommend,893
2026-09-10,P02,paid,609
2026-09-10,P02,external,324
2026-09-10,P02,campaign,0
2026-09-11,P02,search,1199
2026-09-11,P02,recommend,949
2026-09-11,P02,paid,659
2026-09-11,P02,external,372
2026-09-11,P02,campaign,0
2026-09-12,P02,search,1288
2026-09-12,P02,recommend,945
2026-09-12,P02,paid,710
2026-09-12,P02,external,394
2026-09-12,P02,campaign,0
2026-09-13,P02,search,1390
2026-09-13,P02,recommend,1028
2026-09-13,P02,paid,740
2026-09-13,P02,external,395
2026-09-13,P02,campaign,0
2026-09-14,P02,search,1074
2026-09-14,P02,recommend,925
2026-09-14,P02,paid,608
2026-09-14,P02,external,353
2026-09-14,P02,campaign,0
2026-09-15,P02,search,1157
2026-09-15,P02,recommend,877
2026-09-15,P02,paid,643
2026-09-15,P02,external,370
2026-09-15,P02,campaign,0
2026-09-16,P02,search,1124
2026-09-16,P02,recommend,904
2026-09-16,P02,paid,589
2026-09-16,P02,external,390
2026-09-16,P02,campaign,0
2026-09-17,P02,search,1156
2026-09-17,P02,recommend,863
2026-09-17,P02,paid,615
2026-09-17,P02,external,360
2026-09-17,P02,campaign,0
2026-09-18,P02,search,1239
2026-09-18,P02,recommend,864
2026-09-18,P02,paid,611
2026-09-18,P02,external,390
2026-09-18,P02,campaign,0
2026-09-19,P02,search,1142
2026-09-19,P02,recommend,985
2026-09-19,P02,paid,645
2026-09-19,P02,external,394
2026-09-19,P02,campaign,0
2026-09-20,P02,search,1247
2026-09-20,P02,recommend,967
2026-09-20,P02,paid,719
2026-09-20,P02,external,391
2026-09-20,P02,campaign,0
2026-07-25,P03,search,179
2026-07-25,P03,recommend,145
2026-07-25,P03,paid,377
2026-07-25,P03,external,39
2026-07-25,P03,campaign,0
2026-07-26,P03,search,206
2026-07-26,P03,recommend,173
2026-07-26,P03,paid,377
2026-07-26,P03,external,37
2026-07-26,P03,campaign,0
2026-07-27,P03,search,204
2026-07-27,P03,recommend,176
2026-07-27,P03,paid,382
2026-07-27,P03,external,46
2026-07-27,P03,campaign,0
2026-07-28,P03,search,208
2026-07-28,P03,recommend,158
2026-07-28,P03,paid,442
2026-07-28,P03,external,40
2026-07-28,P03,campaign,0
2026-07-29,P03,search,203
2026-07-29,P03,recommend,181
2026-07-29,P03,paid,424
2026-07-29,P03,external,43
2026-07-29,P03,campaign,0
2026-07-30,P03,search,273
2026-07-30,P03,recommend,183
2026-07-30,P03,paid,501
2026-07-30,P03,external,51
2026-07-30,P03,campaign,0
2026-07-31,P03,search,253
2026-07-31,P03,recommend,214
2026-07-31,P03,paid,513
2026-07-31,P03,external,46
2026-07-31,P03,campaign,0
2026-08-01,P03,search,265
2026-08-01,P03,recommend,213
2026-08-01,P03,paid,561
2026-08-01,P03,external,52
2026-08-01,P03,campaign,0
2026-08-02,P03,search,362
2026-08-02,P03,recommend,258
2026-08-02,P03,paid,541
2026-08-02,P03,external,67
2026-08-02,P03,campaign,0
2026-08-03,P03,search,252
2026-08-03,P03,recommend,236
2026-08-03,P03,paid,548
2026-08-03,P03,external,52
2026-08-03,P03,campaign,0
2026-08-04,P03,search,280
2026-08-04,P03,recommend,241
2026-08-04,P03,paid,680
2026-08-04,P03,external,59
2026-08-04,P03,campaign,0
2026-08-05,P03,search,318
2026-08-05,P03,recommend,268
2026-08-05,P03,paid,563
2026-08-05,P03,external,58
2026-08-05,P03,campaign,0
2026-08-06,P03,search,290
2026-08-06,P03,recommend,239
2026-08-06,P03,paid,646
2026-08-06,P03,external,63
2026-08-06,P03,campaign,0
2026-08-07,P03,search,360
2026-08-07,P03,recommend,259
2026-08-07,P03,paid,634
2026-08-07,P03,external,62
2026-08-07,P03,campaign,0
2026-08-08,P03,search,1029
2026-08-08,P03,recommend,705
2026-08-08,P03,paid,1878
2026-08-08,P03,external,204
2026-08-08,P03,campaign,0
2026-08-09,P03,search,390
2026-08-09,P03,recommend,299
2026-08-09,P03,paid,751
2026-08-09,P03,external,74
2026-08-09,P03,campaign,0
2026-08-10,P03,search,348
2026-08-10,P03,recommend,259
2026-08-10,P03,paid,684
2026-08-10,P03,external,62
2026-08-10,P03,campaign,0
2026-08-11,P03,search,355
2026-08-11,P03,recommend,284
2026-08-11,P03,paid,746
2026-08-11,P03,external,80
2026-08-11,P03,campaign,0
2026-08-12,P03,search,338
2026-08-12,P03,recommend,304
2026-08-12,P03,paid,750
2026-08-12,P03,external,81
2026-08-12,P03,campaign,0
2026-08-13,P03,search,393
2026-08-13,P03,recommend,339
2026-08-13,P03,paid,810
2026-08-13,P03,external,82
2026-08-13,P03,campaign,0
2026-08-14,P03,search,369
2026-08-14,P03,recommend,324
2026-08-14,P03,paid,814
2026-08-14,P03,external,71
2026-08-14,P03,campaign,0
2026-08-15,P03,search,388
2026-08-15,P03,recommend,362
2026-08-15,P03,paid,837
2026-08-15,P03,external,86
2026-08-15,P03,campaign,0
2026-08-16,P03,search,480
2026-08-16,P03,recommend,339
2026-08-16,P03,paid,941
2026-08-16,P03,external,112
2026-08-16,P03,campaign,0
2026-08-17,P03,search,384
2026-08-17,P03,recommend,317
2026-08-17,P03,paid,813
2026-08-17,P03,external,82
2026-08-17,P03,campaign,0
2026-08-18,P03,search,417
2026-08-18,P03,recommend,368
2026-08-18,P03,paid,876
2026-08-18,P03,external,81
2026-08-18,P03,campaign,0
2026-08-19,P03,search,443
2026-08-19,P03,recommend,333
2026-08-19,P03,paid,901
2026-08-19,P03,external,93
2026-08-19,P03,campaign,0
2026-08-20,P03,search,454
2026-08-20,P03,recommend,355
2026-08-20,P03,paid,861
2026-08-20,P03,external,104
2026-08-20,P03,campaign,0
2026-08-21,P03,search,495
2026-08-21,P03,recommend,379
2026-08-21,P03,paid,934
2026-08-21,P03,external,99
2026-08-21,P03,campaign,0
2026-08-22,P03,search,469
2026-08-22,P03,recommend,380
2026-08-22,P03,paid,955
2026-08-22,P03,external,102
2026-08-22,P03,campaign,0
2026-08-23,P03,search,501
2026-08-23,P03,recommend,365
2026-08-23,P03,paid,1066
2026-08-23,P03,external,97
2026-08-23,P03,campaign,0
2026-08-24,P03,search,488
2026-08-24,P03,recommend,411
2026-08-24,P03,paid,956
2026-08-24,P03,external,95
2026-08-24,P03,campaign,0
2026-08-25,P03,search,431
2026-08-25,P03,recommend,379
2026-08-25,P03,paid,958
2026-08-25,P03,external,92
2026-08-25,P03,campaign,0
2026-08-26,P03,search,461
2026-08-26,P03,recommend,388
2026-08-26,P03,paid,942
2026-08-26,P03,external,102
2026-08-26,P03,campaign,0
2026-08-27,P03,search,499
2026-08-27,P03,recommend,432
2026-08-27,P03,paid,941
2026-08-27,P03,external,110
2026-08-27,P03,campaign,0
2026-08-28,P03,search,457
2026-08-28,P03,recommend,375
2026-08-28,P03,paid,935
2026-08-28,P03,external,99
2026-08-28,P03,campaign,0
2026-08-29,P03,search,615
2026-08-29,P03,recommend,509
2026-08-29,P03,paid,1158
2026-08-29,P03,external,103
2026-08-29,P03,campaign,0
2026-08-30,P03,search,571
2026-08-30,P03,recommend,438
2026-08-30,P03,paid,971
2026-08-30,P03,external,122
2026-08-30,P03,campaign,0
2026-08-31,P03,search,542
2026-08-31,P03,recommend,391
2026-08-31,P03,paid,956
2026-08-31,P03,external,105
2026-08-31,P03,campaign,0
2026-09-01,P03,search,554
2026-09-01,P03,recommend,432
2026-09-01,P03,paid,1090
2026-09-01,P03,external,114
2026-09-01,P03,campaign,0
2026-09-02,P03,search,582
2026-09-02,P03,recommend,385
2026-09-02,P03,paid,1023
2026-09-02,P03,external,110
2026-09-02,P03,campaign,0
2026-09-03,P03,search,509
2026-09-03,P03,recommend,418
2026-09-03,P03,paid,1078
2026-09-03,P03,external,110
2026-09-03,P03,campaign,0
2026-09-04,P03,search,550
2026-09-04,P03,recommend,459
2026-09-04,P03,paid,1014
2026-09-04,P03,external,104
2026-09-04,P03,campaign,0
2026-09-05,P03,search,584
2026-09-05,P03,recommend,483
2026-09-05,P03,paid,1313
2026-09-05,P03,external,116
2026-09-05,P03,campaign,0
2026-09-06,P03,search,606
2026-09-06,P03,recommend,498
2026-09-06,P03,paid,1096
2026-09-06,P03,external,115
2026-09-06,P03,campaign,0
2026-09-07,P03,search,519
2026-09-07,P03,recommend,365
2026-09-07,P03,paid,1015
2026-09-07,P03,external,94
2026-09-07,P03,campaign,0
2026-09-08,P03,search,558
2026-09-08,P03,recommend,467
2026-09-08,P03,paid,1249
2026-09-08,P03,external,125
2026-09-08,P03,campaign,0
2026-09-09,P03,search,583
2026-09-09,P03,recommend,440
2026-09-09,P03,paid,1220
2026-09-09,P03,external,111
2026-09-09,P03,campaign,0
2026-09-10,P03,search,559
2026-09-10,P03,recommend,474
2026-09-10,P03,paid,1161
2026-09-10,P03,external,110
2026-09-10,P03,campaign,0
2026-09-11,P03,search,502
2026-09-11,P03,recommend,478
2026-09-11,P03,paid,1077
2026-09-11,P03,external,104
2026-09-11,P03,campaign,0
2026-09-12,P03,search,570
2026-09-12,P03,recommend,456
2026-09-12,P03,paid,1253
2026-09-12,P03,external,117
2026-09-12,P03,campaign,0
2026-09-13,P03,search,710
2026-09-13,P03,recommend,486
2026-09-13,P03,paid,1251
2026-09-13,P03,external,125
2026-09-13,P03,campaign,0
2026-09-14,P03,search,500
2026-09-14,P03,recommend,451
2026-09-14,P03,paid,1087
2026-09-14,P03,external,103
2026-09-14,P03,campaign,0
2026-09-15,P03,search,519
2026-09-15,P03,recommend,425
2026-09-15,P03,paid,410
2026-09-15,P03,external,101
2026-09-15,P03,campaign,0
2026-09-16,P03,search,620
2026-09-16,P03,recommend,480
2026-09-16,P03,paid,459
2026-09-16,P03,external,116
2026-09-16,P03,campaign,0
2026-09-17,P03,search,622
2026-09-17,P03,recommend,449
2026-09-17,P03,paid,436
2026-09-17,P03,external,115
2026-09-17,P03,campaign,0
2026-09-18,P03,search,510
2026-09-18,P03,recommend,417
2026-09-18,P03,paid,393
2026-09-18,P03,external,97
2026-09-18,P03,campaign,0
2026-09-19,P03,search,609
2026-09-19,P03,recommend,598
2026-09-19,P03,paid,529
2026-09-19,P03,external,124
2026-09-19,P03,campaign,0
2026-09-20,P03,search,593
2026-09-20,P03,recommend,530
2026-09-20,P03,paid,461
2026-09-20,P03,external,114
2026-09-20,P03,campaign,0
2026-09-01,P04,search,296
2026-09-01,P04,recommend,234
2026-09-01,P04,paid,156
2026-09-01,P04,external,94
2026-09-01,P04,campaign,0
2026-09-02,P04,search,445
2026-09-02,P04,recommend,351
2026-09-02,P04,paid,234
2026-09-02,P04,external,140
2026-09-02,P04,campaign,0
2026-09-03,P04,search,642
2026-09-03,P04,recommend,507
2026-09-03,P04,paid,338
2026-09-03,P04,external,203
2026-09-03,P04,campaign,0
2026-09-04,P04,search,395
2026-09-04,P04,recommend,312
2026-09-04,P04,paid,208
2026-09-04,P04,external,125
2026-09-04,P04,campaign,0
2026-09-05,P04,search,652
2026-09-05,P04,recommend,515
2026-09-05,P04,paid,343
2026-09-05,P04,external,206
2026-09-05,P04,campaign,0
2026-09-06,P04,search,761
2026-09-06,P04,recommend,601
2026-09-06,P04,paid,400
2026-09-06,P04,external,240
2026-09-06,P04,campaign,0
2026-09-07,P04,search,667
2026-09-07,P04,recommend,526
2026-09-07,P04,paid,351
2026-09-07,P04,external,211
2026-09-07,P04,campaign,0
2026-09-08,P04,search,346
2026-09-08,P04,recommend,273
2026-09-08,P04,paid,182
2026-09-08,P04,external,109
2026-09-08,P04,campaign,0
2026-09-09,P04,search,593
2026-09-09,P04,recommend,468
2026-09-09,P04,paid,312
2026-09-09,P04,external,187
2026-09-09,P04,campaign,0
2026-09-10,P04,search,692
2026-09-10,P04,recommend,546
2026-09-10,P04,paid,364
2026-09-10,P04,external,218
2026-09-10,P04,campaign,0
2026-09-11,P04,search,371
2026-09-11,P04,recommend,292
2026-09-11,P04,paid,195
2026-09-11,P04,external,117
2026-09-11,P04,campaign,0
2026-09-12,P04,search,706
2026-09-12,P04,recommend,558
2026-09-12,P04,paid,372
2026-09-12,P04,external,223
2026-09-12,P04,campaign,0
2026-09-13,P04,search,598
2026-09-13,P04,recommend,472
2026-09-13,P04,paid,314
2026-09-13,P04,external,189
2026-09-13,P04,campaign,0
2026-09-14,P04,search,395
2026-09-14,P04,recommend,312
2026-09-14,P04,paid,208
2026-09-14,P04,external,125
2026-09-14,P04,campaign,0
2026-09-15,P04,search,593
2026-09-15,P04,recommend,468
2026-09-15,P04,paid,312
2026-09-15,P04,external,187
2026-09-15,P04,campaign,0
2026-09-16,P04,search,321
2026-09-16,P04,recommend,254
2026-09-16,P04,paid,169
2026-09-16,P04,external,101
2026-09-16,P04,campaign,0
2026-09-17,P04,search,543
2026-09-17,P04,recommend,429
2026-09-17,P04,paid,286
2026-09-17,P04,external,172
2026-09-17,P04,campaign,0
2026-09-18,P04,search,445
2026-09-18,P04,recommend,351
2026-09-18,P04,paid,234
2026-09-18,P04,external,140
2026-09-18,P04,campaign,0
2026-09-19,P04,search,679
2026-09-19,P04,recommend,536
2026-09-19,P04,paid,358
2026-09-19,P04,external,215
2026-09-19,P04,campaign,0
2026-09-20,P04,search,381
2026-09-20,P04,recommend,300
2026-09-20,P04,paid,200
2026-09-20,P04,external,120
2026-09-20,P04,campaign,0
2026-07-23,P05,search,4495
2026-07-23,P05,recommend,3509
2026-07-23,P05,paid,2327
2026-07-23,P05,external,1444
2026-07-23,P05,campaign,0
2026-07-24,P05,search,4515
2026-07-24,P05,recommend,3719
2026-07-24,P05,paid,2639
2026-07-24,P05,external,1476
2026-07-24,P05,campaign,0
2026-07-25,P05,search,5108
2026-07-25,P05,recommend,3766
2026-07-25,P05,paid,2954
2026-07-25,P05,external,1495
2026-07-25,P05,campaign,0
2026-07-26,P05,search,4873
2026-07-26,P05,recommend,3790
2026-07-26,P05,paid,2529
2026-07-26,P05,external,1643
2026-07-26,P05,campaign,0
2026-07-27,P05,search,4280
2026-07-27,P05,recommend,3575
2026-07-27,P05,paid,2123
2026-07-27,P05,external,1352
2026-07-27,P05,campaign,0
2026-07-28,P05,search,4603
2026-07-28,P05,recommend,3955
2026-07-28,P05,paid,2376
2026-07-28,P05,external,1390
2026-07-28,P05,campaign,0
2026-07-29,P05,search,4502
2026-07-29,P05,recommend,3886
2026-07-29,P05,paid,2819
2026-07-29,P05,external,1507
2026-07-29,P05,campaign,0
2026-07-30,P05,search,4512
2026-07-30,P05,recommend,3616
2026-07-30,P05,paid,2608
2026-07-30,P05,external,1584
2026-07-30,P05,campaign,0
2026-07-31,P05,search,4301
2026-07-31,P05,recommend,3894
2026-07-31,P05,paid,2116
2026-07-31,P05,external,1351
2026-07-31,P05,campaign,0
2026-08-01,P05,search,4097
2026-08-01,P05,recommend,3982
2026-08-01,P05,paid,2109
2026-08-01,P05,external,1723
2026-08-01,P05,campaign,0
2026-08-02,P05,search,4568
2026-08-02,P05,recommend,3784
2026-08-02,P05,paid,2498
2026-08-02,P05,external,1657
2026-08-02,P05,campaign,0
2026-08-03,P05,search,4572
2026-08-03,P05,recommend,4408
2026-08-03,P05,paid,2610
2026-08-03,P05,external,1427
2026-08-03,P05,campaign,0
2026-08-04,P05,search,4581
2026-08-04,P05,recommend,4133
2026-08-04,P05,paid,2328
2026-08-04,P05,external,1486
2026-08-04,P05,campaign,0
2026-08-05,P05,search,5067
2026-08-05,P05,recommend,3730
2026-08-05,P05,paid,2141
2026-08-05,P05,external,1433
2026-08-05,P05,campaign,0
2026-08-06,P05,search,5122
2026-08-06,P05,recommend,3441
2026-08-06,P05,paid,2232
2026-08-06,P05,external,1452
2026-08-06,P05,campaign,0
2026-08-07,P05,search,4636
2026-08-07,P05,recommend,3224
2026-08-07,P05,paid,2306
2026-08-07,P05,external,1441
2026-08-07,P05,campaign,0
2026-08-08,P05,search,12375
2026-08-08,P05,recommend,9942
2026-08-08,P05,paid,6428
2026-08-08,P05,external,4102
2026-08-08,P05,campaign,0
2026-08-09,P05,search,4807
2026-08-09,P05,recommend,4672
2026-08-09,P05,paid,2674
2026-08-09,P05,external,1689
2026-08-09,P05,campaign,0
2026-08-10,P05,search,4839
2026-08-10,P05,recommend,3501
2026-08-10,P05,paid,2574
2026-08-10,P05,external,1531
2026-08-10,P05,campaign,0
2026-08-11,P05,search,4699
2026-08-11,P05,recommend,3578
2026-08-11,P05,paid,2412
2026-08-11,P05,external,1477
2026-08-11,P05,campaign,0
2026-08-12,P05,search,4370
2026-08-12,P05,recommend,3780
2026-08-12,P05,paid,2337
2026-08-12,P05,external,1482
2026-08-12,P05,campaign,0
2026-08-13,P05,search,4484
2026-08-13,P05,recommend,3778
2026-08-13,P05,paid,2493
2026-08-13,P05,external,1336
2026-08-13,P05,campaign,0
2026-08-14,P05,search,4933
2026-08-14,P05,recommend,3479
2026-08-14,P05,paid,2554
2026-08-14,P05,external,1524
2026-08-14,P05,campaign,0
2026-08-15,P05,search,4518
2026-08-15,P05,recommend,3604
2026-08-15,P05,paid,2362
2026-08-15,P05,external,1495
2026-08-15,P05,campaign,0
2026-08-16,P05,search,4549
2026-08-16,P05,recommend,3743
2026-08-16,P05,paid,2608
2026-08-16,P05,external,1582
2026-08-16,P05,campaign,0
2026-08-17,P05,search,4196
2026-08-17,P05,recommend,3864
2026-08-17,P05,paid,2361
2026-08-17,P05,external,1451
2026-08-17,P05,campaign,0
2026-08-18,P05,search,4379
2026-08-18,P05,recommend,3617
2026-08-18,P05,paid,2135
2026-08-18,P05,external,1480
2026-08-18,P05,campaign,0
2026-08-19,P05,search,4654
2026-08-19,P05,recommend,3594
2026-08-19,P05,paid,2489
2026-08-19,P05,external,1395
2026-08-19,P05,campaign,0
2026-08-20,P05,search,4524
2026-08-20,P05,recommend,4065
2026-08-20,P05,paid,2527
2026-08-20,P05,external,1419
2026-08-20,P05,campaign,0
2026-08-21,P05,search,4234
2026-08-21,P05,recommend,3295
2026-08-21,P05,paid,2361
2026-08-21,P05,external,1280
2026-08-21,P05,campaign,0
2026-08-22,P05,search,5446
2026-08-22,P05,recommend,4238
2026-08-22,P05,paid,3136
2026-08-22,P05,external,1636
2026-08-22,P05,campaign,0
2026-08-23,P05,search,4925
2026-08-23,P05,recommend,4110
2026-08-23,P05,paid,2803
2026-08-23,P05,external,1617
2026-08-23,P05,campaign,0
2026-08-24,P05,search,4699
2026-08-24,P05,recommend,3704
2026-08-24,P05,paid,2522
2026-08-24,P05,external,1617
2026-08-24,P05,campaign,0
2026-08-25,P05,search,4162
2026-08-25,P05,recommend,3394
2026-08-25,P05,paid,2061
2026-08-25,P05,external,1172
2026-08-25,P05,campaign,0
2026-08-26,P05,search,4684
2026-08-26,P05,recommend,3442
2026-08-26,P05,paid,2253
2026-08-26,P05,external,1529
2026-08-26,P05,campaign,0
2026-08-27,P05,search,5478
2026-08-27,P05,recommend,3835
2026-08-27,P05,paid,2574
2026-08-27,P05,external,1635
2026-08-27,P05,campaign,0
2026-08-28,P05,search,3850
2026-08-28,P05,recommend,2870
2026-08-28,P05,paid,2215
2026-08-28,P05,external,1415
2026-08-28,P05,campaign,0
2026-08-29,P05,search,4959
2026-08-29,P05,recommend,3866
2026-08-29,P05,paid,2802
2026-08-29,P05,external,1640
2026-08-29,P05,campaign,0
2026-08-30,P05,search,5277
2026-08-30,P05,recommend,4152
2026-08-30,P05,paid,2848
2026-08-30,P05,external,1701
2026-08-30,P05,campaign,0
2026-08-31,P05,search,4640
2026-08-31,P05,recommend,3590
2026-08-31,P05,paid,2422
2026-08-31,P05,external,1382
2026-08-31,P05,campaign,0
2026-09-01,P05,search,4523
2026-09-01,P05,recommend,3555
2026-09-01,P05,paid,2318
2026-09-01,P05,external,1403
2026-09-01,P05,campaign,0
2026-09-02,P05,search,4912
2026-09-02,P05,recommend,3487
2026-09-02,P05,paid,2266
2026-09-02,P05,external,1439
2026-09-02,P05,campaign,0
2026-09-03,P05,search,4058
2026-09-03,P05,recommend,3485
2026-09-03,P05,paid,2002
2026-09-03,P05,external,1309
2026-09-03,P05,campaign,0
2026-09-04,P05,search,4878
2026-09-04,P05,recommend,3713
2026-09-04,P05,paid,2408
2026-09-04,P05,external,1449
2026-09-04,P05,campaign,0
2026-09-05,P05,search,5281
2026-09-05,P05,recommend,4281
2026-09-05,P05,paid,3136
2026-09-05,P05,external,1478
2026-09-05,P05,campaign,0
2026-09-06,P05,search,4864
2026-09-06,P05,recommend,4165
2026-09-06,P05,paid,2246
2026-09-06,P05,external,1708
2026-09-06,P05,campaign,0
2026-09-07,P05,search,4270
2026-09-07,P05,recommend,3308
2026-09-07,P05,paid,2510
2026-09-07,P05,external,1422
2026-09-07,P05,campaign,0
2026-09-08,P05,search,4731
2026-09-08,P05,recommend,3255
2026-09-08,P05,paid,2104
2026-09-08,P05,external,1483
2026-09-08,P05,campaign,0
2026-09-09,P05,search,4614
2026-09-09,P05,recommend,4218
2026-09-09,P05,paid,2580
2026-09-09,P05,external,1485
2026-09-09,P05,campaign,0
2026-09-10,P05,search,4757
2026-09-10,P05,recommend,3813
2026-09-10,P05,paid,2477
2026-09-10,P05,external,1573
2026-09-10,P05,campaign,0
2026-09-11,P05,search,4426
2026-09-11,P05,recommend,3747
2026-09-11,P05,paid,2331
2026-09-11,P05,external,1545
2026-09-11,P05,campaign,0
2026-09-12,P05,search,4746
2026-09-12,P05,recommend,3919
2026-09-12,P05,paid,2797
2026-09-12,P05,external,1523
2026-09-12,P05,campaign,0
2026-09-13,P05,search,4731
2026-09-13,P05,recommend,4187
2026-09-13,P05,paid,2360
2026-09-13,P05,external,1588
2026-09-13,P05,campaign,0
2026-09-14,P05,search,4533
2026-09-14,P05,recommend,3865
2026-09-14,P05,paid,2615
2026-09-14,P05,external,1788
2026-09-14,P05,campaign,0
2026-09-15,P05,search,4486
2026-09-15,P05,recommend,3218
2026-09-15,P05,paid,2150
2026-09-15,P05,external,1353
2026-09-15,P05,campaign,0
2026-09-16,P05,search,4641
2026-09-16,P05,recommend,3704
2026-09-16,P05,paid,2508
2026-09-16,P05,external,1251
2026-09-16,P05,campaign,0
2026-09-17,P05,search,4694
2026-09-17,P05,recommend,3725
2026-09-17,P05,paid,2544
2026-09-17,P05,external,1526
2026-09-17,P05,campaign,0
2026-09-18,P05,search,4570
2026-09-18,P05,recommend,3480
2026-09-18,P05,paid,2410
2026-09-18,P05,external,1528
2026-09-18,P05,campaign,0
2026-09-19,P05,search,4846
2026-09-19,P05,recommend,4050
2026-09-19,P05,paid,2735
2026-09-19,P05,external,1647
2026-09-19,P05,campaign,0
2026-09-20,P05,search,5526
2026-09-20,P05,recommend,4284
2026-09-20,P05,paid,3283
2026-09-20,P05,external,1782
2026-09-20,P05,campaign,0
2026-07-23,P06,search,1433
2026-07-23,P06,recommend,1034
2026-07-23,P06,paid,701
2026-07-23,P06,external,419
2026-07-23,P06,campaign,0
2026-07-24,P06,search,1425
2026-07-24,P06,recommend,1093
2026-07-24,P06,paid,621
2026-07-24,P06,external,412
2026-07-24,P06,campaign,0
2026-07-25,P06,search,1409
2026-07-25,P06,recommend,1238
2026-07-25,P06,paid,796
2026-07-25,P06,external,468
2026-07-25,P06,campaign,0
2026-07-26,P06,search,1432
2026-07-26,P06,recommend,1135
2026-07-26,P06,paid,805
2026-07-26,P06,external,463
2026-07-26,P06,campaign,0
2026-07-27,P06,search,1312
2026-07-27,P06,recommend,1123
2026-07-27,P06,paid,715
2026-07-27,P06,external,397
2026-07-27,P06,campaign,0
2026-07-28,P06,search,1317
2026-07-28,P06,recommend,1241
2026-07-28,P06,paid,743
2026-07-28,P06,external,447
2026-07-28,P06,campaign,0
2026-07-29,P06,search,1347
2026-07-29,P06,recommend,1074
2026-07-29,P06,paid,746
2026-07-29,P06,external,409
2026-07-29,P06,campaign,0
2026-07-30,P06,search,1505
2026-07-30,P06,recommend,1167
2026-07-30,P06,paid,887
2026-07-30,P06,external,531
2026-07-30,P06,campaign,0
2026-07-31,P06,search,1296
2026-07-31,P06,recommend,1068
2026-07-31,P06,paid,718
2026-07-31,P06,external,447
2026-07-31,P06,campaign,0
2026-08-01,P06,search,1344
2026-08-01,P06,recommend,973
2026-08-01,P06,paid,684
2026-08-01,P06,external,414
2026-08-01,P06,campaign,0
2026-08-02,P06,search,1384
2026-08-02,P06,recommend,1064
2026-08-02,P06,paid,794
2026-08-02,P06,external,458
2026-08-02,P06,campaign,0
2026-08-03,P06,search,1359
2026-08-03,P06,recommend,973
2026-08-03,P06,paid,739
2026-08-03,P06,external,419
2026-08-03,P06,campaign,0
2026-08-04,P06,search,1268
2026-08-04,P06,recommend,1110
2026-08-04,P06,paid,656
2026-08-04,P06,external,405
2026-08-04,P06,campaign,0
2026-08-05,P06,search,1240
2026-08-05,P06,recommend,1098
2026-08-05,P06,paid,650
2026-08-05,P06,external,419
2026-08-05,P06,campaign,0
2026-08-06,P06,search,1315
2026-08-06,P06,recommend,961
2026-08-06,P06,paid,663
2026-08-06,P06,external,484
2026-08-06,P06,campaign,0
2026-08-07,P06,search,1329
2026-08-07,P06,recommend,1034
2026-08-07,P06,paid,710
2026-08-07,P06,external,370
2026-08-07,P06,campaign,0
2026-08-08,P06,search,3349
2026-08-08,P06,recommend,2644
2026-08-08,P06,paid,1869
2026-08-08,P06,external,1122
2026-08-08,P06,campaign,0
2026-08-09,P06,search,1556
2026-08-09,P06,recommend,1148
2026-08-09,P06,paid,827
2026-08-09,P06,external,470
2026-08-09,P06,campaign,0
2026-08-10,P06,search,1230
2026-08-10,P06,recommend,1115
2026-08-10,P06,paid,656
2026-08-10,P06,external,395
2026-08-10,P06,campaign,0
2026-08-11,P06,search,1313
2026-08-11,P06,recommend,1027
2026-08-11,P06,paid,642
2026-08-11,P06,external,438
2026-08-11,P06,campaign,0
2026-08-12,P06,search,1334
2026-08-12,P06,recommend,1031
2026-08-12,P06,paid,797
2026-08-12,P06,external,471
2026-08-12,P06,campaign,0
2026-08-13,P06,search,1226
2026-08-13,P06,recommend,878
2026-08-13,P06,paid,630
2026-08-13,P06,external,382
2026-08-13,P06,campaign,0
2026-08-14,P06,search,1129
2026-08-14,P06,recommend,1084
2026-08-14,P06,paid,701
2026-08-14,P06,external,406
2026-08-14,P06,campaign,0
2026-08-15,P06,search,1499
2026-08-15,P06,recommend,1169
2026-08-15,P06,paid,760
2026-08-15,P06,external,429
2026-08-15,P06,campaign,0
2026-08-16,P06,search,1496
2026-08-16,P06,recommend,1179
2026-08-16,P06,paid,737
2026-08-16,P06,external,527
2026-08-16,P06,campaign,0
2026-08-17,P06,search,1388
2026-08-17,P06,recommend,973
2026-08-17,P06,paid,726
2026-08-17,P06,external,420
2026-08-17,P06,campaign,0
2026-08-18,P06,search,1363
2026-08-18,P06,recommend,1001
2026-08-18,P06,paid,671
2026-08-18,P06,external,407
2026-08-18,P06,campaign,0
2026-08-19,P06,search,1379
2026-08-19,P06,recommend,1080
2026-08-19,P06,paid,751
2026-08-19,P06,external,397
2026-08-19,P06,campaign,0
2026-08-20,P06,search,1387
2026-08-20,P06,recommend,893
2026-08-20,P06,paid,722
2026-08-20,P06,external,457
2026-08-20,P06,campaign,0
2026-08-21,P06,search,1314
2026-08-21,P06,recommend,986
2026-08-21,P06,paid,680
2026-08-21,P06,external,388
2026-08-21,P06,campaign,0
2026-08-22,P06,search,1550
2026-08-22,P06,recommend,1092
2026-08-22,P06,paid,853
2026-08-22,P06,external,514
2026-08-22,P06,campaign,0
2026-08-23,P06,search,1489
2026-08-23,P06,recommend,1230
2026-08-23,P06,paid,751
2026-08-23,P06,external,440
2026-08-23,P06,campaign,0
2026-08-24,P06,search,1303
2026-08-24,P06,recommend,980
2026-08-24,P06,paid,736
2026-08-24,P06,external,432
2026-08-24,P06,campaign,0
2026-08-25,P06,search,1210
2026-08-25,P06,recommend,1041
2026-08-25,P06,paid,728
2026-08-25,P06,external,347
2026-08-25,P06,campaign,0
2026-08-26,P06,search,1382
2026-08-26,P06,recommend,1061
2026-08-26,P06,paid,711
2026-08-26,P06,external,404
2026-08-26,P06,campaign,0
2026-08-27,P06,search,1442
2026-08-27,P06,recommend,969
2026-08-27,P06,paid,777
2026-08-27,P06,external,430
2026-08-27,P06,campaign,0
2026-08-28,P06,search,1278
2026-08-28,P06,recommend,934
2026-08-28,P06,paid,755
2026-08-28,P06,external,377
2026-08-28,P06,campaign,0
2026-08-29,P06,search,1519
2026-08-29,P06,recommend,1059
2026-08-29,P06,paid,707
2026-08-29,P06,external,426
2026-08-29,P06,campaign,0
2026-08-30,P06,search,1731
2026-08-30,P06,recommend,1268
2026-08-30,P06,paid,884
2026-08-30,P06,external,537
2026-08-30,P06,campaign,0
2026-08-31,P06,search,1191
2026-08-31,P06,recommend,1042
2026-08-31,P06,paid,769
2026-08-31,P06,external,437
2026-08-31,P06,campaign,0
2026-09-01,P06,search,1178
2026-09-01,P06,recommend,1066
2026-09-01,P06,paid,695
2026-09-01,P06,external,457
2026-09-01,P06,campaign,0
2026-09-02,P06,search,1498
2026-09-02,P06,recommend,1017
2026-09-02,P06,paid,726
2026-09-02,P06,external,448
2026-09-02,P06,campaign,0
2026-09-03,P06,search,1304
2026-09-03,P06,recommend,1028
2026-09-03,P06,paid,762
2026-09-03,P06,external,416
2026-09-03,P06,campaign,0
2026-09-04,P06,search,1318
2026-09-04,P06,recommend,1061
2026-09-04,P06,paid,698
2026-09-04,P06,external,468
2026-09-04,P06,campaign,0
2026-09-05,P06,search,1446
2026-09-05,P06,recommend,1200
2026-09-05,P06,paid,867
2026-09-05,P06,external,490
2026-09-05,P06,campaign,0
2026-09-06,P06,search,1350
2026-09-06,P06,recommend,1062
2026-09-06,P06,paid,739
2026-09-06,P06,external,422
2026-09-06,P06,campaign,0
2026-09-07,P06,search,1527
2026-09-07,P06,recommend,1174
2026-09-07,P06,paid,822
2026-09-07,P06,external,424
2026-09-07,P06,campaign,0
2026-09-08,P06,search,1262
2026-09-08,P06,recommend,1045
2026-09-08,P06,paid,662
2026-09-08,P06,external,447
2026-09-08,P06,campaign,0
2026-09-09,P06,search,1413
2026-09-09,P06,recommend,1025
2026-09-09,P06,paid,737
2026-09-09,P06,external,454
2026-09-09,P06,campaign,0
2026-09-10,P06,search,1302
2026-09-10,P06,recommend,1090
2026-09-10,P06,paid,725
2026-09-10,P06,external,411
2026-09-10,P06,campaign,0
2026-09-11,P06,search,1308
2026-09-11,P06,recommend,1076
2026-09-11,P06,paid,699
2026-09-11,P06,external,423
2026-09-11,P06,campaign,0
2026-09-12,P06,search,1474
2026-09-12,P06,recommend,1060
2026-09-12,P06,paid,721
2026-09-12,P06,external,425
2026-09-12,P06,campaign,0
2026-09-13,P06,search,1516
2026-09-13,P06,recommend,1228
2026-09-13,P06,paid,721
2026-09-13,P06,external,493
2026-09-13,P06,campaign,0
2026-09-14,P06,search,1226
2026-09-14,P06,recommend,956
2026-09-14,P06,paid,650
2026-09-14,P06,external,387
2026-09-14,P06,campaign,0
2026-09-15,P06,search,1177
2026-09-15,P06,recommend,1044
2026-09-15,P06,paid,631
2026-09-15,P06,external,386
2026-09-15,P06,campaign,0
2026-09-16,P06,search,1367
2026-09-16,P06,recommend,1056
2026-09-16,P06,paid,712
2026-09-16,P06,external,407
2026-09-16,P06,campaign,0
2026-09-17,P06,search,1357
2026-09-17,P06,recommend,979
2026-09-17,P06,paid,681
2026-09-17,P06,external,404
2026-09-17,P06,campaign,0
2026-09-18,P06,search,1599
2026-09-18,P06,recommend,1175
2026-09-18,P06,paid,767
2026-09-18,P06,external,3328
2026-09-18,P06,campaign,0
2026-09-19,P06,search,1547
2026-09-19,P06,recommend,1076
2026-09-19,P06,paid,769
2026-09-19,P06,external,3348
2026-09-19,P06,campaign,0
2026-09-20,P06,search,1433
2026-09-20,P06,recommend,1114
2026-09-20,P06,paid,778
2026-09-20,P06,external,3336
2026-09-20,P06,campaign,0
2026-07-23,P07,search,3314
2026-07-23,P07,recommend,2189
2026-07-23,P07,paid,1547
2026-07-23,P07,external,1051
2026-07-23,P07,campaign,0
2026-07-24,P07,search,3010
2026-07-24,P07,recommend,2320
2026-07-24,P07,paid,1501
2026-07-24,P07,external,883
2026-07-24,P07,campaign,0
2026-07-25,P07,search,3542
2026-07-25,P07,recommend,2380
2026-07-25,P07,paid,1822
2026-07-25,P07,external,1025
2026-07-25,P07,campaign,0
2026-07-26,P07,search,3191
2026-07-26,P07,recommend,2710
2026-07-26,P07,paid,1604
2026-07-26,P07,external,988
2026-07-26,P07,campaign,0
2026-07-27,P07,search,3034
2026-07-27,P07,recommend,2493
2026-07-27,P07,paid,1572
2026-07-27,P07,external,993
2026-07-27,P07,campaign,0
2026-07-28,P07,search,3075
2026-07-28,P07,recommend,2427
2026-07-28,P07,paid,1538
2026-07-28,P07,external,912
2026-07-28,P07,campaign,0
2026-07-29,P07,search,2667
2026-07-29,P07,recommend,2594
2026-07-29,P07,paid,1409
2026-07-29,P07,external,880
2026-07-29,P07,campaign,0
2026-07-30,P07,search,2937
2026-07-30,P07,recommend,2313
2026-07-30,P07,paid,1608
2026-07-30,P07,external,910
2026-07-30,P07,campaign,0
2026-07-31,P07,search,2983
2026-07-31,P07,recommend,2484
2026-07-31,P07,paid,1733
2026-07-31,P07,external,951
2026-07-31,P07,campaign,0
2026-08-01,P07,search,3171
2026-08-01,P07,recommend,2433
2026-08-01,P07,paid,1545
2026-08-01,P07,external,1052
2026-08-01,P07,campaign,0
2026-08-02,P07,search,3241
2026-08-02,P07,recommend,2582
2026-08-02,P07,paid,1766
2026-08-02,P07,external,1116
2026-08-02,P07,campaign,0
2026-08-03,P07,search,3246
2026-08-03,P07,recommend,2247
2026-08-03,P07,paid,1699
2026-08-03,P07,external,927
2026-08-03,P07,campaign,0
2026-08-04,P07,search,2880
2026-08-04,P07,recommend,2107
2026-08-04,P07,paid,1757
2026-08-04,P07,external,995
2026-08-04,P07,campaign,0
2026-08-05,P07,search,3130
2026-08-05,P07,recommend,2284
2026-08-05,P07,paid,1563
2026-08-05,P07,external,1041
2026-08-05,P07,campaign,0
2026-08-06,P07,search,2915
2026-08-06,P07,recommend,2474
2026-08-06,P07,paid,1490
2026-08-06,P07,external,935
2026-08-06,P07,campaign,0
2026-08-07,P07,search,3150
2026-08-07,P07,recommend,2568
2026-08-07,P07,paid,1770
2026-08-07,P07,external,964
2026-08-07,P07,campaign,0
2026-08-08,P07,search,7296
2026-08-08,P07,recommend,6078
2026-08-08,P07,paid,3923
2026-08-08,P07,external,2184
2026-08-08,P07,campaign,0
2026-08-09,P07,search,3323
2026-08-09,P07,recommend,2765
2026-08-09,P07,paid,1448
2026-08-09,P07,external,982
2026-08-09,P07,campaign,0
2026-08-10,P07,search,3079
2026-08-10,P07,recommend,2255
2026-08-10,P07,paid,1464
2026-08-10,P07,external,974
2026-08-10,P07,campaign,0
2026-08-11,P07,search,2874
2026-08-11,P07,recommend,2150
2026-08-11,P07,paid,1507
2026-08-11,P07,external,854
2026-08-11,P07,campaign,0
2026-08-12,P07,search,3145
2026-08-12,P07,recommend,2509
2026-08-12,P07,paid,1608
2026-08-12,P07,external,1085
2026-08-12,P07,campaign,0
2026-08-13,P07,search,2875
2026-08-13,P07,recommend,2283
2026-08-13,P07,paid,1488
2026-08-13,P07,external,997
2026-08-13,P07,campaign,0
2026-08-14,P07,search,2842
2026-08-14,P07,recommend,2266
2026-08-14,P07,paid,1498
2026-08-14,P07,external,939
2026-08-14,P07,campaign,0
2026-08-15,P07,search,3292
2026-08-15,P07,recommend,2751
2026-08-15,P07,paid,2026
2026-08-15,P07,external,1027
2026-08-15,P07,campaign,0
2026-08-16,P07,search,3359
2026-08-16,P07,recommend,2812
2026-08-16,P07,paid,1880
2026-08-16,P07,external,1040
2026-08-16,P07,campaign,0
2026-08-17,P07,search,3366
2026-08-17,P07,recommend,2671
2026-08-17,P07,paid,1767
2026-08-17,P07,external,951
2026-08-17,P07,campaign,0
2026-08-18,P07,search,2967
2026-08-18,P07,recommend,2259
2026-08-18,P07,paid,1637
2026-08-18,P07,external,963
2026-08-18,P07,campaign,0
2026-08-19,P07,search,2729
2026-08-19,P07,recommend,2045
2026-08-19,P07,paid,1442
2026-08-19,P07,external,851
2026-08-19,P07,campaign,0
2026-08-20,P07,search,3278
2026-08-20,P07,recommend,2602
2026-08-20,P07,paid,1524
2026-08-20,P07,external,1018
2026-08-20,P07,campaign,0
2026-08-21,P07,search,2942
2026-08-21,P07,recommend,2083
2026-08-21,P07,paid,1548
2026-08-21,P07,external,827
2026-08-21,P07,campaign,0
2026-08-22,P07,search,3465
2026-08-22,P07,recommend,2399
2026-08-22,P07,paid,1728
2026-08-22,P07,external,934
2026-08-22,P07,campaign,0
2026-08-23,P07,search,3506
2026-08-23,P07,recommend,2382
2026-08-23,P07,paid,1682
2026-08-23,P07,external,1048
2026-08-23,P07,campaign,0
2026-08-24,P07,search,3429
2026-08-24,P07,recommend,2642
2026-08-24,P07,paid,1628
2026-08-24,P07,external,968
2026-08-24,P07,campaign,0
2026-08-25,P07,search,2812
2026-08-25,P07,recommend,2332
2026-08-25,P07,paid,1432
2026-08-25,P07,external,813
2026-08-25,P07,campaign,0
2026-08-26,P07,search,2942
2026-08-26,P07,recommend,2258
2026-08-26,P07,paid,1641
2026-08-26,P07,external,974
2026-08-26,P07,campaign,0
2026-08-27,P07,search,3217
2026-08-27,P07,recommend,2278
2026-08-27,P07,paid,1790
2026-08-27,P07,external,877
2026-08-27,P07,campaign,0
2026-08-28,P07,search,3162
2026-08-28,P07,recommend,2130
2026-08-28,P07,paid,1488
2026-08-28,P07,external,916
2026-08-28,P07,campaign,0
2026-08-29,P07,search,3114
2026-08-29,P07,recommend,2426
2026-08-29,P07,paid,1864
2026-08-29,P07,external,979
2026-08-29,P07,campaign,0
2026-08-30,P07,search,3189
2026-08-30,P07,recommend,2857
2026-08-30,P07,paid,1930
2026-08-30,P07,external,1189
2026-08-30,P07,campaign,0
2026-08-31,P07,search,3108
2026-08-31,P07,recommend,2262
2026-08-31,P07,paid,1505
2026-08-31,P07,external,880
2026-08-31,P07,campaign,0
2026-09-01,P07,search,2868
2026-09-01,P07,recommend,2664
2026-09-01,P07,paid,1702
2026-09-01,P07,external,922
2026-09-01,P07,campaign,0
2026-09-02,P07,search,3147
2026-09-02,P07,recommend,2579
2026-09-02,P07,paid,1684
2026-09-02,P07,external,959
2026-09-02,P07,campaign,0
2026-09-03,P07,search,3047
2026-09-03,P07,recommend,2307
2026-09-03,P07,paid,1621
2026-09-03,P07,external,820
2026-09-03,P07,campaign,0
2026-09-04,P07,search,2900
2026-09-04,P07,recommend,2276
2026-09-04,P07,paid,1763
2026-09-04,P07,external,954
2026-09-04,P07,campaign,0
2026-09-05,P07,search,3268
2026-09-05,P07,recommend,2756
2026-09-05,P07,paid,1867
2026-09-05,P07,external,1063
2026-09-05,P07,campaign,0
2026-09-06,P07,search,3361
2026-09-06,P07,recommend,2599
2026-09-06,P07,paid,1673
2026-09-06,P07,external,1144
2026-09-06,P07,campaign,0
2026-09-07,P07,search,3164
2026-09-07,P07,recommend,2675
2026-09-07,P07,paid,1636
2026-09-07,P07,external,1061
2026-09-07,P07,campaign,0
2026-09-08,P07,search,2682
2026-09-08,P07,recommend,2485
2026-09-08,P07,paid,1485
2026-09-08,P07,external,1052
2026-09-08,P07,campaign,0
2026-09-09,P07,search,3213
2026-09-09,P07,recommend,2752
2026-09-09,P07,paid,1483
2026-09-09,P07,external,937
2026-09-09,P07,campaign,0
2026-09-10,P07,search,3156
2026-09-10,P07,recommend,2225
2026-09-10,P07,paid,1458
2026-09-10,P07,external,904
2026-09-10,P07,campaign,0
2026-09-11,P07,search,2988
2026-09-11,P07,recommend,2609
2026-09-11,P07,paid,1577
2026-09-11,P07,external,940
2026-09-11,P07,campaign,0
2026-09-12,P07,search,3848
2026-09-12,P07,recommend,2763
2026-09-12,P07,paid,1764
2026-09-12,P07,external,1148
2026-09-12,P07,campaign,0
2026-09-13,P07,search,3394
2026-09-13,P07,recommend,2318
2026-09-13,P07,paid,1712
2026-09-13,P07,external,1025
2026-09-13,P07,campaign,0
2026-09-14,P07,search,3289
2026-09-14,P07,recommend,2457
2026-09-14,P07,paid,1659
2026-09-14,P07,external,923
2026-09-14,P07,campaign,0
2026-09-15,P07,search,3041
2026-09-15,P07,recommend,2248
2026-09-15,P07,paid,1679
2026-09-15,P07,external,972
2026-09-15,P07,campaign,0
2026-09-16,P07,search,3156
2026-09-16,P07,recommend,2285
2026-09-16,P07,paid,1626
2026-09-16,P07,external,1003
2026-09-16,P07,campaign,0
2026-09-17,P07,search,3409
2026-09-17,P07,recommend,2242
2026-09-17,P07,paid,1576
2026-09-17,P07,external,891
2026-09-17,P07,campaign,0
2026-09-18,P07,search,3539
2026-09-18,P07,recommend,2513
2026-09-18,P07,paid,1695
2026-09-18,P07,external,990
2026-09-18,P07,campaign,0
2026-09-19,P07,search,3053
2026-09-19,P07,recommend,2534
2026-09-19,P07,paid,1658
2026-09-19,P07,external,975
2026-09-19,P07,campaign,0
2026-09-20,P07,search,3557
2026-09-20,P07,recommend,2498
2026-09-20,P07,paid,1759
2026-09-20,P07,external,1070
2026-09-20,P07,campaign,0
2026-07-23,P08,search,629
2026-07-23,P08,recommend,491
2026-07-23,P08,paid,301
2026-07-23,P08,external,175
2026-07-23,P08,campaign,0
2026-07-24,P08,search,710
2026-07-24,P08,recommend,535
2026-07-24,P08,paid,357
2026-07-24,P08,external,222
2026-07-24,P08,campaign,0
2026-07-25,P08,search,738
2026-07-25,P08,recommend,596
2026-07-25,P08,paid,396
2026-07-25,P08,external,233
2026-07-25,P08,campaign,0
2026-07-26,P08,search,682
2026-07-26,P08,recommend,619
2026-07-26,P08,paid,364
2026-07-26,P08,external,221
2026-07-26,P08,campaign,0
2026-07-27,P08,search,651
2026-07-27,P08,recommend,436
2026-07-27,P08,paid,335
2026-07-27,P08,external,166
2026-07-27,P08,campaign,0
2026-07-28,P08,search,607
2026-07-28,P08,recommend,494
2026-07-28,P08,paid,306
2026-07-28,P08,external,184
2026-07-28,P08,campaign,0
2026-07-29,P08,search,587
2026-07-29,P08,recommend,479
2026-07-29,P08,paid,303
2026-07-29,P08,external,187
2026-07-29,P08,campaign,0
2026-07-30,P08,search,648
2026-07-30,P08,recommend,505
2026-07-30,P08,paid,344
2026-07-30,P08,external,200
2026-07-30,P08,campaign,0
2026-07-31,P08,search,646
2026-07-31,P08,recommend,509
2026-07-31,P08,paid,363
2026-07-31,P08,external,209
2026-07-31,P08,campaign,0
2026-08-01,P08,search,772
2026-08-01,P08,recommend,535
2026-08-01,P08,paid,375
2026-08-01,P08,external,236
2026-08-01,P08,campaign,0
2026-08-02,P08,search,650
2026-08-02,P08,recommend,570
2026-08-02,P08,paid,349
2026-08-02,P08,external,197
2026-08-02,P08,campaign,0
2026-08-03,P08,search,656
2026-08-03,P08,recommend,489
2026-08-03,P08,paid,406
2026-08-03,P08,external,204
2026-08-03,P08,campaign,0
2026-08-04,P08,search,543
2026-08-04,P08,recommend,479
2026-08-04,P08,paid,288
2026-08-04,P08,external,160
2026-08-04,P08,campaign,0
2026-08-05,P08,search,563
2026-08-05,P08,recommend,446
2026-08-05,P08,paid,310
2026-08-05,P08,external,170
2026-08-05,P08,campaign,0
2026-08-06,P08,search,670
2026-08-06,P08,recommend,500
2026-08-06,P08,paid,318
2026-08-06,P08,external,207
2026-08-06,P08,campaign,0
2026-08-07,P08,search,632
2026-08-07,P08,recommend,468
2026-08-07,P08,paid,322
2026-08-07,P08,external,197
2026-08-07,P08,campaign,0
2026-08-08,P08,search,1860
2026-08-08,P08,recommend,1307
2026-08-08,P08,paid,893
2026-08-08,P08,external,508
2026-08-08,P08,campaign,0
2026-08-09,P08,search,700
2026-08-09,P08,recommend,528
2026-08-09,P08,paid,351
2026-08-09,P08,external,217
2026-08-09,P08,campaign,0
2026-08-10,P08,search,605
2026-08-10,P08,recommend,479
2026-08-10,P08,paid,296
2026-08-10,P08,external,187
2026-08-10,P08,campaign,0
2026-08-11,P08,search,656
2026-08-11,P08,recommend,525
2026-08-11,P08,paid,322
2026-08-11,P08,external,190
2026-08-11,P08,campaign,0
2026-08-12,P08,search,654
2026-08-12,P08,recommend,491
2026-08-12,P08,paid,319
2026-08-12,P08,external,195
2026-08-12,P08,campaign,0
2026-08-13,P08,search,593
2026-08-13,P08,recommend,521
2026-08-13,P08,paid,287
2026-08-13,P08,external,202
2026-08-13,P08,campaign,0
2026-08-14,P08,search,654
2026-08-14,P08,recommend,474
2026-08-14,P08,paid,319
2026-08-14,P08,external,187
2026-08-14,P08,campaign,0
2026-08-15,P08,search,692
2026-08-15,P08,recommend,556
2026-08-15,P08,paid,293
2026-08-15,P08,external,218
2026-08-15,P08,campaign,0
2026-08-16,P08,search,696
2026-08-16,P08,recommend,599
2026-08-16,P08,paid,336
2026-08-16,P08,external,217
2026-08-16,P08,campaign,0
2026-08-17,P08,search,616
2026-08-17,P08,recommend,498
2026-08-17,P08,paid,359
2026-08-17,P08,external,203
2026-08-17,P08,campaign,0
2026-08-18,P08,search,635
2026-08-18,P08,recommend,472
2026-08-18,P08,paid,307
2026-08-18,P08,external,174
2026-08-18,P08,campaign,0
2026-08-19,P08,search,570
2026-08-19,P08,recommend,551
2026-08-19,P08,paid,316
2026-08-19,P08,external,182
2026-08-19,P08,campaign,0
2026-08-20,P08,search,553
2026-08-20,P08,recommend,576
2026-08-20,P08,paid,312
2026-08-20,P08,external,211
2026-08-20,P08,campaign,0
2026-08-21,P08,search,686
2026-08-21,P08,recommend,474
2026-08-21,P08,paid,350
2026-08-21,P08,external,218
2026-08-21,P08,campaign,0
2026-08-22,P08,search,597
2026-08-22,P08,recommend,508
2026-08-22,P08,paid,341
2026-08-22,P08,external,182
2026-08-22,P08,campaign,0
2026-08-23,P08,search,698
2026-08-23,P08,recommend,528
2026-08-23,P08,paid,364
2026-08-23,P08,external,225
2026-08-23,P08,campaign,0
2026-08-24,P08,search,609
2026-08-24,P08,recommend,468
2026-08-24,P08,paid,341
2026-08-24,P08,external,188
2026-08-24,P08,campaign,0
2026-08-25,P08,search,586
2026-08-25,P08,recommend,489
2026-08-25,P08,paid,313
2026-08-25,P08,external,192
2026-08-25,P08,campaign,0
2026-08-26,P08,search,605
2026-08-26,P08,recommend,468
2026-08-26,P08,paid,321
2026-08-26,P08,external,160
2026-08-26,P08,campaign,0
2026-08-27,P08,search,592
2026-08-27,P08,recommend,428
2026-08-27,P08,paid,284
2026-08-27,P08,external,160
2026-08-27,P08,campaign,0
2026-08-28,P08,search,628
2026-08-28,P08,recommend,524
2026-08-28,P08,paid,327
2026-08-28,P08,external,196
2026-08-28,P08,campaign,0
2026-08-29,P08,search,655
2026-08-29,P08,recommend,499
2026-08-29,P08,paid,377
2026-08-29,P08,external,185
2026-08-29,P08,campaign,0
2026-08-30,P08,search,676
2026-08-30,P08,recommend,527
2026-08-30,P08,paid,342
2026-08-30,P08,external,214
2026-08-30,P08,campaign,0
2026-08-31,P08,search,597
2026-08-31,P08,recommend,464
2026-08-31,P08,paid,303
2026-08-31,P08,external,200
2026-08-31,P08,campaign,0
2026-09-01,P08,search,570
2026-09-01,P08,recommend,489
2026-09-01,P08,paid,281
2026-09-01,P08,external,176
2026-09-01,P08,campaign,0
2026-09-02,P08,search,607
2026-09-02,P08,recommend,500
2026-09-02,P08,paid,363
2026-09-02,P08,external,198
2026-09-02,P08,campaign,0
2026-09-03,P08,search,613
2026-09-03,P08,recommend,539
2026-09-03,P08,paid,302
2026-09-03,P08,external,205
2026-09-03,P08,campaign,0
2026-09-04,P08,search,599
2026-09-04,P08,recommend,479
2026-09-04,P08,paid,283
2026-09-04,P08,external,188
2026-09-04,P08,campaign,0
2026-09-05,P08,search,613
2026-09-05,P08,recommend,523
2026-09-05,P08,paid,339
2026-09-05,P08,external,181
2026-09-05,P08,campaign,0
2026-09-06,P08,search,774
2026-09-06,P08,recommend,554
2026-09-06,P08,paid,377
2026-09-06,P08,external,229
2026-09-06,P08,campaign,0
2026-09-07,P08,search,743
2026-09-07,P08,recommend,546
2026-09-07,P08,paid,361
2026-09-07,P08,external,200
2026-09-07,P08,campaign,0
2026-09-08,P08,search,619
2026-09-08,P08,recommend,521
2026-09-08,P08,paid,339
2026-09-08,P08,external,202
2026-09-08,P08,campaign,0
2026-09-09,P08,search,607
2026-09-09,P08,recommend,515
2026-09-09,P08,paid,337
2026-09-09,P08,external,174
2026-09-09,P08,campaign,0
2026-09-10,P08,search,641
2026-09-10,P08,recommend,485
2026-09-10,P08,paid,342
2026-09-10,P08,external,182
2026-09-10,P08,campaign,0
2026-09-11,P08,search,623
2026-09-11,P08,recommend,470
2026-09-11,P08,paid,310
2026-09-11,P08,external,183
2026-09-11,P08,campaign,0
2026-09-12,P08,search,694
2026-09-12,P08,recommend,515
2026-09-12,P08,paid,348
2026-09-12,P08,external,221
2026-09-12,P08,campaign,0
2026-09-13,P08,search,636
2026-09-13,P08,recommend,470
2026-09-13,P08,paid,361
2026-09-13,P08,external,200
2026-09-13,P08,campaign,0
2026-09-14,P08,search,614
2026-09-14,P08,recommend,506
2026-09-14,P08,paid,327
2026-09-14,P08,external,212
2026-09-14,P08,campaign,0
2026-09-15,P08,search,603
2026-09-15,P08,recommend,484
2026-09-15,P08,paid,299
2026-09-15,P08,external,191
2026-09-15,P08,campaign,0
2026-09-16,P08,search,571
2026-09-16,P08,recommend,468
2026-09-16,P08,paid,297
2026-09-16,P08,external,177
2026-09-16,P08,campaign,0
2026-09-17,P08,search,644
2026-09-17,P08,recommend,487
2026-09-17,P08,paid,321
2026-09-17,P08,external,208
2026-09-17,P08,campaign,0
2026-09-18,P08,search,608
2026-09-18,P08,recommend,445
2026-09-18,P08,paid,282
2026-09-18,P08,external,182
2026-09-18,P08,campaign,0
2026-09-19,P08,search,708
2026-09-19,P08,recommend,566
2026-09-19,P08,paid,397
2026-09-19,P08,external,226
2026-09-19,P08,campaign,0
2026-09-20,P08,search,705
2026-09-20,P08,recommend,585
2026-09-20,P08,paid,375
2026-09-20,P08,external,182
2026-09-20,P08,campaign,0
2026-07-23,P09,search,181
2026-07-23,P09,recommend,151
2026-07-23,P09,paid,103
2026-07-23,P09,external,52
2026-07-23,P09,campaign,0
2026-07-24,P09,search,185
2026-07-24,P09,recommend,139
2026-07-24,P09,paid,93
2026-07-24,P09,external,63
2026-07-24,P09,campaign,0
2026-07-25,P09,search,214
2026-07-25,P09,recommend,190
2026-07-25,P09,paid,128
2026-07-25,P09,external,79
2026-07-25,P09,campaign,0
2026-07-26,P09,search,197
2026-07-26,P09,recommend,151
2026-07-26,P09,paid,106
2026-07-26,P09,external,56
2026-07-26,P09,campaign,0
2026-07-27,P09,search,179
2026-07-27,P09,recommend,142
2026-07-27,P09,paid,108
2026-07-27,P09,external,57
2026-07-27,P09,campaign,0
2026-07-28,P09,search,195
2026-07-28,P09,recommend,139
2026-07-28,P09,paid,90
2026-07-28,P09,external,57
2026-07-28,P09,campaign,0
2026-07-29,P09,search,200
2026-07-29,P09,recommend,132
2026-07-29,P09,paid,102
2026-07-29,P09,external,66
2026-07-29,P09,campaign,0
2026-07-30,P09,search,182
2026-07-30,P09,recommend,155
2026-07-30,P09,paid,99
2026-07-30,P09,external,59
2026-07-30,P09,campaign,0
2026-07-31,P09,search,180
2026-07-31,P09,recommend,133
2026-07-31,P09,paid,98
2026-07-31,P09,external,59
2026-07-31,P09,campaign,0
2026-08-01,P09,search,196
2026-08-01,P09,recommend,170
2026-08-01,P09,paid,115
2026-08-01,P09,external,75
2026-08-01,P09,campaign,0
2026-08-02,P09,search,205
2026-08-02,P09,recommend,176
2026-08-02,P09,paid,116
2026-08-02,P09,external,69
2026-08-02,P09,campaign,0
2026-08-03,P09,search,202
2026-08-03,P09,recommend,146
2026-08-03,P09,paid,110
2026-08-03,P09,external,65
2026-08-03,P09,campaign,0
2026-08-04,P09,search,183
2026-08-04,P09,recommend,144
2026-08-04,P09,paid,100
2026-08-04,P09,external,58
2026-08-04,P09,campaign,0
2026-08-05,P09,search,197
2026-08-05,P09,recommend,158
2026-08-05,P09,paid,95
2026-08-05,P09,external,61
2026-08-05,P09,campaign,0
2026-08-06,P09,search,179
2026-08-06,P09,recommend,156
2026-08-06,P09,paid,99
2026-08-06,P09,external,59
2026-08-06,P09,campaign,0
2026-08-07,P09,search,185
2026-08-07,P09,recommend,149
2026-08-07,P09,paid,93
2026-08-07,P09,external,63
2026-08-07,P09,campaign,0
2026-08-08,P09,search,527
2026-08-08,P09,recommend,384
2026-08-08,P09,paid,282
2026-08-08,P09,external,184
2026-08-08,P09,campaign,0
2026-08-09,P09,search,198
2026-08-09,P09,recommend,174
2026-08-09,P09,paid,122
2026-08-09,P09,external,66
2026-08-09,P09,campaign,0
2026-08-10,P09,search,191
2026-08-10,P09,recommend,151
2026-08-10,P09,paid,112
2026-08-10,P09,external,60
2026-08-10,P09,campaign,0
2026-08-11,P09,search,197
2026-08-11,P09,recommend,156
2026-08-11,P09,paid,104
2026-08-11,P09,external,57
2026-08-11,P09,campaign,0
2026-08-12,P09,search,173
2026-08-12,P09,recommend,151
2026-08-12,P09,paid,104
2026-08-12,P09,external,65
2026-08-12,P09,campaign,0
2026-08-13,P09,search,178
2026-08-13,P09,recommend,134
2026-08-13,P09,paid,88
2026-08-13,P09,external,60
2026-08-13,P09,campaign,0
2026-08-14,P09,search,188
2026-08-14,P09,recommend,138
2026-08-14,P09,paid,93
2026-08-14,P09,external,65
2026-08-14,P09,campaign,0
2026-08-15,P09,search,184
2026-08-15,P09,recommend,161
2026-08-15,P09,paid,110
2026-08-15,P09,external,63
2026-08-15,P09,campaign,0
2026-08-16,P09,search,192
2026-08-16,P09,recommend,190
2026-08-16,P09,paid,107
2026-08-16,P09,external,64
2026-08-16,P09,campaign,0
2026-08-17,P09,search,189
2026-08-17,P09,recommend,152
2026-08-17,P09,paid,101
2026-08-17,P09,external,57
2026-08-17,P09,campaign,0
2026-08-18,P09,search,173
2026-08-18,P09,recommend,141
2026-08-18,P09,paid,93
2026-08-18,P09,external,52
2026-08-18,P09,campaign,0
2026-08-19,P09,search,183
2026-08-19,P09,recommend,152
2026-08-19,P09,paid,95
2026-08-19,P09,external,60
2026-08-19,P09,campaign,0
2026-08-20,P09,search,211
2026-08-20,P09,recommend,171
2026-08-20,P09,paid,103
2026-08-20,P09,external,71
2026-08-20,P09,campaign,0
2026-08-21,P09,search,180
2026-08-21,P09,recommend,144
2026-08-21,P09,paid,102
2026-08-21,P09,external,61
2026-08-21,P09,campaign,0
2026-08-22,P09,search,250
2026-08-22,P09,recommend,181
2026-08-22,P09,paid,103
2026-08-22,P09,external,75
2026-08-22,P09,campaign,0
2026-08-23,P09,search,215
2026-08-23,P09,recommend,162
2026-08-23,P09,paid,103
2026-08-23,P09,external,64
2026-08-23,P09,campaign,0
2026-08-24,P09,search,182
2026-08-24,P09,recommend,142
2026-08-24,P09,paid,99
2026-08-24,P09,external,60
2026-08-24,P09,campaign,0
2026-08-25,P09,search,176
2026-08-25,P09,recommend,148
2026-08-25,P09,paid,85
2026-08-25,P09,external,52
2026-08-25,P09,campaign,0
2026-08-26,P09,search,188
2026-08-26,P09,recommend,141
2026-08-26,P09,paid,94
2026-08-26,P09,external,60
2026-08-26,P09,campaign,0
2026-08-27,P09,search,179
2026-08-27,P09,recommend,151
2026-08-27,P09,paid,111
2026-08-27,P09,external,63
2026-08-27,P09,campaign,0
2026-08-28,P09,search,200
2026-08-28,P09,recommend,161
2026-08-28,P09,paid,95
2026-08-28,P09,external,67
2026-08-28,P09,campaign,0
2026-08-29,P09,search,225
2026-08-29,P09,recommend,176
2026-08-29,P09,paid,128
2026-08-29,P09,external,69
2026-08-29,P09,campaign,0
2026-08-30,P09,search,199
2026-08-30,P09,recommend,152
2026-08-30,P09,paid,115
2026-08-30,P09,external,64
2026-08-30,P09,campaign,0
2026-08-31,P09,search,196
2026-08-31,P09,recommend,168
2026-08-31,P09,paid,104
2026-08-31,P09,external,60
2026-08-31,P09,campaign,0
2026-09-01,P09,search,188
2026-09-01,P09,recommend,148
2026-09-01,P09,paid,96
2026-09-01,P09,external,58
2026-09-01,P09,campaign,0
2026-09-02,P09,search,197
2026-09-02,P09,recommend,139
2026-09-02,P09,paid,107
2026-09-02,P09,external,67
2026-09-02,P09,campaign,0
2026-09-03,P09,search,201
2026-09-03,P09,recommend,134
2026-09-03,P09,paid,110
2026-09-03,P09,external,56
2026-09-03,P09,campaign,0
2026-09-04,P09,search,202
2026-09-04,P09,recommend,135
2026-09-04,P09,paid,96
2026-09-04,P09,external,57
2026-09-04,P09,campaign,0
2026-09-05,P09,search,193
2026-09-05,P09,recommend,161
2026-09-05,P09,paid,102
2026-09-05,P09,external,57
2026-09-05,P09,campaign,0
2026-09-06,P09,search,206
2026-09-06,P09,recommend,158
2026-09-06,P09,paid,114
2026-09-06,P09,external,65
2026-09-06,P09,campaign,0
2026-09-07,P09,search,196
2026-09-07,P09,recommend,141
2026-09-07,P09,paid,100
2026-09-07,P09,external,60
2026-09-07,P09,campaign,0
2026-09-08,P09,search,202
2026-09-08,P09,recommend,155
2026-09-08,P09,paid,109
2026-09-08,P09,external,62
2026-09-08,P09,campaign,0
2026-09-09,P09,search,200
2026-09-09,P09,recommend,132
2026-09-09,P09,paid,92
2026-09-09,P09,external,50
2026-09-09,P09,campaign,0
2026-09-10,P09,search,199
2026-09-10,P09,recommend,172
2026-09-10,P09,paid,98
2026-09-10,P09,external,69
2026-09-10,P09,campaign,0
2026-09-11,P09,search,182
2026-09-11,P09,recommend,138
2026-09-11,P09,paid,90
2026-09-11,P09,external,52
2026-09-11,P09,campaign,0
2026-09-12,P09,search,216
2026-09-12,P09,recommend,154
2026-09-12,P09,paid,107
2026-09-12,P09,external,63
2026-09-12,P09,campaign,0
2026-09-13,P09,search,202
2026-09-13,P09,recommend,160
2026-09-13,P09,paid,123
2026-09-13,P09,external,74
2026-09-13,P09,campaign,0
2026-09-14,P09,search,216
2026-09-14,P09,recommend,146
2026-09-14,P09,paid,121
2026-09-14,P09,external,64
2026-09-14,P09,campaign,0
2026-09-15,P09,search,190
2026-09-15,P09,recommend,133
2026-09-15,P09,paid,104
2026-09-15,P09,external,59
2026-09-15,P09,campaign,0
2026-09-16,P09,search,195
2026-09-16,P09,recommend,138
2026-09-16,P09,paid,89
2026-09-16,P09,external,63
2026-09-16,P09,campaign,0
2026-09-17,P09,search,197
2026-09-17,P09,recommend,151
2026-09-17,P09,paid,95
2026-09-17,P09,external,66
2026-09-17,P09,campaign,0
2026-09-18,P09,search,205
2026-09-18,P09,recommend,171
2026-09-18,P09,paid,102
2026-09-18,P09,external,65
2026-09-18,P09,campaign,0
2026-09-19,P09,search,212
2026-09-19,P09,recommend,167
2026-09-19,P09,paid,122
2026-09-19,P09,external,59
2026-09-19,P09,campaign,0
2026-09-20,P09,search,222
2026-09-20,P09,recommend,167
2026-09-20,P09,paid,104
2026-09-20,P09,external,66
2026-09-20,P09,campaign,0
2026-07-23,P10,search,695
2026-07-23,P10,recommend,533
2026-07-23,P10,paid,358
2026-07-23,P10,external,250
2026-07-23,P10,campaign,0
2026-07-24,P10,search,659
2026-07-24,P10,recommend,499
2026-07-24,P10,paid,344
2026-07-24,P10,external,196
2026-07-24,P10,campaign,0
2026-07-25,P10,search,657
2026-07-25,P10,recommend,579
2026-07-25,P10,paid,346
2026-07-25,P10,external,205
2026-07-25,P10,campaign,0
2026-07-26,P10,search,719
2026-07-26,P10,recommend,504
2026-07-26,P10,paid,384
2026-07-26,P10,external,216
2026-07-26,P10,campaign,0
2026-07-27,P10,search,696
2026-07-27,P10,recommend,486
2026-07-27,P10,paid,338
2026-07-27,P10,external,195
2026-07-27,P10,campaign,0
2026-07-28,P10,search,627
2026-07-28,P10,recommend,502
2026-07-28,P10,paid,329
2026-07-28,P10,external,201
2026-07-28,P10,campaign,0
2026-07-29,P10,search,647
2026-07-29,P10,recommend,457
2026-07-29,P10,paid,320
2026-07-29,P10,external,180
2026-07-29,P10,campaign,0
2026-07-30,P10,search,675
2026-07-30,P10,recommend,470
2026-07-30,P10,paid,311
2026-07-30,P10,external,186
2026-07-30,P10,campaign,0
2026-07-31,P10,search,646
2026-07-31,P10,recommend,552
2026-07-31,P10,paid,330
2026-07-31,P10,external,193
2026-07-31,P10,campaign,0
2026-08-01,P10,search,723
2026-08-01,P10,recommend,585
2026-08-01,P10,paid,391
2026-08-01,P10,external,239
2026-08-01,P10,campaign,0
2026-08-02,P10,search,847
2026-08-02,P10,recommend,583
2026-08-02,P10,paid,406
2026-08-02,P10,external,272
2026-08-02,P10,campaign,0
2026-08-03,P10,search,628
2026-08-03,P10,recommend,438
2026-08-03,P10,paid,302
2026-08-03,P10,external,185
2026-08-03,P10,campaign,0
2026-08-04,P10,search,599
2026-08-04,P10,recommend,472
2026-08-04,P10,paid,335
2026-08-04,P10,external,185
2026-08-04,P10,campaign,0
2026-08-05,P10,search,650
2026-08-05,P10,recommend,526
2026-08-05,P10,paid,337
2026-08-05,P10,external,197
2026-08-05,P10,campaign,0
2026-08-06,P10,search,675
2026-08-06,P10,recommend,513
2026-08-06,P10,paid,335
2026-08-06,P10,external,200
2026-08-06,P10,campaign,0
2026-08-07,P10,search,716
2026-08-07,P10,recommend,522
2026-08-07,P10,paid,353
2026-08-07,P10,external,202
2026-08-07,P10,campaign,0
2026-08-08,P10,search,1792
2026-08-08,P10,recommend,1368
2026-08-08,P10,paid,857
2026-08-08,P10,external,575
2026-08-08,P10,campaign,0
2026-08-09,P10,search,674
2026-08-09,P10,recommend,636
2026-08-09,P10,paid,359
2026-08-09,P10,external,220
2026-08-09,P10,campaign,0
2026-08-10,P10,search,656
2026-08-10,P10,recommend,520
2026-08-10,P10,paid,314
2026-08-10,P10,external,181
2026-08-10,P10,campaign,0
2026-08-11,P10,search,600
2026-08-11,P10,recommend,530
2026-08-11,P10,paid,313
2026-08-11,P10,external,201
2026-08-11,P10,campaign,0
2026-08-12,P10,search,672
2026-08-12,P10,recommend,492
2026-08-12,P10,paid,299
2026-08-12,P10,external,202
2026-08-12,P10,campaign,0
2026-08-13,P10,search,629
2026-08-13,P10,recommend,548
2026-08-13,P10,paid,330
2026-08-13,P10,external,215
2026-08-13,P10,campaign,0
2026-08-14,P10,search,603
2026-08-14,P10,recommend,482
2026-08-14,P10,paid,302
2026-08-14,P10,external,166
2026-08-14,P10,campaign,0
2026-08-15,P10,search,682
2026-08-15,P10,recommend,511
2026-08-15,P10,paid,376
2026-08-15,P10,external,223
2026-08-15,P10,campaign,0
2026-08-16,P10,search,692
2026-08-16,P10,recommend,542
2026-08-16,P10,paid,351
2026-08-16,P10,external,217
2026-08-16,P10,campaign,0
2026-08-17,P10,search,662
2026-08-17,P10,recommend,522
2026-08-17,P10,paid,381
2026-08-17,P10,external,203
2026-08-17,P10,campaign,0
2026-08-18,P10,search,586
2026-08-18,P10,recommend,495
2026-08-18,P10,paid,375
2026-08-18,P10,external,216
2026-08-18,P10,campaign,0
2026-08-19,P10,search,601
2026-08-19,P10,recommend,538
2026-08-19,P10,paid,310
2026-08-19,P10,external,196
2026-08-19,P10,campaign,0
2026-08-20,P10,search,672
2026-08-20,P10,recommend,499
2026-08-20,P10,paid,361
2026-08-20,P10,external,221
2026-08-20,P10,campaign,0
2026-08-21,P10,search,713
2026-08-21,P10,recommend,469
2026-08-21,P10,paid,346
2026-08-21,P10,external,205
2026-08-21,P10,campaign,0
2026-08-22,P10,search,711
2026-08-22,P10,recommend,587
2026-08-22,P10,paid,376
2026-08-22,P10,external,209
2026-08-22,P10,campaign,0
2026-08-23,P10,search,746
2026-08-23,P10,recommend,586
2026-08-23,P10,paid,409
2026-08-23,P10,external,231
2026-08-23,P10,campaign,0
2026-08-24,P10,search,584
2026-08-24,P10,recommend,489
2026-08-24,P10,paid,347
2026-08-24,P10,external,187
2026-08-24,P10,campaign,0
2026-08-25,P10,search,645
2026-08-25,P10,recommend,515
2026-08-25,P10,paid,327
2026-08-25,P10,external,220
2026-08-25,P10,campaign,0
2026-08-26,P10,search,607
2026-08-26,P10,recommend,490
2026-08-26,P10,paid,347
2026-08-26,P10,external,225
2026-08-26,P10,campaign,0
2026-08-27,P10,search,627
2026-08-27,P10,recommend,622
2026-08-27,P10,paid,342
2026-08-27,P10,external,202
2026-08-27,P10,campaign,0
2026-08-28,P10,search,641
2026-08-28,P10,recommend,475
2026-08-28,P10,paid,358
2026-08-28,P10,external,215
2026-08-28,P10,campaign,0
2026-08-29,P10,search,709
2026-08-29,P10,recommend,585
2026-08-29,P10,paid,425
2026-08-29,P10,external,265
2026-08-29,P10,campaign,0
2026-08-30,P10,search,765
2026-08-30,P10,recommend,523
2026-08-30,P10,paid,348
2026-08-30,P10,external,215
2026-08-30,P10,campaign,0
2026-08-31,P10,search,632
2026-08-31,P10,recommend,521
2026-08-31,P10,paid,298
2026-08-31,P10,external,197
2026-08-31,P10,campaign,0
2026-09-01,P10,search,607
2026-09-01,P10,recommend,532
2026-09-01,P10,paid,309
2026-09-01,P10,external,182
2026-09-01,P10,campaign,0
2026-09-02,P10,search,694
2026-09-02,P10,recommend,519
2026-09-02,P10,paid,331
2026-09-02,P10,external,229
2026-09-02,P10,campaign,0
2026-09-03,P10,search,598
2026-09-03,P10,recommend,437
2026-09-03,P10,paid,298
2026-09-03,P10,external,185
2026-09-03,P10,campaign,0
2026-09-04,P10,search,621
2026-09-04,P10,recommend,499
2026-09-04,P10,paid,345
2026-09-04,P10,external,206
2026-09-04,P10,campaign,0
2026-09-05,P10,search,699
2026-09-05,P10,recommend,560
2026-09-05,P10,paid,397
2026-09-05,P10,external,207
2026-09-05,P10,campaign,0
2026-09-06,P10,search,652
2026-09-06,P10,recommend,564
2026-09-06,P10,paid,427
2026-09-06,P10,external,244
2026-09-06,P10,campaign,0
2026-09-07,P10,search,666
2026-09-07,P10,recommend,507
2026-09-07,P10,paid,331
2026-09-07,P10,external,188
2026-09-07,P10,campaign,0
2026-09-08,P10,search,603
2026-09-08,P10,recommend,466
2026-09-08,P10,paid,325
2026-09-08,P10,external,182
2026-09-08,P10,campaign,0
2026-09-09,P10,search,684
2026-09-09,P10,recommend,502
2026-09-09,P10,paid,354
2026-09-09,P10,external,186
2026-09-09,P10,campaign,0
2026-09-10,P10,search,656
2026-09-10,P10,recommend,502
2026-09-10,P10,paid,395
2026-09-10,P10,external,231
2026-09-10,P10,campaign,0
2026-09-11,P10,search,592
2026-09-11,P10,recommend,489
2026-09-11,P10,paid,330
2026-09-11,P10,external,199
2026-09-11,P10,campaign,0
2026-09-12,P10,search,697
2026-09-12,P10,recommend,586
2026-09-12,P10,paid,343
2026-09-12,P10,external,230
2026-09-12,P10,campaign,0
2026-09-13,P10,search,670
2026-09-13,P10,recommend,536
2026-09-13,P10,paid,365
2026-09-13,P10,external,199
2026-09-13,P10,campaign,0
2026-09-14,P10,search,622
2026-09-14,P10,recommend,515
2026-09-14,P10,paid,328
2026-09-14,P10,external,190
2026-09-14,P10,campaign,0
2026-09-15,P10,search,642
2026-09-15,P10,recommend,523
2026-09-15,P10,paid,325
2026-09-15,P10,external,200
2026-09-15,P10,campaign,0
2026-09-16,P10,search,632
2026-09-16,P10,recommend,440
2026-09-16,P10,paid,289
2026-09-16,P10,external,181
2026-09-16,P10,campaign,0
2026-09-17,P10,search,663
2026-09-17,P10,recommend,488
2026-09-17,P10,paid,350
2026-09-17,P10,external,214
2026-09-17,P10,campaign,0
2026-09-18,P10,search,557
2026-09-18,P10,recommend,482
2026-09-18,P10,paid,300
2026-09-18,P10,external,182
2026-09-18,P10,campaign,0
2026-09-19,P10,search,676
2026-09-19,P10,recommend,610
2026-09-19,P10,paid,376
2026-09-19,P10,external,203
2026-09-19,P10,campaign,0
2026-09-20,P10,search,693
2026-09-20,P10,recommend,502
2026-09-20,P10,paid,399
2026-09-20,P10,external,240
2026-09-20,P10,campaign,0
2026-07-23,P11,search,247
2026-07-23,P11,recommend,205
2026-07-23,P11,paid,142
2026-07-23,P11,external,89
2026-07-23,P11,campaign,0
2026-07-24,P11,search,241
2026-07-24,P11,recommend,206
2026-07-24,P11,paid,132
2026-07-24,P11,external,80
2026-07-24,P11,campaign,0
2026-07-25,P11,search,298
2026-07-25,P11,recommend,208
2026-07-25,P11,paid,156
2026-07-25,P11,external,84
2026-07-25,P11,campaign,0
2026-07-26,P11,search,279
2026-07-26,P11,recommend,221
2026-07-26,P11,paid,133
2026-07-26,P11,external,94
2026-07-26,P11,campaign,0
2026-07-27,P11,search,264
2026-07-27,P11,recommend,179
2026-07-27,P11,paid,133
2026-07-27,P11,external,79
2026-07-27,P11,campaign,0
2026-07-28,P11,search,266
2026-07-28,P11,recommend,222
2026-07-28,P11,paid,145
2026-07-28,P11,external,84
2026-07-28,P11,campaign,0
2026-07-29,P11,search,258
2026-07-29,P11,recommend,178
2026-07-29,P11,paid,128
2026-07-29,P11,external,83
2026-07-29,P11,campaign,0
2026-07-30,P11,search,291
2026-07-30,P11,recommend,229
2026-07-30,P11,paid,169
2026-07-30,P11,external,82
2026-07-30,P11,campaign,0
2026-07-31,P11,search,273
2026-07-31,P11,recommend,212
2026-07-31,P11,paid,136
2026-07-31,P11,external,93
2026-07-31,P11,campaign,0
2026-08-01,P11,search,282
2026-08-01,P11,recommend,222
2026-08-01,P11,paid,168
2026-08-01,P11,external,102
2026-08-01,P11,campaign,0
2026-08-02,P11,search,268
2026-08-02,P11,recommend,217
2026-08-02,P11,paid,141
2026-08-02,P11,external,94
2026-08-02,P11,campaign,0
2026-08-03,P11,search,252
2026-08-03,P11,recommend,207
2026-08-03,P11,paid,123
2026-08-03,P11,external,69
2026-08-03,P11,campaign,0
2026-08-04,P11,search,269
2026-08-04,P11,recommend,189
2026-08-04,P11,paid,125
2026-08-04,P11,external,84
2026-08-04,P11,campaign,0
2026-08-05,P11,search,265
2026-08-05,P11,recommend,211
2026-08-05,P11,paid,143
2026-08-05,P11,external,78
2026-08-05,P11,campaign,0
2026-08-06,P11,search,277
2026-08-06,P11,recommend,211
2026-08-06,P11,paid,141
2026-08-06,P11,external,91
2026-08-06,P11,campaign,0
2026-08-07,P11,search,260
2026-08-07,P11,recommend,217
2026-08-07,P11,paid,128
2026-08-07,P11,external,76
2026-08-07,P11,campaign,0
2026-08-08,P11,search,666
2026-08-08,P11,recommend,529
2026-08-08,P11,paid,321
2026-08-08,P11,external,201
2026-08-08,P11,campaign,0
2026-08-09,P11,search,301
2026-08-09,P11,recommend,232
2026-08-09,P11,paid,156
2026-08-09,P11,external,91
2026-08-09,P11,campaign,0
2026-08-10,P11,search,263
2026-08-10,P11,recommend,215
2026-08-10,P11,paid,143
2026-08-10,P11,external,76
2026-08-10,P11,campaign,0
2026-08-11,P11,search,252
2026-08-11,P11,recommend,227
2026-08-11,P11,paid,130
2026-08-11,P11,external,86
2026-08-11,P11,campaign,0
2026-08-12,P11,search,250
2026-08-12,P11,recommend,219
2026-08-12,P11,paid,133
2026-08-12,P11,external,83
2026-08-12,P11,campaign,0
2026-08-13,P11,search,293
2026-08-13,P11,recommend,214
2026-08-13,P11,paid,149
2026-08-13,P11,external,86
2026-08-13,P11,campaign,0
2026-08-14,P11,search,278
2026-08-14,P11,recommend,242
2026-08-14,P11,paid,148
2026-08-14,P11,external,82
2026-08-14,P11,campaign,0
2026-08-15,P11,search,261
2026-08-15,P11,recommend,221
2026-08-15,P11,paid,154
2026-08-15,P11,external,99
2026-08-15,P11,campaign,0
2026-08-16,P11,search,261
2026-08-16,P11,recommend,234
2026-08-16,P11,paid,136
2026-08-16,P11,external,84
2026-08-16,P11,campaign,0
2026-08-17,P11,search,279
2026-08-17,P11,recommend,190
2026-08-17,P11,paid,122
2026-08-17,P11,external,72
2026-08-17,P11,campaign,0
2026-08-18,P11,search,276
2026-08-18,P11,recommend,198
2026-08-18,P11,paid,140
2026-08-18,P11,external,91
2026-08-18,P11,campaign,0
2026-08-19,P11,search,249
2026-08-19,P11,recommend,178
2026-08-19,P11,paid,138
2026-08-19,P11,external,77
2026-08-19,P11,campaign,0
2026-08-20,P11,search,260
2026-08-20,P11,recommend,215
2026-08-20,P11,paid,135
2026-08-20,P11,external,82
2026-08-20,P11,campaign,0
2026-08-21,P11,search,249
2026-08-21,P11,recommend,196
2026-08-21,P11,paid,139
2026-08-21,P11,external,81
2026-08-21,P11,campaign,0
2026-08-22,P11,search,271
2026-08-22,P11,recommend,224
2026-08-22,P11,paid,153
2026-08-22,P11,external,86
2026-08-22,P11,campaign,0
2026-08-23,P11,search,313
2026-08-23,P11,recommend,212
2026-08-23,P11,paid,160
2026-08-23,P11,external,101
2026-08-23,P11,campaign,0
2026-08-24,P11,search,276
2026-08-24,P11,recommend,221
2026-08-24,P11,paid,156
2026-08-24,P11,external,94
2026-08-24,P11,campaign,0
2026-08-25,P11,search,265
2026-08-25,P11,recommend,213
2026-08-25,P11,paid,133
2026-08-25,P11,external,72
2026-08-25,P11,campaign,0
2026-08-26,P11,search,286
2026-08-26,P11,recommend,232
2026-08-26,P11,paid,137
2026-08-26,P11,external,81
2026-08-26,P11,campaign,0
2026-08-27,P11,search,280
2026-08-27,P11,recommend,216
2026-08-27,P11,paid,156
2026-08-27,P11,external,100
2026-08-27,P11,campaign,0
2026-08-28,P11,search,249
2026-08-28,P11,recommend,199
2026-08-28,P11,paid,146
2026-08-28,P11,external,77
2026-08-28,P11,campaign,0
2026-08-29,P11,search,277
2026-08-29,P11,recommend,217
2026-08-29,P11,paid,143
2026-08-29,P11,external,101
2026-08-29,P11,campaign,0
2026-08-30,P11,search,323
2026-08-30,P11,recommend,219
2026-08-30,P11,paid,156
2026-08-30,P11,external,95
2026-08-30,P11,campaign,0
2026-08-31,P11,search,285
2026-08-31,P11,recommend,213
2026-08-31,P11,paid,150
2026-08-31,P11,external,91
2026-08-31,P11,campaign,0
2026-09-01,P11,search,261
2026-09-01,P11,recommend,213
2026-09-01,P11,paid,147
2026-09-01,P11,external,79
2026-09-01,P11,campaign,0
2026-09-02,P11,search,243
2026-09-02,P11,recommend,176
2026-09-02,P11,paid,127
2026-09-02,P11,external,88
2026-09-02,P11,campaign,0
2026-09-03,P11,search,249
2026-09-03,P11,recommend,193
2026-09-03,P11,paid,147
2026-09-03,P11,external,81
2026-09-03,P11,campaign,0
2026-09-04,P11,search,262
2026-09-04,P11,recommend,221
2026-09-04,P11,paid,141
2026-09-04,P11,external,91
2026-09-04,P11,campaign,0
2026-09-05,P11,search,316
2026-09-05,P11,recommend,212
2026-09-05,P11,paid,145
2026-09-05,P11,external,92
2026-09-05,P11,campaign,0
2026-09-06,P11,search,277
2026-09-06,P11,recommend,246
2026-09-06,P11,paid,148
2026-09-06,P11,external,88
2026-09-06,P11,campaign,0
2026-09-07,P11,search,261
2026-09-07,P11,recommend,212
2026-09-07,P11,paid,147
2026-09-07,P11,external,79
2026-09-07,P11,campaign,0
2026-09-08,P11,search,293
2026-09-08,P11,recommend,196
2026-09-08,P11,paid,151
2026-09-08,P11,external,94
2026-09-08,P11,campaign,0
2026-09-09,P11,search,278
2026-09-09,P11,recommend,216
2026-09-09,P11,paid,138
2026-09-09,P11,external,84
2026-09-09,P11,campaign,0
2026-09-10,P11,search,283
2026-09-10,P11,recommend,227
2026-09-10,P11,paid,142
2026-09-10,P11,external,90
2026-09-10,P11,campaign,0
2026-09-11,P11,search,296
2026-09-11,P11,recommend,223
2026-09-11,P11,paid,139
2026-09-11,P11,external,92
2026-09-11,P11,campaign,0
2026-09-12,P11,search,293
2026-09-12,P11,recommend,262
2026-09-12,P11,paid,174
2026-09-12,P11,external,104
2026-09-12,P11,campaign,0
2026-09-13,P11,search,299
2026-09-13,P11,recommend,233
2026-09-13,P11,paid,167
2026-09-13,P11,external,102
2026-09-13,P11,campaign,0
2026-09-14,P11,search,245
2026-09-14,P11,recommend,191
2026-09-14,P11,paid,138
2026-09-14,P11,external,81
2026-09-14,P11,campaign,0
2026-09-15,P11,search,286
2026-09-15,P11,recommend,209
2026-09-15,P11,paid,150
2026-09-15,P11,external,84
2026-09-15,P11,campaign,0
2026-09-16,P11,search,272
2026-09-16,P11,recommend,237
2026-09-16,P11,paid,150
2026-09-16,P11,external,93
2026-09-16,P11,campaign,0
2026-09-17,P11,search,266
2026-09-17,P11,recommend,219
2026-09-17,P11,paid,149
2026-09-17,P11,external,86
2026-09-17,P11,campaign,0
2026-09-18,P11,search,237
2026-09-18,P11,recommend,198
2026-09-18,P11,paid,139
2026-09-18,P11,external,76
2026-09-18,P11,campaign,0
2026-09-19,P11,search,275
2026-09-19,P11,recommend,221
2026-09-19,P11,paid,126
2026-09-19,P11,external,89
2026-09-19,P11,campaign,0
2026-09-20,P11,search,286
2026-09-20,P11,recommend,212
2026-09-20,P11,paid,140
2026-09-20,P11,external,96
2026-09-20,P11,campaign,0
2026-07-23,P12,search,172
2026-07-23,P12,recommend,143
2026-07-23,P12,paid,97
2026-07-23,P12,external,62
2026-07-23,P12,campaign,0
2026-07-24,P12,search,166
2026-07-24,P12,recommend,134
2026-07-24,P12,paid,85
2026-07-24,P12,external,54
2026-07-24,P12,campaign,0
2026-07-25,P12,search,183
2026-07-25,P12,recommend,151
2026-07-25,P12,paid,101
2026-07-25,P12,external,55
2026-07-25,P12,campaign,0
2026-07-26,P12,search,170
2026-07-26,P12,recommend,148
2026-07-26,P12,paid,95
2026-07-26,P12,external,54
2026-07-26,P12,campaign,0
2026-07-27,P12,search,173
2026-07-27,P12,recommend,136
2026-07-27,P12,paid,95
2026-07-27,P12,external,61
2026-07-27,P12,campaign,0
2026-07-28,P12,search,175
2026-07-28,P12,recommend,152
2026-07-28,P12,paid,94
2026-07-28,P12,external,56
2026-07-28,P12,campaign,0
2026-07-29,P12,search,171
2026-07-29,P12,recommend,127
2026-07-29,P12,paid,91
2026-07-29,P12,external,54
2026-07-29,P12,campaign,0
2026-07-30,P12,search,163
2026-07-30,P12,recommend,137
2026-07-30,P12,paid,83
2026-07-30,P12,external,51
2026-07-30,P12,campaign,0
2026-07-31,P12,search,174
2026-07-31,P12,recommend,157
2026-07-31,P12,paid,85
2026-07-31,P12,external,56
2026-07-31,P12,campaign,0
2026-08-01,P12,search,183
2026-08-01,P12,recommend,151
2026-08-01,P12,paid,102
2026-08-01,P12,external,70
2026-08-01,P12,campaign,0
2026-08-02,P12,search,189
2026-08-02,P12,recommend,165
2026-08-02,P12,paid,105
2026-08-02,P12,external,65
2026-08-02,P12,campaign,0
2026-08-03,P12,search,178
2026-08-03,P12,recommend,138
2026-08-03,P12,paid,85
2026-08-03,P12,external,58
2026-08-03,P12,campaign,0
2026-08-04,P12,search,175
2026-08-04,P12,recommend,135
2026-08-04,P12,paid,98
2026-08-04,P12,external,54
2026-08-04,P12,campaign,0
2026-08-05,P12,search,184
2026-08-05,P12,recommend,134
2026-08-05,P12,paid,90
2026-08-05,P12,external,53
2026-08-05,P12,campaign,0
2026-08-06,P12,search,175
2026-08-06,P12,recommend,149
2026-08-06,P12,paid,82
2026-08-06,P12,external,55
2026-08-06,P12,campaign,0
2026-08-07,P12,search,180
2026-08-07,P12,recommend,131
2026-08-07,P12,paid,91
2026-08-07,P12,external,51
2026-08-07,P12,campaign,0
2026-08-08,P12,search,522
2026-08-08,P12,recommend,423
2026-08-08,P12,paid,236
2026-08-08,P12,external,159
2026-08-08,P12,campaign,0
2026-08-09,P12,search,183
2026-08-09,P12,recommend,144
2026-08-09,P12,paid,101
2026-08-09,P12,external,54
2026-08-09,P12,campaign,0
2026-08-10,P12,search,177
2026-08-10,P12,recommend,142
2026-08-10,P12,paid,87
2026-08-10,P12,external,53
2026-08-10,P12,campaign,0
2026-08-11,P12,search,170
2026-08-11,P12,recommend,123
2026-08-11,P12,paid,85
2026-08-11,P12,external,46
2026-08-11,P12,campaign,0
2026-08-12,P12,search,171
2026-08-12,P12,recommend,152
2026-08-12,P12,paid,91
2026-08-12,P12,external,59
2026-08-12,P12,campaign,0
2026-08-13,P12,search,180
2026-08-13,P12,recommend,143
2026-08-13,P12,paid,83
2026-08-13,P12,external,55
2026-08-13,P12,campaign,0
2026-08-14,P12,search,183
2026-08-14,P12,recommend,142
2026-08-14,P12,paid,96
2026-08-14,P12,external,50
2026-08-14,P12,campaign,0
2026-08-15,P12,search,204
2026-08-15,P12,recommend,133
2026-08-15,P12,paid,102
2026-08-15,P12,external,56
2026-08-15,P12,campaign,0
2026-08-16,P12,search,201
2026-08-16,P12,recommend,153
2026-08-16,P12,paid,104
2026-08-16,P12,external,57
2026-08-16,P12,campaign,0
2026-08-17,P12,search,156
2026-08-17,P12,recommend,141
2026-08-17,P12,paid,89
2026-08-17,P12,external,50
2026-08-17,P12,campaign,0
2026-08-18,P12,search,157
2026-08-18,P12,recommend,137
2026-08-18,P12,paid,82
2026-08-18,P12,external,51
2026-08-18,P12,campaign,0
2026-08-19,P12,search,161
2026-08-19,P12,recommend,138
2026-08-19,P12,paid,80
2026-08-19,P12,external,49
2026-08-19,P12,campaign,0
2026-08-20,P12,search,175
2026-08-20,P12,recommend,135
2026-08-20,P12,paid,83
2026-08-20,P12,external,52
2026-08-20,P12,campaign,0
2026-08-21,P12,search,176
2026-08-21,P12,recommend,131
2026-08-21,P12,paid,86
2026-08-21,P12,external,62
2026-08-21,P12,campaign,0
2026-08-22,P12,search,173
2026-08-22,P12,recommend,144
2026-08-22,P12,paid,95
2026-08-22,P12,external,55
2026-08-22,P12,campaign,0
2026-08-23,P12,search,186
2026-08-23,P12,recommend,150
2026-08-23,P12,paid,102
2026-08-23,P12,external,54
2026-08-23,P12,campaign,0
2026-08-24,P12,search,180
2026-08-24,P12,recommend,148
2026-08-24,P12,paid,104
2026-08-24,P12,external,60
2026-08-24,P12,campaign,0
2026-08-25,P12,search,173
2026-08-25,P12,recommend,151
2026-08-25,P12,paid,91
2026-08-25,P12,external,46
2026-08-25,P12,campaign,0
2026-08-26,P12,search,183
2026-08-26,P12,recommend,129
2026-08-26,P12,paid,90
2026-08-26,P12,external,53
2026-08-26,P12,campaign,0
2026-08-27,P12,search,194
2026-08-27,P12,recommend,147
2026-08-27,P12,paid,89
2026-08-27,P12,external,62
2026-08-27,P12,campaign,0
2026-08-28,P12,search,164
2026-08-28,P12,recommend,133
2026-08-28,P12,paid,90
2026-08-28,P12,external,56
2026-08-28,P12,campaign,0
2026-08-29,P12,search,189
2026-08-29,P12,recommend,146
2026-08-29,P12,paid,96
2026-08-29,P12,external,59
2026-08-29,P12,campaign,0
2026-08-30,P12,search,182
2026-08-30,P12,recommend,135
2026-08-30,P12,paid,96
2026-08-30,P12,external,66
2026-08-30,P12,campaign,0
2026-08-31,P12,search,181
2026-08-31,P12,recommend,135
2026-08-31,P12,paid,94
2026-08-31,P12,external,59
2026-08-31,P12,campaign,0
2026-09-01,P12,search,167
2026-09-01,P12,recommend,151
2026-09-01,P12,paid,90
2026-09-01,P12,external,55
2026-09-01,P12,campaign,0
2026-09-02,P12,search,163
2026-09-02,P12,recommend,146
2026-09-02,P12,paid,98
2026-09-02,P12,external,57
2026-09-02,P12,campaign,0
2026-09-03,P12,search,164
2026-09-03,P12,recommend,129
2026-09-03,P12,paid,88
2026-09-03,P12,external,55
2026-09-03,P12,campaign,0
2026-09-04,P12,search,177
2026-09-04,P12,recommend,137
2026-09-04,P12,paid,86
2026-09-04,P12,external,52
2026-09-04,P12,campaign,0
2026-09-05,P12,search,201
2026-09-05,P12,recommend,137
2026-09-05,P12,paid,97
2026-09-05,P12,external,55
2026-09-05,P12,campaign,0
2026-09-06,P12,search,175
2026-09-06,P12,recommend,143
2026-09-06,P12,paid,90
2026-09-06,P12,external,58
2026-09-06,P12,campaign,0
2026-09-07,P12,search,170
2026-09-07,P12,recommend,131
2026-09-07,P12,paid,86
2026-09-07,P12,external,51
2026-09-07,P12,campaign,0
2026-09-08,P12,search,146
2026-09-08,P12,recommend,156
2026-09-08,P12,paid,92
2026-09-08,P12,external,49
2026-09-08,P12,campaign,0
2026-09-09,P12,search,154
2026-09-09,P12,recommend,128
2026-09-09,P12,paid,73
2026-09-09,P12,external,50
2026-09-09,P12,campaign,0
2026-09-10,P12,search,209
2026-09-10,P12,recommend,119
2026-09-10,P12,paid,94
2026-09-10,P12,external,55
2026-09-10,P12,campaign,0
2026-09-11,P12,search,164
2026-09-11,P12,recommend,130
2026-09-11,P12,paid,86
2026-09-11,P12,external,51
2026-09-11,P12,campaign,0
2026-09-12,P12,search,193
2026-09-12,P12,recommend,137
2026-09-12,P12,paid,104
2026-09-12,P12,external,59
2026-09-12,P12,campaign,0
2026-09-13,P12,search,184
2026-09-13,P12,recommend,141
2026-09-13,P12,paid,102
2026-09-13,P12,external,58
2026-09-13,P12,campaign,0
2026-09-14,P12,search,176
2026-09-14,P12,recommend,133
2026-09-14,P12,paid,108
2026-09-14,P12,external,59
2026-09-14,P12,campaign,0
2026-09-15,P12,search,175
2026-09-15,P12,recommend,145
2026-09-15,P12,paid,84
2026-09-15,P12,external,45
2026-09-15,P12,campaign,0
2026-09-16,P12,search,173
2026-09-16,P12,recommend,138
2026-09-16,P12,paid,80
2026-09-16,P12,external,51
2026-09-16,P12,campaign,0
2026-09-17,P12,search,178
2026-09-17,P12,recommend,128
2026-09-17,P12,paid,85
2026-09-17,P12,external,53
2026-09-17,P12,campaign,0
2026-09-18,P12,search,176
2026-09-18,P12,recommend,162
2026-09-18,P12,paid,95
2026-09-18,P12,external,52
2026-09-18,P12,campaign,0
2026-09-19,P12,search,193
2026-09-19,P12,recommend,141
2026-09-19,P12,paid,100
2026-09-19,P12,external,65
2026-09-19,P12,campaign,0
2026-09-20,P12,search,195
2026-09-20,P12,recommend,159
2026-09-20,P12,paid,89
2026-09-20,P12,external,59
2026-09-20,P12,campaign,0
2026-07-23,P13,search,177
2026-07-23,P13,recommend,127
2026-07-23,P13,paid,91
2026-07-23,P13,external,47
2026-07-23,P13,campaign,0
2026-07-24,P13,search,175
2026-07-24,P13,recommend,149
2026-07-24,P13,paid,87
2026-07-24,P13,external,56
2026-07-24,P13,campaign,0
2026-07-25,P13,search,181
2026-07-25,P13,recommend,147
2026-07-25,P13,paid,91
2026-07-25,P13,external,57
2026-07-25,P13,campaign,0
2026-07-26,P13,search,187
2026-07-26,P13,recommend,154
2026-07-26,P13,paid,95
2026-07-26,P13,external,56
2026-07-26,P13,campaign,0
2026-07-27,P13,search,166
2026-07-27,P13,recommend,128
2026-07-27,P13,paid,98
2026-07-27,P13,external,50
2026-07-27,P13,campaign,0
2026-07-28,P13,search,161
2026-07-28,P13,recommend,134
2026-07-28,P13,paid,88
2026-07-28,P13,external,49
2026-07-28,P13,campaign,0
2026-07-29,P13,search,186
2026-07-29,P13,recommend,137
2026-07-29,P13,paid,100
2026-07-29,P13,external,57
2026-07-29,P13,campaign,0
2026-07-30,P13,search,164
2026-07-30,P13,recommend,138
2026-07-30,P13,paid,91
2026-07-30,P13,external,55
2026-07-30,P13,campaign,0
2026-07-31,P13,search,176
2026-07-31,P13,recommend,142
2026-07-31,P13,paid,96
2026-07-31,P13,external,62
2026-07-31,P13,campaign,0
2026-08-01,P13,search,194
2026-08-01,P13,recommend,152
2026-08-01,P13,paid,94
2026-08-01,P13,external,65
2026-08-01,P13,campaign,0
2026-08-02,P13,search,166
2026-08-02,P13,recommend,150
2026-08-02,P13,paid,98
2026-08-02,P13,external,61
2026-08-02,P13,campaign,0
2026-08-03,P13,search,175
2026-08-03,P13,recommend,137
2026-08-03,P13,paid,94
2026-08-03,P13,external,56
2026-08-03,P13,campaign,0
2026-08-04,P13,search,183
2026-08-04,P13,recommend,123
2026-08-04,P13,paid,90
2026-08-04,P13,external,50
2026-08-04,P13,campaign,0
2026-08-05,P13,search,172
2026-08-05,P13,recommend,140
2026-08-05,P13,paid,96
2026-08-05,P13,external,58
2026-08-05,P13,campaign,0
2026-08-06,P13,search,179
2026-08-06,P13,recommend,124
2026-08-06,P13,paid,91
2026-08-06,P13,external,57
2026-08-06,P13,campaign,0
2026-08-07,P13,search,168
2026-08-07,P13,recommend,152
2026-08-07,P13,paid,84
2026-08-07,P13,external,56
2026-08-07,P13,campaign,0
2026-08-08,P13,search,425
2026-08-08,P13,recommend,409
2026-08-08,P13,paid,243
2026-08-08,P13,external,159
2026-08-08,P13,campaign,0
2026-08-09,P13,search,182
2026-08-09,P13,recommend,151
2026-08-09,P13,paid,103
2026-08-09,P13,external,58
2026-08-09,P13,campaign,0
2026-08-10,P13,search,166
2026-08-10,P13,recommend,140
2026-08-10,P13,paid,87
2026-08-10,P13,external,50
2026-08-10,P13,campaign,0
2026-08-11,P13,search,159
2026-08-11,P13,recommend,126
2026-08-11,P13,paid,83
2026-08-11,P13,external,53
2026-08-11,P13,campaign,0
2026-08-12,P13,search,174
2026-08-12,P13,recommend,132
2026-08-12,P13,paid,87
2026-08-12,P13,external,48
2026-08-12,P13,campaign,0
2026-08-13,P13,search,178
2026-08-13,P13,recommend,133
2026-08-13,P13,paid,89
2026-08-13,P13,external,54
2026-08-13,P13,campaign,0
2026-08-14,P13,search,184
2026-08-14,P13,recommend,143
2026-08-14,P13,paid,97
2026-08-14,P13,external,56
2026-08-14,P13,campaign,0
2026-08-15,P13,search,192
2026-08-15,P13,recommend,175
2026-08-15,P13,paid,94
2026-08-15,P13,external,62
2026-08-15,P13,campaign,0
2026-08-16,P13,search,183
2026-08-16,P13,recommend,145
2026-08-16,P13,paid,97
2026-08-16,P13,external,57
2026-08-16,P13,campaign,0
2026-08-17,P13,search,166
2026-08-17,P13,recommend,125
2026-08-17,P13,paid,94
2026-08-17,P13,external,58
2026-08-17,P13,campaign,0
2026-08-18,P13,search,171
2026-08-18,P13,recommend,141
2026-08-18,P13,paid,89
2026-08-18,P13,external,54
2026-08-18,P13,campaign,0
2026-08-19,P13,search,164
2026-08-19,P13,recommend,127
2026-08-19,P13,paid,86
2026-08-19,P13,external,57
2026-08-19,P13,campaign,0
2026-08-20,P13,search,161
2026-08-20,P13,recommend,133
2026-08-20,P13,paid,93
2026-08-20,P13,external,58
2026-08-20,P13,campaign,0
2026-08-21,P13,search,166
2026-08-21,P13,recommend,131
2026-08-21,P13,paid,97
2026-08-21,P13,external,64
2026-08-21,P13,campaign,0
2026-08-22,P13,search,196
2026-08-22,P13,recommend,156
2026-08-22,P13,paid,110
2026-08-22,P13,external,57
2026-08-22,P13,campaign,0
2026-08-23,P13,search,180
2026-08-23,P13,recommend,160
2026-08-23,P13,paid,120
2026-08-23,P13,external,61
2026-08-23,P13,campaign,0
2026-08-24,P13,search,181
2026-08-24,P13,recommend,134
2026-08-24,P13,paid,90
2026-08-24,P13,external,54
2026-08-24,P13,campaign,0
2026-08-25,P13,search,165
2026-08-25,P13,recommend,133
2026-08-25,P13,paid,89
2026-08-25,P13,external,50
2026-08-25,P13,campaign,0
2026-08-26,P13,search,166
2026-08-26,P13,recommend,128
2026-08-26,P13,paid,93
2026-08-26,P13,external,51
2026-08-26,P13,campaign,0
2026-08-27,P13,search,167
2026-08-27,P13,recommend,138
2026-08-27,P13,paid,102
2026-08-27,P13,external,59
2026-08-27,P13,campaign,0
2026-08-28,P13,search,177
2026-08-28,P13,recommend,130
2026-08-28,P13,paid,75
2026-08-28,P13,external,57
2026-08-28,P13,campaign,0
2026-08-29,P13,search,195
2026-08-29,P13,recommend,128
2026-08-29,P13,paid,95
2026-08-29,P13,external,59
2026-08-29,P13,campaign,0
2026-08-30,P13,search,197
2026-08-30,P13,recommend,155
2026-08-30,P13,paid,100
2026-08-30,P13,external,54
2026-08-30,P13,campaign,0
2026-08-31,P13,search,176
2026-08-31,P13,recommend,147
2026-08-31,P13,paid,107
2026-08-31,P13,external,66
2026-08-31,P13,campaign,0
2026-09-01,P13,search,169
2026-09-01,P13,recommend,128
2026-09-01,P13,paid,92
2026-09-01,P13,external,53
2026-09-01,P13,campaign,0
2026-09-02,P13,search,170
2026-09-02,P13,recommend,127
2026-09-02,P13,paid,94
2026-09-02,P13,external,57
2026-09-02,P13,campaign,0
2026-09-03,P13,search,194
2026-09-03,P13,recommend,163
2026-09-03,P13,paid,105
2026-09-03,P13,external,58
2026-09-03,P13,campaign,0
2026-09-04,P13,search,180
2026-09-04,P13,recommend,143
2026-09-04,P13,paid,100
2026-09-04,P13,external,59
2026-09-04,P13,campaign,0
2026-09-05,P13,search,180
2026-09-05,P13,recommend,150
2026-09-05,P13,paid,112
2026-09-05,P13,external,67
2026-09-05,P13,campaign,0
2026-09-06,P13,search,195
2026-09-06,P13,recommend,150
2026-09-06,P13,paid,100
2026-09-06,P13,external,63
2026-09-06,P13,campaign,0
2026-09-07,P13,search,175
2026-09-07,P13,recommend,136
2026-09-07,P13,paid,87
2026-09-07,P13,external,53
2026-09-07,P13,campaign,0
2026-09-08,P13,search,190
2026-09-08,P13,recommend,137
2026-09-08,P13,paid,96
2026-09-08,P13,external,54
2026-09-08,P13,campaign,0
2026-09-09,P13,search,173
2026-09-09,P13,recommend,139
2026-09-09,P13,paid,104
2026-09-09,P13,external,58
2026-09-09,P13,campaign,0
2026-09-10,P13,search,163
2026-09-10,P13,recommend,136
2026-09-10,P13,paid,88
2026-09-10,P13,external,56
2026-09-10,P13,campaign,0
2026-09-11,P13,search,173
2026-09-11,P13,recommend,128
2026-09-11,P13,paid,79
2026-09-11,P13,external,56
2026-09-11,P13,campaign,0
2026-09-12,P13,search,199
2026-09-12,P13,recommend,148
2026-09-12,P13,paid,95
2026-09-12,P13,external,65
2026-09-12,P13,campaign,0
2026-09-13,P13,search,180
2026-09-13,P13,recommend,139
2026-09-13,P13,paid,94
2026-09-13,P13,external,56
2026-09-13,P13,campaign,0
2026-09-14,P13,search,192
2026-09-14,P13,recommend,134
2026-09-14,P13,paid,80
2026-09-14,P13,external,50
2026-09-14,P13,campaign,0
2026-09-15,P13,search,167
2026-09-15,P13,recommend,121
2026-09-15,P13,paid,82
2026-09-15,P13,external,48
2026-09-15,P13,campaign,0
2026-09-16,P13,search,156
2026-09-16,P13,recommend,137
2026-09-16,P13,paid,90
2026-09-16,P13,external,52
2026-09-16,P13,campaign,0
2026-09-17,P13,search,150
2026-09-17,P13,recommend,137
2026-09-17,P13,paid,88
2026-09-17,P13,external,51
2026-09-17,P13,campaign,0
2026-09-18,P13,search,170
2026-09-18,P13,recommend,123
2026-09-18,P13,paid,94
2026-09-18,P13,external,56
2026-09-18,P13,campaign,0
2026-09-19,P13,search,188
2026-09-19,P13,recommend,140
2026-09-19,P13,paid,96
2026-09-19,P13,external,57
2026-09-19,P13,campaign,0
2026-09-20,P13,search,166
2026-09-20,P13,recommend,147
2026-09-20,P13,paid,91
2026-09-20,P13,external,58
2026-09-20,P13,campaign,0
2026-07-23,P14,search,568
2026-07-23,P14,recommend,442
2026-07-23,P14,paid,300
2026-07-23,P14,external,178
2026-07-23,P14,campaign,0
2026-07-24,P14,search,582
2026-07-24,P14,recommend,386
2026-07-24,P14,paid,293
2026-07-24,P14,external,164
2026-07-24,P14,campaign,0
2026-07-25,P14,search,657
2026-07-25,P14,recommend,491
2026-07-25,P14,paid,333
2026-07-25,P14,external,189
2026-07-25,P14,campaign,0
2026-07-26,P14,search,670
2026-07-26,P14,recommend,497
2026-07-26,P14,paid,351
2026-07-26,P14,external,205
2026-07-26,P14,campaign,0
2026-07-27,P14,search,582
2026-07-27,P14,recommend,429
2026-07-27,P14,paid,266
2026-07-27,P14,external,173
2026-07-27,P14,campaign,0
2026-07-28,P14,search,570
2026-07-28,P14,recommend,465
2026-07-28,P14,paid,288
2026-07-28,P14,external,177
2026-07-28,P14,campaign,0
2026-07-29,P14,search,554
2026-07-29,P14,recommend,412
2026-07-29,P14,paid,326
2026-07-29,P14,external,187
2026-07-29,P14,campaign,0
2026-07-30,P14,search,523
2026-07-30,P14,recommend,417
2026-07-30,P14,paid,258
2026-07-30,P14,external,161
2026-07-30,P14,campaign,0
2026-07-31,P14,search,570
2026-07-31,P14,recommend,412
2026-07-31,P14,paid,303
2026-07-31,P14,external,188
2026-07-31,P14,campaign,0
2026-08-01,P14,search,658
2026-08-01,P14,recommend,482
2026-08-01,P14,paid,374
2026-08-01,P14,external,194
2026-08-01,P14,campaign,0
2026-08-02,P14,search,663
2026-08-02,P14,recommend,520
2026-08-02,P14,paid,286
2026-08-02,P14,external,206
2026-08-02,P14,campaign,0
2026-08-03,P14,search,589
2026-08-03,P14,recommend,432
2026-08-03,P14,paid,304
2026-08-03,P14,external,186
2026-08-03,P14,campaign,0
2026-08-04,P14,search,507
2026-08-04,P14,recommend,413
2026-08-04,P14,paid,268
2026-08-04,P14,external,159
2026-08-04,P14,campaign,0
2026-08-05,P14,search,568
2026-08-05,P14,recommend,436
2026-08-05,P14,paid,283
2026-08-05,P14,external,175
2026-08-05,P14,campaign,0
2026-08-06,P14,search,615
2026-08-06,P14,recommend,437
2026-08-06,P14,paid,318
2026-08-06,P14,external,198
2026-08-06,P14,campaign,0
2026-08-07,P14,search,537
2026-08-07,P14,recommend,447
2026-08-07,P14,paid,272
2026-08-07,P14,external,175
2026-08-07,P14,campaign,0
2026-08-08,P14,search,1647
2026-08-08,P14,recommend,1189
2026-08-08,P14,paid,807
2026-08-08,P14,external,498
2026-08-08,P14,campaign,0
2026-08-09,P14,search,663
2026-08-09,P14,recommend,493
2026-08-09,P14,paid,353
2026-08-09,P14,external,217
2026-08-09,P14,campaign,0
2026-08-10,P14,search,488
2026-08-10,P14,recommend,459
2026-08-10,P14,paid,282
2026-08-10,P14,external,165
2026-08-10,P14,campaign,0
2026-08-11,P14,search,615
2026-08-11,P14,recommend,482
2026-08-11,P14,paid,334
2026-08-11,P14,external,183
2026-08-11,P14,campaign,0
2026-08-12,P14,search,538
2026-08-12,P14,recommend,452
2026-08-12,P14,paid,319
2026-08-12,P14,external,187
2026-08-12,P14,campaign,0
2026-08-13,P14,search,582
2026-08-13,P14,recommend,457
2026-08-13,P14,paid,305
2026-08-13,P14,external,190
2026-08-13,P14,campaign,0
2026-08-14,P14,search,481
2026-08-14,P14,recommend,433
2026-08-14,P14,paid,332
2026-08-14,P14,external,180
2026-08-14,P14,campaign,0
2026-08-15,P14,search,640
2026-08-15,P14,recommend,547
2026-08-15,P14,paid,336
2026-08-15,P14,external,194
2026-08-15,P14,campaign,0
2026-08-16,P14,search,769
2026-08-16,P14,recommend,556
2026-08-16,P14,paid,362
2026-08-16,P14,external,200
2026-08-16,P14,campaign,0
2026-08-17,P14,search,532
2026-08-17,P14,recommend,486
2026-08-17,P14,paid,293
2026-08-17,P14,external,165
2026-08-17,P14,campaign,0
2026-08-18,P14,search,551
2026-08-18,P14,recommend,440
2026-08-18,P14,paid,298
2026-08-18,P14,external,188
2026-08-18,P14,campaign,0
2026-08-19,P14,search,567
2026-08-19,P14,recommend,454
2026-08-19,P14,paid,301
2026-08-19,P14,external,172
2026-08-19,P14,campaign,0
2026-08-20,P14,search,561
2026-08-20,P14,recommend,428
2026-08-20,P14,paid,282
2026-08-20,P14,external,172
2026-08-20,P14,campaign,0
2026-08-21,P14,search,577
2026-08-21,P14,recommend,420
2026-08-21,P14,paid,273
2026-08-21,P14,external,163
2026-08-21,P14,campaign,0
2026-08-22,P14,search,596
2026-08-22,P14,recommend,457
2026-08-22,P14,paid,305
2026-08-22,P14,external,204
2026-08-22,P14,campaign,0
2026-08-23,P14,search,647
2026-08-23,P14,recommend,519
2026-08-23,P14,paid,322
2026-08-23,P14,external,188
2026-08-23,P14,campaign,0
2026-08-24,P14,search,589
2026-08-24,P14,recommend,474
2026-08-24,P14,paid,299
2026-08-24,P14,external,170
2026-08-24,P14,campaign,0
2026-08-25,P14,search,593
2026-08-25,P14,recommend,418
2026-08-25,P14,paid,279
2026-08-25,P14,external,163
2026-08-25,P14,campaign,0
2026-08-26,P14,search,622
2026-08-26,P14,recommend,475
2026-08-26,P14,paid,306
2026-08-26,P14,external,197
2026-08-26,P14,campaign,0
2026-08-27,P14,search,613
2026-08-27,P14,recommend,447
2026-08-27,P14,paid,288
2026-08-27,P14,external,163
2026-08-27,P14,campaign,0
2026-08-28,P14,search,539
2026-08-28,P14,recommend,453
2026-08-28,P14,paid,294
2026-08-28,P14,external,174
2026-08-28,P14,campaign,0
2026-08-29,P14,search,668
2026-08-29,P14,recommend,471
2026-08-29,P14,paid,360
2026-08-29,P14,external,204
2026-08-29,P14,campaign,0
2026-08-30,P14,search,597
2026-08-30,P14,recommend,429
2026-08-30,P14,paid,326
2026-08-30,P14,external,202
2026-08-30,P14,campaign,0
2026-08-31,P14,search,513
2026-08-31,P14,recommend,475
2026-08-31,P14,paid,296
2026-08-31,P14,external,184
2026-08-31,P14,campaign,0
2026-09-01,P14,search,552
2026-09-01,P14,recommend,450
2026-09-01,P14,paid,266
2026-09-01,P14,external,169
2026-09-01,P14,campaign,0
2026-09-02,P14,search,614
2026-09-02,P14,recommend,444
2026-09-02,P14,paid,289
2026-09-02,P14,external,190
2026-09-02,P14,campaign,0
2026-09-03,P14,search,504
2026-09-03,P14,recommend,398
2026-09-03,P14,paid,308
2026-09-03,P14,external,194
2026-09-03,P14,campaign,0
2026-09-04,P14,search,599
2026-09-04,P14,recommend,450
2026-09-04,P14,paid,308
2026-09-04,P14,external,168
2026-09-04,P14,campaign,0
2026-09-05,P14,search,648
2026-09-05,P14,recommend,521
2026-09-05,P14,paid,334
2026-09-05,P14,external,203
2026-09-05,P14,campaign,0
2026-09-06,P14,search,570
2026-09-06,P14,recommend,508
2026-09-06,P14,paid,323
2026-09-06,P14,external,195
2026-09-06,P14,campaign,0
2026-09-07,P14,search,577
2026-09-07,P14,recommend,425
2026-09-07,P14,paid,292
2026-09-07,P14,external,176
2026-09-07,P14,campaign,0
2026-09-08,P14,search,516
2026-09-08,P14,recommend,484
2026-09-08,P14,paid,287
2026-09-08,P14,external,195
2026-09-08,P14,campaign,0
2026-09-09,P14,search,545
2026-09-09,P14,recommend,445
2026-09-09,P14,paid,278
2026-09-09,P14,external,202
2026-09-09,P14,campaign,0
2026-09-10,P14,search,549
2026-09-10,P14,recommend,420
2026-09-10,P14,paid,306
2026-09-10,P14,external,186
2026-09-10,P14,campaign,0
2026-09-11,P14,search,552
2026-09-11,P14,recommend,407
2026-09-11,P14,paid,297
2026-09-11,P14,external,173
2026-09-11,P14,campaign,0
2026-09-12,P14,search,695
2026-09-12,P14,recommend,444
2026-09-12,P14,paid,318
2026-09-12,P14,external,190
2026-09-12,P14,campaign,0
2026-09-13,P14,search,649
2026-09-13,P14,recommend,551
2026-09-13,P14,paid,320
2026-09-13,P14,external,196
2026-09-13,P14,campaign,0
2026-09-14,P14,search,521
2026-09-14,P14,recommend,405
2026-09-14,P14,paid,266
2026-09-14,P14,external,175
2026-09-14,P14,campaign,0
2026-09-15,P14,search,630
2026-09-15,P14,recommend,408
2026-09-15,P14,paid,275
2026-09-15,P14,external,189
2026-09-15,P14,campaign,0
2026-09-16,P14,search,549
2026-09-16,P14,recommend,466
2026-09-16,P14,paid,292
2026-09-16,P14,external,185
2026-09-16,P14,campaign,0
2026-09-17,P14,search,545
2026-09-17,P14,recommend,461
2026-09-17,P14,paid,299
2026-09-17,P14,external,212
2026-09-17,P14,campaign,0
2026-09-18,P14,search,563
2026-09-18,P14,recommend,412
2026-09-18,P14,paid,312
2026-09-18,P14,external,168
2026-09-18,P14,campaign,0
2026-09-19,P14,search,667
2026-09-19,P14,recommend,542
2026-09-19,P14,paid,383
2026-09-19,P14,external,226
2026-09-19,P14,campaign,0
2026-09-20,P14,search,627
2026-09-20,P14,recommend,499
2026-09-20,P14,paid,344
2026-09-20,P14,external,204
2026-09-20,P14,campaign,0
2026-07-23,P15,search,655
2026-07-23,P15,recommend,552
2026-07-23,P15,paid,323
2026-07-23,P15,external,223
2026-07-23,P15,campaign,0
2026-07-24,P15,search,766
2026-07-24,P15,recommend,521
2026-07-24,P15,paid,370
2026-07-24,P15,external,230
2026-07-24,P15,campaign,0
2026-07-25,P15,search,732
2026-07-25,P15,recommend,611
2026-07-25,P15,paid,355
2026-07-25,P15,external,243
2026-07-25,P15,campaign,0
2026-07-26,P15,search,758
2026-07-26,P15,recommend,663
2026-07-26,P15,paid,379
2026-07-26,P15,external,275
2026-07-26,P15,campaign,0
2026-07-27,P15,search,672
2026-07-27,P15,recommend,548
2026-07-27,P15,paid,349
2026-07-27,P15,external,199
2026-07-27,P15,campaign,0
2026-07-28,P15,search,659
2026-07-28,P15,recommend,483
2026-07-28,P15,paid,317
2026-07-28,P15,external,201
2026-07-28,P15,campaign,0
2026-07-29,P15,search,595
2026-07-29,P15,recommend,471
2026-07-29,P15,paid,302
2026-07-29,P15,external,192
2026-07-29,P15,campaign,0
2026-07-30,P15,search,570
2026-07-30,P15,recommend,517
2026-07-30,P15,paid,344
2026-07-30,P15,external,183
2026-07-30,P15,campaign,0
2026-07-31,P15,search,623
2026-07-31,P15,recommend,438
2026-07-31,P15,paid,351
2026-07-31,P15,external,197
2026-07-31,P15,campaign,0
2026-08-01,P15,search,745
2026-08-01,P15,recommend,621
2026-08-01,P15,paid,374
2026-08-01,P15,external,219
2026-08-01,P15,campaign,0
2026-08-02,P15,search,735
2026-08-02,P15,recommend,558
2026-08-02,P15,paid,389
2026-08-02,P15,external,221
2026-08-02,P15,campaign,0
2026-08-03,P15,search,662
2026-08-03,P15,recommend,551
2026-08-03,P15,paid,324
2026-08-03,P15,external,206
2026-08-03,P15,campaign,0
2026-08-04,P15,search,625
2026-08-04,P15,recommend,511
2026-08-04,P15,paid,341
2026-08-04,P15,external,219
2026-08-04,P15,campaign,0
2026-08-05,P15,search,580
2026-08-05,P15,recommend,522
2026-08-05,P15,paid,343
2026-08-05,P15,external,209
2026-08-05,P15,campaign,0
2026-08-06,P15,search,631
2026-08-06,P15,recommend,545
2026-08-06,P15,paid,358
2026-08-06,P15,external,198
2026-08-06,P15,campaign,0
2026-08-07,P15,search,621
2026-08-07,P15,recommend,527
2026-08-07,P15,paid,363
2026-08-07,P15,external,185
2026-08-07,P15,campaign,0
2026-08-08,P15,search,1930
2026-08-08,P15,recommend,1405
2026-08-08,P15,paid,1024
2026-08-08,P15,external,600
2026-08-08,P15,campaign,0
2026-08-09,P15,search,723
2026-08-09,P15,recommend,564
2026-08-09,P15,paid,394
2026-08-09,P15,external,219
2026-08-09,P15,campaign,0
2026-08-10,P15,search,628
2026-08-10,P15,recommend,500
2026-08-10,P15,paid,393
2026-08-10,P15,external,208
2026-08-10,P15,campaign,0
2026-08-11,P15,search,626
2026-08-11,P15,recommend,466
2026-08-11,P15,paid,372
2026-08-11,P15,external,203
2026-08-11,P15,campaign,0
2026-08-12,P15,search,642
2026-08-12,P15,recommend,511
2026-08-12,P15,paid,347
2026-08-12,P15,external,190
2026-08-12,P15,campaign,0
2026-08-13,P15,search,625
2026-08-13,P15,recommend,480
2026-08-13,P15,paid,325
2026-08-13,P15,external,219
2026-08-13,P15,campaign,0
2026-08-14,P15,search,635
2026-08-14,P15,recommend,517
2026-08-14,P15,paid,338
2026-08-14,P15,external,207
2026-08-14,P15,campaign,0
2026-08-15,P15,search,796
2026-08-15,P15,recommend,593
2026-08-15,P15,paid,386
2026-08-15,P15,external,250
2026-08-15,P15,campaign,0
2026-08-16,P15,search,713
2026-08-16,P15,recommend,572
2026-08-16,P15,paid,383
2026-08-16,P15,external,200
2026-08-16,P15,campaign,0
2026-08-17,P15,search,612
2026-08-17,P15,recommend,477
2026-08-17,P15,paid,307
2026-08-17,P15,external,192
2026-08-17,P15,campaign,0
2026-08-18,P15,search,601
2026-08-18,P15,recommend,514
2026-08-18,P15,paid,324
2026-08-18,P15,external,187
2026-08-18,P15,campaign,0
2026-08-19,P15,search,650
2026-08-19,P15,recommend,546
2026-08-19,P15,paid,340
2026-08-19,P15,external,231
2026-08-19,P15,campaign,0
2026-08-20,P15,search,624
2026-08-20,P15,recommend,521
2026-08-20,P15,paid,336
2026-08-20,P15,external,205
2026-08-20,P15,campaign,0
2026-08-21,P15,search,653
2026-08-21,P15,recommend,527
2026-08-21,P15,paid,373
2026-08-21,P15,external,230
2026-08-21,P15,campaign,0
2026-08-22,P15,search,672
2026-08-22,P15,recommend,536
2026-08-22,P15,paid,336
2026-08-22,P15,external,196
2026-08-22,P15,campaign,0
2026-08-23,P15,search,779
2026-08-23,P15,recommend,625
2026-08-23,P15,paid,408
2026-08-23,P15,external,258
2026-08-23,P15,campaign,0
2026-08-24,P15,search,544
2026-08-24,P15,recommend,521
2026-08-24,P15,paid,340
2026-08-24,P15,external,188
2026-08-24,P15,campaign,0
2026-08-25,P15,search,613
2026-08-25,P15,recommend,494
2026-08-25,P15,paid,288
2026-08-25,P15,external,208
2026-08-25,P15,campaign,0
2026-08-26,P15,search,613
2026-08-26,P15,recommend,539
2026-08-26,P15,paid,367
2026-08-26,P15,external,214
2026-08-26,P15,campaign,0
2026-08-27,P15,search,698
2026-08-27,P15,recommend,501
2026-08-27,P15,paid,316
2026-08-27,P15,external,201
2026-08-27,P15,campaign,0
2026-08-28,P15,search,643
2026-08-28,P15,recommend,514
2026-08-28,P15,paid,352
2026-08-28,P15,external,216
2026-08-28,P15,campaign,0
2026-08-29,P15,search,652
2026-08-29,P15,recommend,531
2026-08-29,P15,paid,345
2026-08-29,P15,external,225
2026-08-29,P15,campaign,0
2026-08-30,P15,search,737
2026-08-30,P15,recommend,639
2026-08-30,P15,paid,399
2026-08-30,P15,external,235
2026-08-30,P15,campaign,0
2026-08-31,P15,search,607
2026-08-31,P15,recommend,516
2026-08-31,P15,paid,355
2026-08-31,P15,external,199
2026-08-31,P15,campaign,0
2026-09-01,P15,search,663
2026-09-01,P15,recommend,482
2026-09-01,P15,paid,347
2026-09-01,P15,external,193
2026-09-01,P15,campaign,0
2026-09-02,P15,search,643
2026-09-02,P15,recommend,473
2026-09-02,P15,paid,299
2026-09-02,P15,external,187
2026-09-02,P15,campaign,0
2026-09-03,P15,search,736
2026-09-03,P15,recommend,559
2026-09-03,P15,paid,376
2026-09-03,P15,external,228
2026-09-03,P15,campaign,0
2026-09-04,P15,search,666
2026-09-04,P15,recommend,487
2026-09-04,P15,paid,336
2026-09-04,P15,external,201
2026-09-04,P15,campaign,0
2026-09-05,P15,search,701
2026-09-05,P15,recommend,529
2026-09-05,P15,paid,341
2026-09-05,P15,external,222
2026-09-05,P15,campaign,0
2026-09-06,P15,search,682
2026-09-06,P15,recommend,658
2026-09-06,P15,paid,342
2026-09-06,P15,external,201
2026-09-06,P15,campaign,0
2026-09-07,P15,search,641
2026-09-07,P15,recommend,503
2026-09-07,P15,paid,348
2026-09-07,P15,external,217
2026-09-07,P15,campaign,0
2026-09-08,P15,search,609
2026-09-08,P15,recommend,531
2026-09-08,P15,paid,339
2026-09-08,P15,external,203
2026-09-08,P15,campaign,0
2026-09-09,P15,search,725
2026-09-09,P15,recommend,589
2026-09-09,P15,paid,380
2026-09-09,P15,external,236
2026-09-09,P15,campaign,0
2026-09-10,P15,search,650
2026-09-10,P15,recommend,518
2026-09-10,P15,paid,348
2026-09-10,P15,external,211
2026-09-10,P15,campaign,0
2026-09-11,P15,search,664
2026-09-11,P15,recommend,495
2026-09-11,P15,paid,344
2026-09-11,P15,external,200
2026-09-11,P15,campaign,0
2026-09-12,P15,search,662
2026-09-12,P15,recommend,551
2026-09-12,P15,paid,367
2026-09-12,P15,external,188
2026-09-12,P15,campaign,0
2026-09-13,P15,search,731
2026-09-13,P15,recommend,576
2026-09-13,P15,paid,346
2026-09-13,P15,external,228
2026-09-13,P15,campaign,0
2026-09-14,P15,search,604
2026-09-14,P15,recommend,509
2026-09-14,P15,paid,346
2026-09-14,P15,external,183
2026-09-14,P15,campaign,0
2026-09-15,P15,search,593
2026-09-15,P15,recommend,540
2026-09-15,P15,paid,393
2026-09-15,P15,external,221
2026-09-15,P15,campaign,0
2026-09-16,P15,search,586
2026-09-16,P15,recommend,551
2026-09-16,P15,paid,342
2026-09-16,P15,external,200
2026-09-16,P15,campaign,0
2026-09-17,P15,search,629
2026-09-17,P15,recommend,506
2026-09-17,P15,paid,322
2026-09-17,P15,external,189
2026-09-17,P15,campaign,0
2026-09-18,P15,search,640
2026-09-18,P15,recommend,484
2026-09-18,P15,paid,317
2026-09-18,P15,external,197
2026-09-18,P15,campaign,0
2026-09-19,P15,search,745
2026-09-19,P15,recommend,532
2026-09-19,P15,paid,348
2026-09-19,P15,external,221
2026-09-19,P15,campaign,0
2026-09-20,P15,search,639
2026-09-20,P15,recommend,547
2026-09-20,P15,paid,343
2026-09-20,P15,external,220
2026-09-20,P15,campaign,0
2026-07-23,P16,search,414
2026-07-23,P16,recommend,304
2026-07-23,P16,paid,223
2026-07-23,P16,external,131
2026-07-23,P16,campaign,0
2026-07-24,P16,search,429
2026-07-24,P16,recommend,317
2026-07-24,P16,paid,211
2026-07-24,P16,external,132
2026-07-24,P16,campaign,0
2026-07-25,P16,search,498
2026-07-25,P16,recommend,369
2026-07-25,P16,paid,226
2026-07-25,P16,external,160
2026-07-25,P16,campaign,0
2026-07-26,P16,search,400
2026-07-26,P16,recommend,375
2026-07-26,P16,paid,264
2026-07-26,P16,external,144
2026-07-26,P16,campaign,0
2026-07-27,P16,search,393
2026-07-27,P16,recommend,351
2026-07-27,P16,paid,236
2026-07-27,P16,external,132
2026-07-27,P16,campaign,0
2026-07-28,P16,search,396
2026-07-28,P16,recommend,284
2026-07-28,P16,paid,190
2026-07-28,P16,external,115
2026-07-28,P16,campaign,0
2026-07-29,P16,search,393
2026-07-29,P16,recommend,322
2026-07-29,P16,paid,223
2026-07-29,P16,external,117
2026-07-29,P16,campaign,0
2026-07-30,P16,search,441
2026-07-30,P16,recommend,325
2026-07-30,P16,paid,232
2026-07-30,P16,external,136
2026-07-30,P16,campaign,0
2026-07-31,P16,search,402
2026-07-31,P16,recommend,374
2026-07-31,P16,paid,227
2026-07-31,P16,external,135
2026-07-31,P16,campaign,0
2026-08-01,P16,search,435
2026-08-01,P16,recommend,371
2026-08-01,P16,paid,231
2026-08-01,P16,external,152
2026-08-01,P16,campaign,0
2026-08-02,P16,search,449
2026-08-02,P16,recommend,377
2026-08-02,P16,paid,242
2026-08-02,P16,external,147
2026-08-02,P16,campaign,0
2026-08-03,P16,search,396
2026-08-03,P16,recommend,339
2026-08-03,P16,paid,210
2026-08-03,P16,external,133
2026-08-03,P16,campaign,0
2026-08-04,P16,search,399
2026-08-04,P16,recommend,341
2026-08-04,P16,paid,203
2026-08-04,P16,external,116
2026-08-04,P16,campaign,0
2026-08-05,P16,search,433
2026-08-05,P16,recommend,319
2026-08-05,P16,paid,196
2026-08-05,P16,external,116
2026-08-05,P16,campaign,0
2026-08-06,P16,search,428
2026-08-06,P16,recommend,335
2026-08-06,P16,paid,201
2026-08-06,P16,external,141
2026-08-06,P16,campaign,0
2026-08-07,P16,search,388
2026-08-07,P16,recommend,353
2026-08-07,P16,paid,224
2026-08-07,P16,external,121
2026-08-07,P16,campaign,0
2026-08-08,P16,search,1108
2026-08-08,P16,recommend,1008
2026-08-08,P16,paid,600
2026-08-08,P16,external,366
2026-08-08,P16,campaign,0
2026-08-09,P16,search,440
2026-08-09,P16,recommend,362
2026-08-09,P16,paid,248
2026-08-09,P16,external,140
2026-08-09,P16,campaign,0
2026-08-10,P16,search,398
2026-08-10,P16,recommend,299
2026-08-10,P16,paid,220
2026-08-10,P16,external,121
2026-08-10,P16,campaign,0
2026-08-11,P16,search,450
2026-08-11,P16,recommend,318
2026-08-11,P16,paid,236
2026-08-11,P16,external,135
2026-08-11,P16,campaign,0
2026-08-12,P16,search,448
2026-08-12,P16,recommend,355
2026-08-12,P16,paid,216
2026-08-12,P16,external,120
2026-08-12,P16,campaign,0
2026-08-13,P16,search,357
2026-08-13,P16,recommend,328
2026-08-13,P16,paid,191
2026-08-13,P16,external,126
2026-08-13,P16,campaign,0
2026-08-14,P16,search,417
2026-08-14,P16,recommend,334
2026-08-14,P16,paid,231
2026-08-14,P16,external,136
2026-08-14,P16,campaign,0
2026-08-15,P16,search,502
2026-08-15,P16,recommend,362
2026-08-15,P16,paid,261
2026-08-15,P16,external,148
2026-08-15,P16,campaign,0
2026-08-16,P16,search,453
2026-08-16,P16,recommend,325
2026-08-16,P16,paid,267
2026-08-16,P16,external,140
2026-08-16,P16,campaign,0
2026-08-17,P16,search,434
2026-08-17,P16,recommend,371
2026-08-17,P16,paid,234
2026-08-17,P16,external,145
2026-08-17,P16,campaign,0
2026-08-18,P16,search,394
2026-08-18,P16,recommend,306
2026-08-18,P16,paid,219
2026-08-18,P16,external,134
2026-08-18,P16,campaign,0
2026-08-19,P16,search,457
2026-08-19,P16,recommend,334
2026-08-19,P16,paid,255
2026-08-19,P16,external,135
2026-08-19,P16,campaign,0
2026-08-20,P16,search,438
2026-08-20,P16,recommend,314
2026-08-20,P16,paid,243
2026-08-20,P16,external,133
2026-08-20,P16,campaign,0
2026-08-21,P16,search,401
2026-08-21,P16,recommend,290
2026-08-21,P16,paid,197
2026-08-21,P16,external,134
2026-08-21,P16,campaign,0
2026-08-22,P16,search,456
2026-08-22,P16,recommend,375
2026-08-22,P16,paid,230
2026-08-22,P16,external,126
2026-08-22,P16,campaign,0
2026-08-23,P16,search,453
2026-08-23,P16,recommend,351
2026-08-23,P16,paid,253
2026-08-23,P16,external,145
2026-08-23,P16,campaign,0
2026-08-24,P16,search,399
2026-08-24,P16,recommend,338
2026-08-24,P16,paid,229
2026-08-24,P16,external,121
2026-08-24,P16,campaign,0
2026-08-25,P16,search,412
2026-08-25,P16,recommend,337
2026-08-25,P16,paid,222
2026-08-25,P16,external,142
2026-08-25,P16,campaign,0
2026-08-26,P16,search,404
2026-08-26,P16,recommend,295
2026-08-26,P16,paid,201
2026-08-26,P16,external,127
2026-08-26,P16,campaign,0
2026-08-27,P16,search,414
2026-08-27,P16,recommend,340
2026-08-27,P16,paid,256
2026-08-27,P16,external,147
2026-08-27,P16,campaign,0
2026-08-28,P16,search,372
2026-08-28,P16,recommend,321
2026-08-28,P16,paid,221
2026-08-28,P16,external,132
2026-08-28,P16,campaign,0
2026-08-29,P16,search,395
2026-08-29,P16,recommend,347
2026-08-29,P16,paid,253
2026-08-29,P16,external,129
2026-08-29,P16,campaign,0
2026-08-30,P16,search,459
2026-08-30,P16,recommend,331
2026-08-30,P16,paid,228
2026-08-30,P16,external,141
2026-08-30,P16,campaign,0
2026-08-31,P16,search,432
2026-08-31,P16,recommend,377
2026-08-31,P16,paid,238
2026-08-31,P16,external,164
2026-08-31,P16,campaign,0
2026-09-01,P16,search,483
2026-09-01,P16,recommend,334
2026-09-01,P16,paid,232
2026-09-01,P16,external,137
2026-09-01,P16,campaign,0
2026-09-02,P16,search,440
2026-09-02,P16,recommend,324
2026-09-02,P16,paid,236
2026-09-02,P16,external,136
2026-09-02,P16,campaign,0
2026-09-03,P16,search,436
2026-09-03,P16,recommend,331
2026-09-03,P16,paid,194
2026-09-03,P16,external,122
2026-09-03,P16,campaign,0
2026-09-04,P16,search,440
2026-09-04,P16,recommend,292
2026-09-04,P16,paid,208
2026-09-04,P16,external,123
2026-09-04,P16,campaign,0
2026-09-05,P16,search,472
2026-09-05,P16,recommend,344
2026-09-05,P16,paid,240
2026-09-05,P16,external,156
2026-09-05,P16,campaign,0
2026-09-06,P16,search,468
2026-09-06,P16,recommend,380
2026-09-06,P16,paid,249
2026-09-06,P16,external,132
2026-09-06,P16,campaign,0
2026-09-07,P16,search,409
2026-09-07,P16,recommend,312
2026-09-07,P16,paid,214
2026-09-07,P16,external,120
2026-09-07,P16,campaign,0
2026-09-08,P16,search,436
2026-09-08,P16,recommend,318
2026-09-08,P16,paid,198
2026-09-08,P16,external,139
2026-09-08,P16,campaign,0
2026-09-09,P16,search,386
2026-09-09,P16,recommend,320
2026-09-09,P16,paid,186
2026-09-09,P16,external,115
2026-09-09,P16,campaign,0
2026-09-10,P16,search,441
2026-09-10,P16,recommend,335
2026-09-10,P16,paid,213
2026-09-10,P16,external,142
2026-09-10,P16,campaign,0
2026-09-11,P16,search,417
2026-09-11,P16,recommend,352
2026-09-11,P16,paid,210
2026-09-11,P16,external,112
2026-09-11,P16,campaign,0
2026-09-12,P16,search,475
2026-09-12,P16,recommend,330
2026-09-12,P16,paid,248
2026-09-12,P16,external,137
2026-09-12,P16,campaign,0
2026-09-13,P16,search,464
2026-09-13,P16,recommend,349
2026-09-13,P16,paid,217
2026-09-13,P16,external,142
2026-09-13,P16,campaign,0
2026-09-14,P16,search,424
2026-09-14,P16,recommend,343
2026-09-14,P16,paid,218
2026-09-14,P16,external,133
2026-09-14,P16,campaign,0
2026-09-15,P16,search,391
2026-09-15,P16,recommend,280
2026-09-15,P16,paid,222
2026-09-15,P16,external,129
2026-09-15,P16,campaign,0
2026-09-16,P16,search,460
2026-09-16,P16,recommend,333
2026-09-16,P16,paid,229
2026-09-16,P16,external,121
2026-09-16,P16,campaign,0
2026-09-17,P16,search,424
2026-09-17,P16,recommend,321
2026-09-17,P16,paid,200
2026-09-17,P16,external,128
2026-09-17,P16,campaign,0
2026-09-18,P16,search,440
2026-09-18,P16,recommend,330
2026-09-18,P16,paid,225
2026-09-18,P16,external,129
2026-09-18,P16,campaign,0
2026-09-19,P16,search,500
2026-09-19,P16,recommend,364
2026-09-19,P16,paid,273
2026-09-19,P16,external,142
2026-09-19,P16,campaign,0
2026-09-20,P16,search,446
2026-09-20,P16,recommend,378
2026-09-20,P16,paid,260
2026-09-20,P16,external,145
2026-09-20,P16,campaign,0
2026-07-23,P17,search,313
2026-07-23,P17,recommend,234
2026-07-23,P17,paid,154
2026-07-23,P17,external,89
2026-07-23,P17,campaign,0
2026-07-24,P17,search,320
2026-07-24,P17,recommend,218
2026-07-24,P17,paid,164
2026-07-24,P17,external,99
2026-07-24,P17,campaign,0
2026-07-25,P17,search,371
2026-07-25,P17,recommend,273
2026-07-25,P17,paid,176
2026-07-25,P17,external,118
2026-07-25,P17,campaign,0
2026-07-26,P17,search,347
2026-07-26,P17,recommend,253
2026-07-26,P17,paid,166
2026-07-26,P17,external,96
2026-07-26,P17,campaign,0
2026-07-27,P17,search,311
2026-07-27,P17,recommend,251
2026-07-27,P17,paid,160
2026-07-27,P17,external,102
2026-07-27,P17,campaign,0
2026-07-28,P17,search,296
2026-07-28,P17,recommend,226
2026-07-28,P17,paid,174
2026-07-28,P17,external,90
2026-07-28,P17,campaign,0
2026-07-29,P17,search,289
2026-07-29,P17,recommend,261
2026-07-29,P17,paid,143
2026-07-29,P17,external,95
2026-07-29,P17,campaign,0
2026-07-30,P17,search,283
2026-07-30,P17,recommend,244
2026-07-30,P17,paid,167
2026-07-30,P17,external,93
2026-07-30,P17,campaign,0
2026-07-31,P17,search,308
2026-07-31,P17,recommend,226
2026-07-31,P17,paid,155
2026-07-31,P17,external,100
2026-07-31,P17,campaign,0
2026-08-01,P17,search,362
2026-08-01,P17,recommend,256
2026-08-01,P17,paid,189
2026-08-01,P17,external,109
2026-08-01,P17,campaign,0
2026-08-02,P17,search,352
2026-08-02,P17,recommend,258
2026-08-02,P17,paid,173
2026-08-02,P17,external,106
2026-08-02,P17,campaign,0
2026-08-03,P17,search,314
2026-08-03,P17,recommend,224
2026-08-03,P17,paid,174
2026-08-03,P17,external,113
2026-08-03,P17,campaign,0
2026-08-04,P17,search,320
2026-08-04,P17,recommend,251
2026-08-04,P17,paid,168
2026-08-04,P17,external,89
2026-08-04,P17,campaign,0
2026-08-05,P17,search,316
2026-08-05,P17,recommend,252
2026-08-05,P17,paid,163
2026-08-05,P17,external,105
2026-08-05,P17,campaign,0
2026-08-06,P17,search,321
2026-08-06,P17,recommend,243
2026-08-06,P17,paid,154
2026-08-06,P17,external,100
2026-08-06,P17,campaign,0
2026-08-07,P17,search,346
2026-08-07,P17,recommend,225
2026-08-07,P17,paid,164
2026-08-07,P17,external,92
2026-08-07,P17,campaign,0
2026-08-08,P17,search,872
2026-08-08,P17,recommend,628
2026-08-08,P17,paid,410
2026-08-08,P17,external,246
2026-08-08,P17,campaign,0
2026-08-09,P17,search,364
2026-08-09,P17,recommend,309
2026-08-09,P17,paid,192
2026-08-09,P17,external,111
2026-08-09,P17,campaign,0
2026-08-10,P17,search,294
2026-08-10,P17,recommend,248
2026-08-10,P17,paid,168
2026-08-10,P17,external,106
2026-08-10,P17,campaign,0
2026-08-11,P17,search,309
2026-08-11,P17,recommend,234
2026-08-11,P17,paid,167
2026-08-11,P17,external,101
2026-08-11,P17,campaign,0
2026-08-12,P17,search,294
2026-08-12,P17,recommend,234
2026-08-12,P17,paid,164
2026-08-12,P17,external,90
2026-08-12,P17,campaign,0
2026-08-13,P17,search,318
2026-08-13,P17,recommend,257
2026-08-13,P17,paid,151
2026-08-13,P17,external,103
2026-08-13,P17,campaign,0
2026-08-14,P17,search,273
2026-08-14,P17,recommend,207
2026-08-14,P17,paid,154
2026-08-14,P17,external,99
2026-08-14,P17,campaign,0
2026-08-15,P17,search,385
2026-08-15,P17,recommend,269
2026-08-15,P17,paid,196
2026-08-15,P17,external,119
2026-08-15,P17,campaign,0
2026-08-16,P17,search,333
2026-08-16,P17,recommend,269
2026-08-16,P17,paid,180
2026-08-16,P17,external,96
2026-08-16,P17,campaign,0
2026-08-17,P17,search,285
2026-08-17,P17,recommend,262
2026-08-17,P17,paid,148
2026-08-17,P17,external,88
2026-08-17,P17,campaign,0
2026-08-18,P17,search,319
2026-08-18,P17,recommend,239
2026-08-18,P17,paid,171
2026-08-18,P17,external,97
2026-08-18,P17,campaign,0
2026-08-19,P17,search,327
2026-08-19,P17,recommend,265
2026-08-19,P17,paid,139
2026-08-19,P17,external,99
2026-08-19,P17,campaign,0
2026-08-20,P17,search,280
2026-08-20,P17,recommend,240
2026-08-20,P17,paid,135
2026-08-20,P17,external,93
2026-08-20,P17,campaign,0
2026-08-21,P17,search,270
2026-08-21,P17,recommend,228
2026-08-21,P17,paid,167
2026-08-21,P17,external,93
2026-08-21,P17,campaign,0
2026-08-22,P17,search,334
2026-08-22,P17,recommend,277
2026-08-22,P17,paid,184
2026-08-22,P17,external,119
2026-08-22,P17,campaign,0
2026-08-23,P17,search,321
2026-08-23,P17,recommend,271
2026-08-23,P17,paid,168
2026-08-23,P17,external,105
2026-08-23,P17,campaign,0
2026-08-24,P17,search,305
2026-08-24,P17,recommend,216
2026-08-24,P17,paid,151
2026-08-24,P17,external,87
2026-08-24,P17,campaign,0
2026-08-25,P17,search,311
2026-08-25,P17,recommend,234
2026-08-25,P17,paid,189
2026-08-25,P17,external,98
2026-08-25,P17,campaign,0
2026-08-26,P17,search,339
2026-08-26,P17,recommend,259
2026-08-26,P17,paid,162
2026-08-26,P17,external,95
2026-08-26,P17,campaign,0
2026-08-27,P17,search,334
2026-08-27,P17,recommend,236
2026-08-27,P17,paid,154
2026-08-27,P17,external,90
2026-08-27,P17,campaign,0
2026-08-28,P17,search,319
2026-08-28,P17,recommend,264
2026-08-28,P17,paid,168
2026-08-28,P17,external,105
2026-08-28,P17,campaign,0
2026-08-29,P17,search,347
2026-08-29,P17,recommend,267
2026-08-29,P17,paid,179
2026-08-29,P17,external,118
2026-08-29,P17,campaign,0
2026-08-30,P17,search,322
2026-08-30,P17,recommend,269
2026-08-30,P17,paid,180
2026-08-30,P17,external,101
2026-08-30,P17,campaign,0
2026-08-31,P17,search,242
2026-08-31,P17,recommend,227
2026-08-31,P17,paid,142
2026-08-31,P17,external,87
2026-08-31,P17,campaign,0
2026-09-01,P17,search,301
2026-09-01,P17,recommend,257
2026-09-01,P17,paid,182
2026-09-01,P17,external,102
2026-09-01,P17,campaign,0
2026-09-02,P17,search,290
2026-09-02,P17,recommend,233
2026-09-02,P17,paid,159
2026-09-02,P17,external,96
2026-09-02,P17,campaign,0
2026-09-03,P17,search,282
2026-09-03,P17,recommend,259
2026-09-03,P17,paid,159
2026-09-03,P17,external,92
2026-09-03,P17,campaign,0
2026-09-04,P17,search,282
2026-09-04,P17,recommend,254
2026-09-04,P17,paid,153
2026-09-04,P17,external,103
2026-09-04,P17,campaign,0
2026-09-05,P17,search,299
2026-09-05,P17,recommend,263
2026-09-05,P17,paid,179
2026-09-05,P17,external,108
2026-09-05,P17,campaign,0
2026-09-06,P17,search,306
2026-09-06,P17,recommend,268
2026-09-06,P17,paid,167
2026-09-06,P17,external,92
2026-09-06,P17,campaign,0
2026-09-07,P17,search,294
2026-09-07,P17,recommend,256
2026-09-07,P17,paid,165
2026-09-07,P17,external,98
2026-09-07,P17,campaign,0
2026-09-08,P17,search,312
2026-09-08,P17,recommend,229
2026-09-08,P17,paid,172
2026-09-08,P17,external,96
2026-09-08,P17,campaign,0
2026-09-09,P17,search,297
2026-09-09,P17,recommend,246
2026-09-09,P17,paid,177
2026-09-09,P17,external,105
2026-09-09,P17,campaign,0
2026-09-10,P17,search,296
2026-09-10,P17,recommend,241
2026-09-10,P17,paid,143
2026-09-10,P17,external,94
2026-09-10,P17,campaign,0
2026-09-11,P17,search,314
2026-09-11,P17,recommend,255
2026-09-11,P17,paid,155
2026-09-11,P17,external,104
2026-09-11,P17,campaign,0
2026-09-12,P17,search,293
2026-09-12,P17,recommend,248
2026-09-12,P17,paid,165
2026-09-12,P17,external,89
2026-09-12,P17,campaign,0
2026-09-13,P17,search,327
2026-09-13,P17,recommend,240
2026-09-13,P17,paid,194
2026-09-13,P17,external,115
2026-09-13,P17,campaign,0
2026-09-14,P17,search,354
2026-09-14,P17,recommend,232
2026-09-14,P17,paid,156
2026-09-14,P17,external,120
2026-09-14,P17,campaign,0
2026-09-15,P17,search,300
2026-09-15,P17,recommend,251
2026-09-15,P17,paid,149
2026-09-15,P17,external,87
2026-09-15,P17,campaign,0
2026-09-16,P17,search,293
2026-09-16,P17,recommend,225
2026-09-16,P17,paid,166
2026-09-16,P17,external,95
2026-09-16,P17,campaign,0
2026-09-17,P17,search,288
2026-09-17,P17,recommend,221
2026-09-17,P17,paid,153
2026-09-17,P17,external,96
2026-09-17,P17,campaign,0
2026-09-18,P17,search,297
2026-09-18,P17,recommend,216
2026-09-18,P17,paid,151
2026-09-18,P17,external,93
2026-09-18,P17,campaign,0
2026-09-19,P17,search,356
2026-09-19,P17,recommend,258
2026-09-19,P17,paid,167
2026-09-19,P17,external,100
2026-09-19,P17,campaign,0
2026-09-20,P17,search,319
2026-09-20,P17,recommend,257
2026-09-20,P17,paid,192
2026-09-20,P17,external,104
2026-09-20,P17,campaign,0
2026-07-23,P18,search,475
2026-07-23,P18,recommend,406
2026-07-23,P18,paid,266
2026-07-23,P18,external,140
2026-07-23,P18,campaign,0
2026-07-24,P18,search,562
2026-07-24,P18,recommend,430
2026-07-24,P18,paid,286
2026-07-24,P18,external,169
2026-07-24,P18,campaign,0
2026-07-25,P18,search,586
2026-07-25,P18,recommend,469
2026-07-25,P18,paid,287
2026-07-25,P18,external,182
2026-07-25,P18,campaign,0
2026-07-26,P18,search,596
2026-07-26,P18,recommend,476
2026-07-26,P18,paid,285
2026-07-26,P18,external,194
2026-07-26,P18,campaign,0
2026-07-27,P18,search,530
2026-07-27,P18,recommend,380
2026-07-27,P18,paid,260
2026-07-27,P18,external,157
2026-07-27,P18,campaign,0
2026-07-28,P18,search,534
2026-07-28,P18,recommend,398
2026-07-28,P18,paid,280
2026-07-28,P18,external,165
2026-07-28,P18,campaign,0
2026-07-29,P18,search,561
2026-07-29,P18,recommend,437
2026-07-29,P18,paid,261
2026-07-29,P18,external,153
2026-07-29,P18,campaign,0
2026-07-30,P18,search,529
2026-07-30,P18,recommend,436
2026-07-30,P18,paid,263
2026-07-30,P18,external,176
2026-07-30,P18,campaign,0
2026-07-31,P18,search,572
2026-07-31,P18,recommend,413
2026-07-31,P18,paid,294
2026-07-31,P18,external,158
2026-07-31,P18,campaign,0
2026-08-01,P18,search,597
2026-08-01,P18,recommend,453
2026-08-01,P18,paid,339
2026-08-01,P18,external,194
2026-08-01,P18,campaign,0
2026-08-02,P18,search,612
2026-08-02,P18,recommend,438
2026-08-02,P18,paid,326
2026-08-02,P18,external,187
2026-08-02,P18,campaign,0
2026-08-03,P18,search,532
2026-08-03,P18,recommend,423
2026-08-03,P18,paid,260
2026-08-03,P18,external,147
2026-08-03,P18,campaign,0
2026-08-04,P18,search,513
2026-08-04,P18,recommend,432
2026-08-04,P18,paid,262
2026-08-04,P18,external,184
2026-08-04,P18,campaign,0
2026-08-05,P18,search,534
2026-08-05,P18,recommend,409
2026-08-05,P18,paid,283
2026-08-05,P18,external,172
2026-08-05,P18,campaign,0
2026-08-06,P18,search,609
2026-08-06,P18,recommend,442
2026-08-06,P18,paid,307
2026-08-06,P18,external,186
2026-08-06,P18,campaign,0
2026-08-07,P18,search,530
2026-08-07,P18,recommend,376
2026-08-07,P18,paid,289
2026-08-07,P18,external,151
2026-08-07,P18,campaign,0
2026-08-08,P18,search,1482
2026-08-08,P18,recommend,1229
2026-08-08,P18,paid,736
2026-08-08,P18,external,437
2026-08-08,P18,campaign,0
2026-08-09,P18,search,563
2026-08-09,P18,recommend,431
2026-08-09,P18,paid,277
2026-08-09,P18,external,169
2026-08-09,P18,campaign,0
2026-08-10,P18,search,534
2026-08-10,P18,recommend,399
2026-08-10,P18,paid,272
2026-08-10,P18,external,149
2026-08-10,P18,campaign,0
2026-08-11,P18,search,573
2026-08-11,P18,recommend,477
2026-08-11,P18,paid,301
2026-08-11,P18,external,170
2026-08-11,P18,campaign,0
2026-08-12,P18,search,499
2026-08-12,P18,recommend,397
2026-08-12,P18,paid,273
2026-08-12,P18,external,171
2026-08-12,P18,campaign,0
2026-08-13,P18,search,573
2026-08-13,P18,recommend,421
2026-08-13,P18,paid,286
2026-08-13,P18,external,174
2026-08-13,P18,campaign,0
2026-08-14,P18,search,520
2026-08-14,P18,recommend,420
2026-08-14,P18,paid,275
2026-08-14,P18,external,146
2026-08-14,P18,campaign,0
2026-08-15,P18,search,550
2026-08-15,P18,recommend,480
2026-08-15,P18,paid,281
2026-08-15,P18,external,169
2026-08-15,P18,campaign,0
2026-08-16,P18,search,628
2026-08-16,P18,recommend,578
2026-08-16,P18,paid,303
2026-08-16,P18,external,208
2026-08-16,P18,campaign,0
2026-08-17,P18,search,563
2026-08-17,P18,recommend,441
2026-08-17,P18,paid,298
2026-08-17,P18,external,178
2026-08-17,P18,campaign,0
2026-08-18,P18,search,453
2026-08-18,P18,recommend,440
2026-08-18,P18,paid,261
2026-08-18,P18,external,167
2026-08-18,P18,campaign,0
2026-08-19,P18,search,537
2026-08-19,P18,recommend,415
2026-08-19,P18,paid,264
2026-08-19,P18,external,183
2026-08-19,P18,campaign,0
2026-08-20,P18,search,506
2026-08-20,P18,recommend,390
2026-08-20,P18,paid,277
2026-08-20,P18,external,162
2026-08-20,P18,campaign,0
2026-08-21,P18,search,513
2026-08-21,P18,recommend,359
2026-08-21,P18,paid,239
2026-08-21,P18,external,161
2026-08-21,P18,campaign,0
2026-08-22,P18,search,592
2026-08-22,P18,recommend,467
2026-08-22,P18,paid,343
2026-08-22,P18,external,204
2026-08-22,P18,campaign,0
2026-08-23,P18,search,549
2026-08-23,P18,recommend,492
2026-08-23,P18,paid,323
2026-08-23,P18,external,189
2026-08-23,P18,campaign,0
2026-08-24,P18,search,581
2026-08-24,P18,recommend,402
2026-08-24,P18,paid,270
2026-08-24,P18,external,160
2026-08-24,P18,campaign,0
2026-08-25,P18,search,456
2026-08-25,P18,recommend,431
2026-08-25,P18,paid,303
2026-08-25,P18,external,160
2026-08-25,P18,campaign,0
2026-08-26,P18,search,548
2026-08-26,P18,recommend,438
2026-08-26,P18,paid,290
2026-08-26,P18,external,172
2026-08-26,P18,campaign,0
2026-08-27,P18,search,612
2026-08-27,P18,recommend,417
2026-08-27,P18,paid,274
2026-08-27,P18,external,162
2026-08-27,P18,campaign,0
2026-08-28,P18,search,523
2026-08-28,P18,recommend,398
2026-08-28,P18,paid,254
2026-08-28,P18,external,144
2026-08-28,P18,campaign,0
2026-08-29,P18,search,560
2026-08-29,P18,recommend,459
2026-08-29,P18,paid,320
2026-08-29,P18,external,201
2026-08-29,P18,campaign,0
2026-08-30,P18,search,626
2026-08-30,P18,recommend,452
2026-08-30,P18,paid,303
2026-08-30,P18,external,200
2026-08-30,P18,campaign,0
2026-08-31,P18,search,554
2026-08-31,P18,recommend,416
2026-08-31,P18,paid,265
2026-08-31,P18,external,183
2026-08-31,P18,campaign,0
2026-09-01,P18,search,560
2026-09-01,P18,recommend,454
2026-09-01,P18,paid,306
2026-09-01,P18,external,158
2026-09-01,P18,campaign,0
2026-09-02,P18,search,545
2026-09-02,P18,recommend,455
2026-09-02,P18,paid,278
2026-09-02,P18,external,168
2026-09-02,P18,campaign,0
2026-09-03,P18,search,567
2026-09-03,P18,recommend,425
2026-09-03,P18,paid,284
2026-09-03,P18,external,169
2026-09-03,P18,campaign,0
2026-09-04,P18,search,537
2026-09-04,P18,recommend,422
2026-09-04,P18,paid,266
2026-09-04,P18,external,172
2026-09-04,P18,campaign,0
2026-09-05,P18,search,591
2026-09-05,P18,recommend,515
2026-09-05,P18,paid,336
2026-09-05,P18,external,204
2026-09-05,P18,campaign,0
2026-09-06,P18,search,581
2026-09-06,P18,recommend,460
2026-09-06,P18,paid,314
2026-09-06,P18,external,172
2026-09-06,P18,campaign,0
2026-09-07,P18,search,516
2026-09-07,P18,recommend,392
2026-09-07,P18,paid,293
2026-09-07,P18,external,171
2026-09-07,P18,campaign,0
2026-09-08,P18,search,450
2026-09-08,P18,recommend,386
2026-09-08,P18,paid,266
2026-09-08,P18,external,161
2026-09-08,P18,campaign,0
2026-09-09,P18,search,561
2026-09-09,P18,recommend,386
2026-09-09,P18,paid,285
2026-09-09,P18,external,185
2026-09-09,P18,campaign,0
2026-09-10,P18,search,532
2026-09-10,P18,recommend,442
2026-09-10,P18,paid,279
2026-09-10,P18,external,172
2026-09-10,P18,campaign,0
2026-09-11,P18,search,502
2026-09-11,P18,recommend,372
2026-09-11,P18,paid,277
2026-09-11,P18,external,167
2026-09-11,P18,campaign,0
2026-09-12,P18,search,624
2026-09-12,P18,recommend,530
2026-09-12,P18,paid,332
2026-09-12,P18,external,220
2026-09-12,P18,campaign,0
2026-09-13,P18,search,544
2026-09-13,P18,recommend,464
2026-09-13,P18,paid,290
2026-09-13,P18,external,179
2026-09-13,P18,campaign,0
2026-09-14,P18,search,557
2026-09-14,P18,recommend,420
2026-09-14,P18,paid,292
2026-09-14,P18,external,191
2026-09-14,P18,campaign,0
2026-09-15,P18,search,522
2026-09-15,P18,recommend,421
2026-09-15,P18,paid,283
2026-09-15,P18,external,154
2026-09-15,P18,campaign,0
2026-09-16,P18,search,518
2026-09-16,P18,recommend,433
2026-09-16,P18,paid,237
2026-09-16,P18,external,167
2026-09-16,P18,campaign,0
2026-09-17,P18,search,523
2026-09-17,P18,recommend,407
2026-09-17,P18,paid,290
2026-09-17,P18,external,170
2026-09-17,P18,campaign,0
2026-09-18,P18,search,480
2026-09-18,P18,recommend,401
2026-09-18,P18,paid,281
2026-09-18,P18,external,187
2026-09-18,P18,campaign,0
2026-09-19,P18,search,496
2026-09-19,P18,recommend,432
2026-09-19,P18,paid,308
2026-09-19,P18,external,175
2026-09-19,P18,campaign,0
2026-09-20,P18,search,543
2026-09-20,P18,recommend,428
2026-09-20,P18,paid,302
2026-09-20,P18,external,168
2026-09-20,P18,campaign,0
2026-07-23,P19,search,369
2026-07-23,P19,recommend,267
2026-07-23,P19,paid,182
2026-07-23,P19,external,121
2026-07-23,P19,campaign,0
2026-07-24,P19,search,392
2026-07-24,P19,recommend,285
2026-07-24,P19,paid,196
2026-07-24,P19,external,131
2026-07-24,P19,campaign,0
2026-07-25,P19,search,444
2026-07-25,P19,recommend,300
2026-07-25,P19,paid,206
2026-07-25,P19,external,129
2026-07-25,P19,campaign,0
2026-07-26,P19,search,443
2026-07-26,P19,recommend,402
2026-07-26,P19,paid,257
2026-07-26,P19,external,158
2026-07-26,P19,campaign,0
2026-07-27,P19,search,401
2026-07-27,P19,recommend,318
2026-07-27,P19,paid,192
2026-07-27,P19,external,131
2026-07-27,P19,campaign,0
2026-07-28,P19,search,380
2026-07-28,P19,recommend,261
2026-07-28,P19,paid,163
2026-07-28,P19,external,101
2026-07-28,P19,campaign,0
2026-07-29,P19,search,421
2026-07-29,P19,recommend,300
2026-07-29,P19,paid,233
2026-07-29,P19,external,134
2026-07-29,P19,campaign,0
2026-07-30,P19,search,345
2026-07-30,P19,recommend,322
2026-07-30,P19,paid,178
2026-07-30,P19,external,121
2026-07-30,P19,campaign,0
2026-07-31,P19,search,389
2026-07-31,P19,recommend,257
2026-07-31,P19,paid,215
2026-07-31,P19,external,114
2026-07-31,P19,campaign,0
2026-08-01,P19,search,457
2026-08-01,P19,recommend,328
2026-08-01,P19,paid,233
2026-08-01,P19,external,140
2026-08-01,P19,campaign,0
2026-08-02,P19,search,411
2026-08-02,P19,recommend,331
2026-08-02,P19,paid,216
2026-08-02,P19,external,139
2026-08-02,P19,campaign,0
2026-08-03,P19,search,378
2026-08-03,P19,recommend,309
2026-08-03,P19,paid,215
2026-08-03,P19,external,150
2026-08-03,P19,campaign,0
2026-08-04,P19,search,381
2026-08-04,P19,recommend,303
2026-08-04,P19,paid,195
2026-08-04,P19,external,119
2026-08-04,P19,campaign,0
2026-08-05,P19,search,370
2026-08-05,P19,recommend,324
2026-08-05,P19,paid,217
2026-08-05,P19,external,118
2026-08-05,P19,campaign,0
2026-08-06,P19,search,401
2026-08-06,P19,recommend,347
2026-08-06,P19,paid,255
2026-08-06,P19,external,137
2026-08-06,P19,campaign,0
2026-08-07,P19,search,345
2026-08-07,P19,recommend,302
2026-08-07,P19,paid,189
2026-08-07,P19,external,119
2026-08-07,P19,campaign,0
2026-08-08,P19,search,1041
2026-08-08,P19,recommend,841
2026-08-08,P19,paid,550
2026-08-08,P19,external,316
2026-08-08,P19,campaign,0
2026-08-09,P19,search,355
2026-08-09,P19,recommend,326
2026-08-09,P19,paid,200
2026-08-09,P19,external,123
2026-08-09,P19,campaign,0
2026-08-10,P19,search,386
2026-08-10,P19,recommend,317
2026-08-10,P19,paid,179
2026-08-10,P19,external,135
2026-08-10,P19,campaign,0
2026-08-11,P19,search,373
2026-08-11,P19,recommend,333
2026-08-11,P19,paid,211
2026-08-11,P19,external,128
2026-08-11,P19,campaign,0
2026-08-12,P19,search,405
2026-08-12,P19,recommend,295
2026-08-12,P19,paid,198
2026-08-12,P19,external,114
2026-08-12,P19,campaign,0
2026-08-13,P19,search,376
2026-08-13,P19,recommend,291
2026-08-13,P19,paid,217
2026-08-13,P19,external,112
2026-08-13,P19,campaign,0
2026-08-14,P19,search,361
2026-08-14,P19,recommend,271
2026-08-14,P19,paid,193
2026-08-14,P19,external,116
2026-08-14,P19,campaign,0
2026-08-15,P19,search,437
2026-08-15,P19,recommend,351
2026-08-15,P19,paid,218
2026-08-15,P19,external,130
2026-08-15,P19,campaign,0
2026-08-16,P19,search,434
2026-08-16,P19,recommend,362
2026-08-16,P19,paid,212
2026-08-16,P19,external,144
2026-08-16,P19,campaign,0
2026-08-17,P19,search,426
2026-08-17,P19,recommend,285
2026-08-17,P19,paid,203
2026-08-17,P19,external,121
2026-08-17,P19,campaign,0
2026-08-18,P19,search,401
2026-08-18,P19,recommend,294
2026-08-18,P19,paid,208
2026-08-18,P19,external,99
2026-08-18,P19,campaign,0
2026-08-19,P19,search,365
2026-08-19,P19,recommend,297
2026-08-19,P19,paid,200
2026-08-19,P19,external,125
2026-08-19,P19,campaign,0
2026-08-20,P19,search,380
2026-08-20,P19,recommend,332
2026-08-20,P19,paid,243
2026-08-20,P19,external,144
2026-08-20,P19,campaign,0
2026-08-21,P19,search,343
2026-08-21,P19,recommend,317
2026-08-21,P19,paid,201
2026-08-21,P19,external,120
2026-08-21,P19,campaign,0
2026-08-22,P19,search,457
2026-08-22,P19,recommend,321
2026-08-22,P19,paid,221
2026-08-22,P19,external,139
2026-08-22,P19,campaign,0
2026-08-23,P19,search,463
2026-08-23,P19,recommend,404
2026-08-23,P19,paid,245
2026-08-23,P19,external,130
2026-08-23,P19,campaign,0
2026-08-24,P19,search,415
2026-08-24,P19,recommend,324
2026-08-24,P19,paid,197
2026-08-24,P19,external,136
2026-08-24,P19,campaign,0
2026-08-25,P19,search,406
2026-08-25,P19,recommend,327
2026-08-25,P19,paid,229
2026-08-25,P19,external,140
2026-08-25,P19,campaign,0
2026-08-26,P19,search,358
2026-08-26,P19,recommend,293
2026-08-26,P19,paid,238
2026-08-26,P19,external,127
2026-08-26,P19,campaign,0
2026-08-27,P19,search,397
2026-08-27,P19,recommend,337
2026-08-27,P19,paid,218
2026-08-27,P19,external,123
2026-08-27,P19,campaign,0
2026-08-28,P19,search,399
2026-08-28,P19,recommend,295
2026-08-28,P19,paid,199
2026-08-28,P19,external,128
2026-08-28,P19,campaign,0
2026-08-29,P19,search,406
2026-08-29,P19,recommend,336
2026-08-29,P19,paid,238
2026-08-29,P19,external,129
2026-08-29,P19,campaign,0
2026-08-30,P19,search,403
2026-08-30,P19,recommend,350
2026-08-30,P19,paid,213
2026-08-30,P19,external,123
2026-08-30,P19,campaign,0
2026-08-31,P19,search,374
2026-08-31,P19,recommend,295
2026-08-31,P19,paid,209
2026-08-31,P19,external,118
2026-08-31,P19,campaign,0
2026-09-01,P19,search,366
2026-09-01,P19,recommend,322
2026-09-01,P19,paid,222
2026-09-01,P19,external,124
2026-09-01,P19,campaign,0
2026-09-02,P19,search,380
2026-09-02,P19,recommend,291
2026-09-02,P19,paid,207
2026-09-02,P19,external,127
2026-09-02,P19,campaign,0
2026-09-03,P19,search,393
2026-09-03,P19,recommend,280
2026-09-03,P19,paid,201
2026-09-03,P19,external,124
2026-09-03,P19,campaign,0
2026-09-04,P19,search,361
2026-09-04,P19,recommend,257
2026-09-04,P19,paid,191
2026-09-04,P19,external,113
2026-09-04,P19,campaign,0
2026-09-05,P19,search,415
2026-09-05,P19,recommend,315
2026-09-05,P19,paid,203
2026-09-05,P19,external,118
2026-09-05,P19,campaign,0
2026-09-06,P19,search,398
2026-09-06,P19,recommend,334
2026-09-06,P19,paid,209
2026-09-06,P19,external,136
2026-09-06,P19,campaign,0
2026-09-07,P19,search,389
2026-09-07,P19,recommend,293
2026-09-07,P19,paid,222
2026-09-07,P19,external,138
2026-09-07,P19,campaign,0
2026-09-08,P19,search,369
2026-09-08,P19,recommend,313
2026-09-08,P19,paid,211
2026-09-08,P19,external,116
2026-09-08,P19,campaign,0
2026-09-09,P19,search,371
2026-09-09,P19,recommend,309
2026-09-09,P19,paid,211
2026-09-09,P19,external,127
2026-09-09,P19,campaign,0
2026-09-10,P19,search,367
2026-09-10,P19,recommend,261
2026-09-10,P19,paid,192
2026-09-10,P19,external,116
2026-09-10,P19,campaign,0
2026-09-11,P19,search,390
2026-09-11,P19,recommend,303
2026-09-11,P19,paid,210
2026-09-11,P19,external,114
2026-09-11,P19,campaign,0
2026-09-12,P19,search,420
2026-09-12,P19,recommend,331
2026-09-12,P19,paid,201
2026-09-12,P19,external,131
2026-09-12,P19,campaign,0
2026-09-13,P19,search,453
2026-09-13,P19,recommend,326
2026-09-13,P19,paid,218
2026-09-13,P19,external,133
2026-09-13,P19,campaign,0
2026-09-14,P19,search,421
2026-09-14,P19,recommend,305
2026-09-14,P19,paid,210
2026-09-14,P19,external,122
2026-09-14,P19,campaign,0
2026-09-15,P19,search,403
2026-09-15,P19,recommend,314
2026-09-15,P19,paid,209
2026-09-15,P19,external,113
2026-09-15,P19,campaign,0
2026-09-16,P19,search,388
2026-09-16,P19,recommend,277
2026-09-16,P19,paid,186
2026-09-16,P19,external,111
2026-09-16,P19,campaign,0
2026-09-17,P19,search,375
2026-09-17,P19,recommend,301
2026-09-17,P19,paid,197
2026-09-17,P19,external,117
2026-09-17,P19,campaign,0
2026-09-18,P19,search,391
2026-09-18,P19,recommend,340
2026-09-18,P19,paid,209
2026-09-18,P19,external,120
2026-09-18,P19,campaign,0
2026-09-19,P19,search,403
2026-09-19,P19,recommend,338
2026-09-19,P19,paid,215
2026-09-19,P19,external,136
2026-09-19,P19,campaign,0
2026-09-20,P19,search,418
2026-09-20,P19,recommend,346
2026-09-20,P19,paid,205
2026-09-20,P19,external,132
2026-09-20,P19,campaign,0
2026-07-23,P20,search,189
2026-07-23,P20,recommend,139
2026-07-23,P20,paid,99
2026-07-23,P20,external,56
2026-07-23,P20,campaign,0
2026-07-24,P20,search,172
2026-07-24,P20,recommend,131
2026-07-24,P20,paid,103
2026-07-24,P20,external,56
2026-07-24,P20,campaign,0
2026-07-25,P20,search,171
2026-07-25,P20,recommend,142
2026-07-25,P20,paid,94
2026-07-25,P20,external,56
2026-07-25,P20,campaign,0
2026-07-26,P20,search,170
2026-07-26,P20,recommend,136
2026-07-26,P20,paid,89
2026-07-26,P20,external,59
2026-07-26,P20,campaign,0
2026-07-27,P20,search,170
2026-07-27,P20,recommend,136
2026-07-27,P20,paid,94
2026-07-27,P20,external,56
2026-07-27,P20,campaign,0
2026-07-28,P20,search,176
2026-07-28,P20,recommend,124
2026-07-28,P20,paid,81
2026-07-28,P20,external,52
2026-07-28,P20,campaign,0
2026-07-29,P20,search,166
2026-07-29,P20,recommend,140
2026-07-29,P20,paid,84
2026-07-29,P20,external,57
2026-07-29,P20,campaign,0
2026-07-30,P20,search,174
2026-07-30,P20,recommend,135
2026-07-30,P20,paid,95
2026-07-30,P20,external,51
2026-07-30,P20,campaign,0
2026-07-31,P20,search,165
2026-07-31,P20,recommend,122
2026-07-31,P20,paid,101
2026-07-31,P20,external,49
2026-07-31,P20,campaign,0
2026-08-01,P20,search,165
2026-08-01,P20,recommend,135
2026-08-01,P20,paid,98
2026-08-01,P20,external,51
2026-08-01,P20,campaign,0
2026-08-02,P20,search,178
2026-08-02,P20,recommend,131
2026-08-02,P20,paid,95
2026-08-02,P20,external,55
2026-08-02,P20,campaign,0
2026-08-03,P20,search,183
2026-08-03,P20,recommend,123
2026-08-03,P20,paid,83
2026-08-03,P20,external,53
2026-08-03,P20,campaign,0
2026-08-04,P20,search,175
2026-08-04,P20,recommend,140
2026-08-04,P20,paid,97
2026-08-04,P20,external,54
2026-08-04,P20,campaign,0
2026-08-05,P20,search,171
2026-08-05,P20,recommend,140
2026-08-05,P20,paid,89
2026-08-05,P20,external,61
2026-08-05,P20,campaign,0
2026-08-06,P20,search,176
2026-08-06,P20,recommend,142
2026-08-06,P20,paid,88
2026-08-06,P20,external,55
2026-08-06,P20,campaign,0
2026-08-07,P20,search,181
2026-08-07,P20,recommend,142
2026-08-07,P20,paid,98
2026-08-07,P20,external,59
2026-08-07,P20,campaign,0
2026-08-08,P20,search,457
2026-08-08,P20,recommend,371
2026-08-08,P20,paid,211
2026-08-08,P20,external,134
2026-08-08,P20,campaign,0
2026-08-09,P20,search,178
2026-08-09,P20,recommend,144
2026-08-09,P20,paid,95
2026-08-09,P20,external,64
2026-08-09,P20,campaign,0
2026-08-10,P20,search,147
2026-08-10,P20,recommend,120
2026-08-10,P20,paid,87
2026-08-10,P20,external,48
2026-08-10,P20,campaign,0
2026-08-11,P20,search,152
2026-08-11,P20,recommend,131
2026-08-11,P20,paid,102
2026-08-11,P20,external,52
2026-08-11,P20,campaign,0
2026-08-12,P20,search,167
2026-08-12,P20,recommend,127
2026-08-12,P20,paid,86
2026-08-12,P20,external,54
2026-08-12,P20,campaign,0
2026-08-13,P20,search,164
2026-08-13,P20,recommend,138
2026-08-13,P20,paid,83
2026-08-13,P20,external,47
2026-08-13,P20,campaign,0
2026-08-14,P20,search,170
2026-08-14,P20,recommend,138
2026-08-14,P20,paid,87
2026-08-14,P20,external,48
2026-08-14,P20,campaign,0
2026-08-15,P20,search,197
2026-08-15,P20,recommend,152
2026-08-15,P20,paid,102
2026-08-15,P20,external,51
2026-08-15,P20,campaign,0
2026-08-16,P20,search,186
2026-08-16,P20,recommend,171
2026-08-16,P20,paid,116
2026-08-16,P20,external,61
2026-08-16,P20,campaign,0
2026-08-17,P20,search,185
2026-08-17,P20,recommend,136
2026-08-17,P20,paid,92
2026-08-17,P20,external,60
2026-08-17,P20,campaign,0
2026-08-18,P20,search,182
2026-08-18,P20,recommend,160
2026-08-18,P20,paid,109
2026-08-18,P20,external,53
2026-08-18,P20,campaign,0
2026-08-19,P20,search,166
2026-08-19,P20,recommend,139
2026-08-19,P20,paid,96
2026-08-19,P20,external,55
2026-08-19,P20,campaign,0
2026-08-20,P20,search,199
2026-08-20,P20,recommend,157
2026-08-20,P20,paid,95
2026-08-20,P20,external,66
2026-08-20,P20,campaign,0
2026-08-21,P20,search,196
2026-08-21,P20,recommend,132
2026-08-21,P20,paid,90
2026-08-21,P20,external,59
2026-08-21,P20,campaign,0
2026-08-22,P20,search,188
2026-08-22,P20,recommend,133
2026-08-22,P20,paid,104
2026-08-22,P20,external,60
2026-08-22,P20,campaign,0
2026-08-23,P20,search,208
2026-08-23,P20,recommend,149
2026-08-23,P20,paid,107
2026-08-23,P20,external,66
2026-08-23,P20,campaign,0
2026-08-24,P20,search,192
2026-08-24,P20,recommend,132
2026-08-24,P20,paid,102
2026-08-24,P20,external,58
2026-08-24,P20,campaign,0
2026-08-25,P20,search,179
2026-08-25,P20,recommend,139
2026-08-25,P20,paid,91
2026-08-25,P20,external,62
2026-08-25,P20,campaign,0
2026-08-26,P20,search,144
2026-08-26,P20,recommend,124
2026-08-26,P20,paid,84
2026-08-26,P20,external,45
2026-08-26,P20,campaign,0
2026-08-27,P20,search,190
2026-08-27,P20,recommend,124
2026-08-27,P20,paid,93
2026-08-27,P20,external,53
2026-08-27,P20,campaign,0
2026-08-28,P20,search,172
2026-08-28,P20,recommend,150
2026-08-28,P20,paid,109
2026-08-28,P20,external,53
2026-08-28,P20,campaign,0
2026-08-29,P20,search,206
2026-08-29,P20,recommend,146
2026-08-29,P20,paid,98
2026-08-29,P20,external,61
2026-08-29,P20,campaign,0
2026-08-30,P20,search,190
2026-08-30,P20,recommend,156
2026-08-30,P20,paid,98
2026-08-30,P20,external,60
2026-08-30,P20,campaign,0
2026-08-31,P20,search,180
2026-08-31,P20,recommend,126
2026-08-31,P20,paid,84
2026-08-31,P20,external,55
2026-08-31,P20,campaign,0
2026-09-01,P20,search,167
2026-09-01,P20,recommend,125
2026-09-01,P20,paid,84
2026-09-01,P20,external,51
2026-09-01,P20,campaign,0
2026-09-02,P20,search,174
2026-09-02,P20,recommend,132
2026-09-02,P20,paid,84
2026-09-02,P20,external,54
2026-09-02,P20,campaign,0
2026-09-03,P20,search,192
2026-09-03,P20,recommend,142
2026-09-03,P20,paid,90
2026-09-03,P20,external,58
2026-09-03,P20,campaign,0
2026-09-04,P20,search,180
2026-09-04,P20,recommend,139
2026-09-04,P20,paid,104
2026-09-04,P20,external,59
2026-09-04,P20,campaign,0
2026-09-05,P20,search,167
2026-09-05,P20,recommend,142
2026-09-05,P20,paid,97
2026-09-05,P20,external,54
2026-09-05,P20,campaign,0
2026-09-06,P20,search,182
2026-09-06,P20,recommend,134
2026-09-06,P20,paid,96
2026-09-06,P20,external,56
2026-09-06,P20,campaign,0
2026-09-07,P20,search,161
2026-09-07,P20,recommend,139
2026-09-07,P20,paid,94
2026-09-07,P20,external,57
2026-09-07,P20,campaign,0
2026-09-08,P20,search,158
2026-09-08,P20,recommend,145
2026-09-08,P20,paid,93
2026-09-08,P20,external,51
2026-09-08,P20,campaign,0
2026-09-09,P20,search,160
2026-09-09,P20,recommend,124
2026-09-09,P20,paid,87
2026-09-09,P20,external,54
2026-09-09,P20,campaign,0
2026-09-10,P20,search,153
2026-09-10,P20,recommend,141
2026-09-10,P20,paid,85
2026-09-10,P20,external,60
2026-09-10,P20,campaign,0
2026-09-11,P20,search,189
2026-09-11,P20,recommend,139
2026-09-11,P20,paid,105
2026-09-11,P20,external,57
2026-09-11,P20,campaign,0
2026-09-12,P20,search,195
2026-09-12,P20,recommend,145
2026-09-12,P20,paid,96
2026-09-12,P20,external,53
2026-09-12,P20,campaign,0
2026-09-13,P20,search,200
2026-09-13,P20,recommend,163
2026-09-13,P20,paid,111
2026-09-13,P20,external,64
2026-09-13,P20,campaign,0
2026-09-14,P20,search,198
2026-09-14,P20,recommend,145
2026-09-14,P20,paid,102
2026-09-14,P20,external,62
2026-09-14,P20,campaign,0
2026-09-15,P20,search,166
2026-09-15,P20,recommend,135
2026-09-15,P20,paid,97
2026-09-15,P20,external,62
2026-09-15,P20,campaign,0
2026-09-16,P20,search,181
2026-09-16,P20,recommend,143
2026-09-16,P20,paid,96
2026-09-16,P20,external,55
2026-09-16,P20,campaign,0
2026-09-17,P20,search,176
2026-09-17,P20,recommend,127
2026-09-17,P20,paid,79
2026-09-17,P20,external,49
2026-09-17,P20,campaign,0
2026-09-18,P20,search,183
2026-09-18,P20,recommend,142
2026-09-18,P20,paid,87
2026-09-18,P20,external,55
2026-09-18,P20,campaign,0
2026-09-19,P20,search,193
2026-09-19,P20,recommend,159
2026-09-19,P20,paid,113
2026-09-19,P20,external,67
2026-09-19,P20,campaign,0
2026-09-20,P20,search,199
2026-09-20,P20,recommend,149
2026-09-20,P20,paid,98
2026-09-20,P20,external,66
2026-09-20,P20,campaign,0
