date,product_id,channel,uv
2026-06-23,S01,search,4042
2026-06-23,S01,recommend,3372
2026-06-23,S01,paid,1478
2026-06-23,S01,external,1262
2026-06-23,S01,campaign,0
2026-06-24,S01,search,3676
2026-06-24,S01,recommend,3375
2026-06-24,S01,paid,1465
2026-06-24,S01,external,1151
2026-06-24,S01,campaign,0
2026-06-25,S01,search,4337
2026-06-25,S01,recommend,3502
2026-06-25,S01,paid,1615
2026-06-25,S01,external,1216
2026-06-25,S01,campaign,0
2026-06-26,S01,search,3834
2026-06-26,S01,recommend,3064
2026-06-26,S01,paid,1400
2026-06-26,S01,external,1133
2026-06-26,S01,campaign,0
2026-06-27,S01,search,4127
2026-06-27,S01,recommend,3519
2026-06-27,S01,paid,1697
2026-06-27,S01,external,1378
2026-06-27,S01,campaign,0
2026-06-28,S01,search,4308
2026-06-28,S01,recommend,3607
2026-06-28,S01,paid,1702
2026-06-28,S01,external,1395
2026-06-28,S01,campaign,0
2026-06-29,S01,search,4124
2026-06-29,S01,recommend,3011
2026-06-29,S01,paid,1639
2026-06-29,S01,external,1284
2026-06-29,S01,campaign,0
2026-06-30,S01,search,3629
2026-06-30,S01,recommend,3449
2026-06-30,S01,paid,1653
2026-06-30,S01,external,1323
2026-06-30,S01,campaign,0
2026-07-01,S01,search,3602
2026-07-01,S01,recommend,3015
2026-07-01,S01,paid,1594
2026-07-01,S01,external,1155
2026-07-01,S01,campaign,0
2026-07-02,S01,search,3798
2026-07-02,S01,recommend,3037
2026-07-02,S01,paid,1167
2026-07-02,S01,external,1016
2026-07-02,S01,campaign,0
2026-07-03,S01,search,3755
2026-07-03,S01,recommend,3416
2026-07-03,S01,paid,1464
2026-07-03,S01,external,1113
2026-07-03,S01,campaign,0
2026-07-04,S01,search,4585
2026-07-04,S01,recommend,3787
2026-07-04,S01,paid,1687
2026-07-04,S01,external,1387
2026-07-04,S01,campaign,0
2026-07-05,S01,search,4087
2026-07-05,S01,recommend,3207
2026-07-05,S01,paid,1426
2026-07-05,S01,external,1218
2026-07-05,S01,campaign,0
2026-07-06,S01,search,4382
2026-07-06,S01,recommend,3412
2026-07-06,S01,paid,1707
2026-07-06,S01,external,1219
2026-07-06,S01,campaign,0
2026-07-07,S01,search,3913
2026-07-07,S01,recommend,2936
2026-07-07,S01,paid,1303
2026-07-07,S01,external,994
2026-07-07,S01,campaign,0
2026-07-08,S01,search,4271
2026-07-08,S01,recommend,3199
2026-07-08,S01,paid,1563
2026-07-08,S01,external,1297
2026-07-08,S01,campaign,0
2026-07-09,S01,search,3836
2026-07-09,S01,recommend,3083
2026-07-09,S01,paid,1499
2026-07-09,S01,external,1065
2026-07-09,S01,campaign,0
2026-07-10,S01,search,3207
2026-07-10,S01,recommend,3059
2026-07-10,S01,paid,1448
2026-07-10,S01,external,1122
2026-07-10,S01,campaign,0
2026-07-11,S01,search,4043
2026-07-11,S01,recommend,3553
2026-07-11,S01,paid,1693
2026-07-11,S01,external,1480
2026-07-11,S01,campaign,0
2026-07-12,S01,search,4257
2026-07-12,S01,recommend,3913
2026-07-12,S01,paid,1683
2026-07-12,S01,external,1440
2026-07-12,S01,campaign,0
2026-07-13,S01,search,3858
2026-07-13,S01,recommend,3295
2026-07-13,S01,paid,1492
2026-07-13,S01,external,1136
2026-07-13,S01,campaign,0
2026-07-14,S01,search,3497
2026-07-14,S01,recommend,2994
2026-07-14,S01,paid,1251
2026-07-14,S01,external,1224
2026-07-14,S01,campaign,0
2026-07-15,S01,search,4151
2026-07-15,S01,recommend,3290
2026-07-15,S01,paid,1398
2026-07-15,S01,external,1334
2026-07-15,S01,campaign,0
2026-07-16,S01,search,3908
2026-07-16,S01,recommend,3100
2026-07-16,S01,paid,1385
2026-07-16,S01,external,1125
2026-07-16,S01,campaign,0
2026-07-17,S01,search,3563
2026-07-17,S01,recommend,3148
2026-07-17,S01,paid,1505
2026-07-17,S01,external,1049
2026-07-17,S01,campaign,0
2026-07-18,S01,search,4620
2026-07-18,S01,recommend,3488
2026-07-18,S01,paid,1485
2026-07-18,S01,external,1352
2026-07-18,S01,campaign,0
2026-07-19,S01,search,4628
2026-07-19,S01,recommend,4041
2026-07-19,S01,paid,1804
2026-07-19,S01,external,1348
2026-07-19,S01,campaign,0
2026-07-20,S01,search,3984
2026-07-20,S01,recommend,3297
2026-07-20,S01,paid,1476
2026-07-20,S01,external,1226
2026-07-20,S01,campaign,0
2026-07-21,S01,search,4081
2026-07-21,S01,recommend,3287
2026-07-21,S01,paid,1537
2026-07-21,S01,external,1050
2026-07-21,S01,campaign,0
2026-07-22,S01,search,4495
2026-07-22,S01,recommend,3323
2026-07-22,S01,paid,1586
2026-07-22,S01,external,1358
2026-07-22,S01,campaign,0
2026-07-23,S01,search,3950
2026-07-23,S01,recommend,3127
2026-07-23,S01,paid,1540
2026-07-23,S01,external,1234
2026-07-23,S01,campaign,0
2026-07-24,S01,search,4206
2026-07-24,S01,recommend,3462
2026-07-24,S01,paid,1490
2026-07-24,S01,external,1136
2026-07-24,S01,campaign,0
2026-07-25,S01,search,4425
2026-07-25,S01,recommend,3488
2026-07-25,S01,paid,1630
2026-07-25,S01,external,1337
2026-07-25,S01,campaign,0
2026-07-26,S01,search,4496
2026-07-26,S01,recommend,3602
2026-07-26,S01,paid,1608
2026-07-26,S01,external,1250
2026-07-26,S01,campaign,0
2026-07-27,S01,search,4052
2026-07-27,S01,recommend,3099
2026-07-27,S01,paid,1373
2026-07-27,S01,external,1103
2026-07-27,S01,campaign,0
2026-07-28,S01,search,3674
2026-07-28,S01,recommend,3120
2026-07-28,S01,paid,1356
2026-07-28,S01,external,1067
2026-07-28,S01,campaign,0
2026-07-29,S01,search,4195
2026-07-29,S01,recommend,3707
2026-07-29,S01,paid,1582
2026-07-29,S01,external,1189
2026-07-29,S01,campaign,0
2026-07-30,S01,search,4191
2026-07-30,S01,recommend,3415
2026-07-30,S01,paid,1632
2026-07-30,S01,external,1218
2026-07-30,S01,campaign,0
2026-07-31,S01,search,3482
2026-07-31,S01,recommend,2922
2026-07-31,S01,paid,1425
2026-07-31,S01,external,1161
2026-07-31,S01,campaign,0
2026-08-01,S01,search,4483
2026-08-01,S01,recommend,3417
2026-08-01,S01,paid,1508
2026-08-01,S01,external,1232
2026-08-01,S01,campaign,0
2026-08-02,S01,search,4158
2026-08-02,S01,recommend,3290
2026-08-02,S01,paid,1497
2026-08-02,S01,external,1240
2026-08-02,S01,campaign,0
2026-08-03,S01,search,3819
2026-08-03,S01,recommend,3016
2026-08-03,S01,paid,1490
2026-08-03,S01,external,1153
2026-08-03,S01,campaign,0
2026-08-04,S01,search,4040
2026-08-04,S01,recommend,3764
2026-08-04,S01,paid,1587
2026-08-04,S01,external,1201
2026-08-04,S01,campaign,0
2026-08-05,S01,search,4357
2026-08-05,S01,recommend,3713
2026-08-05,S01,paid,1538
2026-08-05,S01,external,1262
2026-08-05,S01,campaign,0
2026-08-06,S01,search,4089
2026-08-06,S01,recommend,3647
2026-08-06,S01,paid,1491
2026-08-06,S01,external,1125
2026-08-06,S01,campaign,0
2026-08-07,S01,search,4100
2026-08-07,S01,recommend,3576
2026-08-07,S01,paid,1495
2026-08-07,S01,external,1073
2026-08-07,S01,campaign,0
2026-08-08,S01,search,4083
2026-08-08,S01,recommend,3798
2026-08-08,S01,paid,1663
2026-08-08,S01,external,1160
2026-08-08,S01,campaign,0
2026-08-09,S01,search,4280
2026-08-09,S01,recommend,3278
2026-08-09,S01,paid,1380
2026-08-09,S01,external,1198
2026-08-09,S01,campaign,0
2026-08-10,S01,search,3947
2026-08-10,S01,recommend,3299
2026-08-10,S01,paid,1506
2026-08-10,S01,external,1270
2026-08-10,S01,campaign,0
2026-08-11,S01,search,3798
2026-08-11,S01,recommend,3383
2026-08-11,S01,paid,1413
2026-08-11,S01,external,1168
2026-08-11,S01,campaign,0
2026-08-12,S01,search,3998
2026-08-12,S01,recommend,3343
2026-08-12,S01,paid,1580
2026-08-12,S01,external,1215
2026-08-12,S01,campaign,0
2026-08-13,S01,search,3723
2026-08-13,S01,recommend,3498
2026-08-13,S01,paid,1505
2026-08-13,S01,external,1103
2026-08-13,S01,campaign,0
2026-08-14,S01,search,4953
2026-08-14,S01,recommend,3269
2026-08-14,S01,paid,1615
2026-08-14,S01,external,1384
2026-08-14,S01,campaign,0
2026-08-15,S01,search,4718
2026-08-15,S01,recommend,3458
2026-08-15,S01,paid,1761
2026-08-15,S01,external,1476
2026-08-15,S01,campaign,0
2026-08-16,S01,search,4230
2026-08-16,S01,recommend,3658
2026-08-16,S01,paid,1559
2026-08-16,S01,external,1286
2026-08-16,S01,campaign,0
2026-08-17,S01,search,4028
2026-08-17,S01,recommend,3269
2026-08-17,S01,paid,1535
2026-08-17,S01,external,1142
2026-08-17,S01,campaign,0
2026-08-18,S01,search,4379
2026-08-18,S01,recommend,3413
2026-08-18,S01,paid,1673
2026-08-18,S01,external,1173
2026-08-18,S01,campaign,0
2026-08-19,S01,search,3847
2026-08-19,S01,recommend,3469
2026-08-19,S01,paid,1471
2026-08-19,S01,external,1185
2026-08-19,S01,campaign,0
2026-08-20,S01,search,4307
2026-08-20,S01,recommend,3553
2026-08-20,S01,paid,1531
2026-08-20,S01,external,1416
2026-08-20,S01,campaign,0
2026-08-21,S01,search,3889
2026-08-21,S01,recommend,3354
2026-08-21,S01,paid,1704
2026-08-21,S01,external,1374
2026-08-21,S01,campaign,0
2026-08-22,S01,search,4513
2026-08-22,S01,recommend,3668
2026-08-22,S01,paid,1884
2026-08-22,S01,external,1520
2026-08-22,S01,campaign,0
2026-08-23,S01,search,4903
2026-08-23,S01,recommend,4065
2026-08-23,S01,paid,1822
2026-08-23,S01,external,1433
2026-08-23,S01,campaign,0
2026-08-24,S01,search,4689
2026-08-24,S01,recommend,3474
2026-08-24,S01,paid,1624
2026-08-24,S01,external,1167
2026-08-24,S01,campaign,0
2026-08-25,S01,search,3725
2026-08-25,S01,recommend,3318
2026-08-25,S01,paid,1379
2026-08-25,S01,external,1213
2026-08-25,S01,campaign,0
2026-08-26,S01,search,4097
2026-08-26,S01,recommend,3264
2026-08-26,S01,paid,1584
2026-08-26,S01,external,1154
2026-08-26,S01,campaign,0
2026-08-27,S01,search,4113
2026-08-27,S01,recommend,3167
2026-08-27,S01,paid,1435
2026-08-27,S01,external,1107
2026-08-27,S01,campaign,0
2026-08-28,S01,search,4485
2026-08-28,S01,recommend,3370
2026-08-28,S01,paid,1680
2026-08-28,S01,external,1372
2026-08-28,S01,campaign,0
2026-08-29,S01,search,3758
2026-08-29,S01,recommend,3828
2026-08-29,S01,paid,1689
2026-08-29,S01,external,1354
2026-08-29,S01,campaign,0
2026-08-30,S01,search,4142
2026-08-30,S01,recommend,3695
2026-08-30,S01,paid,1483
2026-08-30,S01,external,1316
2026-08-30,S01,campaign,0
2026-08-31,S01,search,4318
2026-08-31,S01,recommend,3536
2026-08-31,S01,paid,1674
2026-08-31,S01,external,1385
2026-08-31,S01,campaign,0
2026-09-01,S01,search,4282
2026-09-01,S01,recommend,3464
2026-09-01,S01,paid,1552
2026-09-01,S01,external,1316
2026-09-01,S01,campaign,0
2026-09-02,S01,search,4025
2026-09-02,S01,recommend,3334
2026-09-02,S01,paid,1567
2026-09-02,S01,external,1260
2026-09-02,S01,campaign,0
2026-09-03,S01,search,3795
2026-09-03,S01,recommend,3233
2026-09-03,S01,paid,1457
2026-09-03,S01,external,1139
2026-09-03,S01,campaign,0
2026-09-04,S01,search,3197
2026-09-04,S01,recommend,3442
2026-09-04,S01,paid,1424
2026-09-04,S01,external,1059
2026-09-04,S01,campaign,0
2026-09-05,S01,search,4745
2026-09-05,S01,recommend,3799
2026-09-05,S01,paid,1797
2026-09-05,S01,external,1371
2026-09-05,S01,campaign,0
2026-09-06,S01,search,4054
2026-09-06,S01,recommend,3304
2026-09-06,S01,paid,1654
2026-09-06,S01,external,1249
2026-09-06,S01,campaign,0
2026-09-07,S01,search,3860
2026-09-07,S01,recommend,3538
2026-09-07,S01,paid,1484
2026-09-07,S01,external,1257
2026-09-07,S01,campaign,0
2026-09-08,S01,search,3591
2026-09-08,S01,recommend,3156
2026-09-08,S01,paid,1474
2026-09-08,S01,external,1265
2026-09-08,S01,campaign,0
2026-09-09,S01,search,3865
2026-09-09,S01,recommend,3703
2026-09-09,S01,paid,1463
2026-09-09,S01,external,1124
2026-09-09,S01,campaign,0
2026-09-10,S01,search,3964
2026-09-10,S01,recommend,2847
2026-09-10,S01,paid,1251
2026-09-10,S01,external,988
2026-09-10,S01,campaign,0
2026-09-11,S01,search,4107
2026-09-11,S01,recommend,3144
2026-09-11,S01,paid,1490
2026-09-11,S01,external,1358
2026-09-11,S01,campaign,0
2026-09-12,S01,search,4683
2026-09-12,S01,recommend,3805
2026-09-12,S01,paid,1715
2026-09-12,S01,external,1428
2026-09-12,S01,campaign,0
2026-09-13,S01,search,5213
2026-09-13,S01,recommend,3400
2026-09-13,S01,paid,1755
2026-09-13,S01,external,1414
2026-09-13,S01,campaign,0
2026-09-14,S01,search,3979
2026-09-14,S01,recommend,3212
2026-09-14,S01,paid,1623
2026-09-14,S01,external,1275
2026-09-14,S01,campaign,0
2026-09-15,S01,search,3900
2026-09-15,S01,recommend,3427
2026-09-15,S01,paid,1682
2026-09-15,S01,external,1389
2026-09-15,S01,campaign,0
2026-09-16,S01,search,4066
2026-09-16,S01,recommend,3203
2026-09-16,S01,paid,1612
2026-09-16,S01,external,1224
2026-09-16,S01,campaign,0
2026-09-17,S01,search,4217
2026-09-17,S01,recommend,3663
2026-09-17,S01,paid,1441
2026-09-17,S01,external,1313
2026-09-17,S01,campaign,0
2026-09-18,S01,search,3950
2026-09-18,S01,recommend,3089
2026-09-18,S01,paid,1305
2026-09-18,S01,external,1109
2026-09-18,S01,campaign,0
2026-09-19,S01,search,4819
2026-09-19,S01,recommend,3613
2026-09-19,S01,paid,1495
2026-09-19,S01,external,1270
2026-09-19,S01,campaign,0
2026-09-20,S01,search,4455
2026-09-20,S01,recommend,3800
2026-09-20,S01,paid,1895
2026-09-20,S01,external,1483
2026-09-20,S01,campaign,0
2026-08-01,S02,search,882
2026-08-01,S02,recommend,737
2026-08-01,S02,paid,342
2026-08-01,S02,external,260
2026-08-01,S02,campaign,0
2026-08-02,S02,search,984
2026-08-02,S02,recommend,667
2026-08-02,S02,paid,340
2026-08-02,S02,external,250
2026-08-02,S02,campaign,0
2026-08-03,S02,search,842
2026-08-03,S02,recommend,700
2026-08-03,S02,paid,307
2026-08-03,S02,external,268
2026-08-03,S02,campaign,0
2026-08-04,S02,search,822
2026-08-04,S02,recommend,657
2026-08-04,S02,paid,346
2026-08-04,S02,external,239
2026-08-04,S02,campaign,0
2026-08-05,S02,search,998
2026-08-05,S02,recommend,734
2026-08-05,S02,paid,359
2026-08-05,S02,external,274
2026-08-05,S02,campaign,0
2026-08-06,S02,search,940
2026-08-06,S02,recommend,775
2026-08-06,S02,paid,350
2026-08-06,S02,external,271
2026-08-06,S02,campaign,0
2026-08-07,S02,search,1065
2026-08-07,S02,recommend,724
2026-08-07,S02,paid,387
2026-08-07,S02,external,303
2026-08-07,S02,campaign,0
2026-08-08,S02,search,952
2026-08-08,S02,recommend,778
2026-08-08,S02,paid,381
2026-08-08,S02,external,299
2026-08-08,S02,campaign,0
2026-08-09,S02,search,1063
2026-08-09,S02,recommend,956
2026-08-09,S02,paid,420
2026-08-09,S02,external,332
2026-08-09,S02,campaign,0
2026-08-10,S02,search,970
2026-08-10,S02,recommend,850
2026-08-10,S02,paid,382
2026-08-10,S02,external,319
2026-08-10,S02,campaign,0
2026-08-11,S02,search,1015
2026-08-11,S02,recommend,852
2026-08-11,S02,paid,371
2026-08-11,S02,external,284
2026-08-11,S02,campaign,0
2026-08-12,S02,search,1088
2026-08-12,S02,recommend,768
2026-08-12,S02,paid,372
2026-08-12,S02,external,309
2026-08-12,S02,campaign,0
2026-08-13,S02,search,1078
2026-08-13,S02,recommend,814
2026-08-13,S02,paid,405
2026-08-13,S02,external,288
2026-08-13,S02,campaign,0
2026-08-14,S02,search,1043
2026-08-14,S02,recommend,794
2026-08-14,S02,paid,415
2026-08-14,S02,external,297
2026-08-14,S02,campaign,0
2026-08-15,S02,search,1276
2026-08-15,S02,recommend,871
2026-08-15,S02,paid,544
2026-08-15,S02,external,392
2026-08-15,S02,campaign,0
2026-08-16,S02,search,1356
2026-08-16,S02,recommend,1012
2026-08-16,S02,paid,501
2026-08-16,S02,external,406
2026-08-16,S02,campaign,0
2026-08-17,S02,search,1154
2026-08-17,S02,recommend,983
2026-08-17,S02,paid,378
2026-08-17,S02,external,326
2026-08-17,S02,campaign,0
2026-08-18,S02,search,1262
2026-08-18,S02,recommend,1095
2026-08-18,S02,paid,448
2026-08-18,S02,external,369
2026-08-18,S02,campaign,0
2026-08-19,S02,search,1182
2026-08-19,S02,recommend,988
2026-08-19,S02,paid,488
2026-08-19,S02,external,340
2026-08-19,S02,campaign,0
2026-08-20,S02,search,1359
2026-08-20,S02,recommend,1066
2026-08-20,S02,paid,468
2026-08-20,S02,external,372
2026-08-20,S02,campaign,0
2026-08-21,S02,search,1310
2026-08-21,S02,recommend,1165
2026-08-21,S02,paid,465
2026-08-21,S02,external,402
2026-08-21,S02,campaign,0
2026-08-22,S02,search,1538
2026-08-22,S02,recommend,1269
2026-08-22,S02,paid,615
2026-08-22,S02,external,449
2026-08-22,S02,campaign,0
2026-08-23,S02,search,1320
2026-08-23,S02,recommend,1122
2026-08-23,S02,paid,515
2026-08-23,S02,external,457
2026-08-23,S02,campaign,0
2026-08-24,S02,search,1217
2026-08-24,S02,recommend,989
2026-08-24,S02,paid,443
2026-08-24,S02,external,364
2026-08-24,S02,campaign,0
2026-08-25,S02,search,1511
2026-08-25,S02,recommend,1154
2026-08-25,S02,paid,544
2026-08-25,S02,campaign,2475
2026-08-25,S02,external,417
2026-08-26,S02,search,1331
2026-08-26,S02,recommend,1145
2026-08-26,S02,paid,531
2026-08-26,S02,campaign,2242
2026-08-26,S02,external,464
2026-08-27,S02,search,1407
2026-08-27,S02,recommend,1222
2026-08-27,S02,paid,563
2026-08-27,S02,campaign,2336
2026-08-27,S02,external,413
2026-08-28,S02,search,1411
2026-08-28,S02,recommend,1076
2026-08-28,S02,paid,493
2026-08-28,S02,campaign,2447
2026-08-28,S02,external,452
2026-08-29,S02,search,1644
2026-08-29,S02,recommend,1571
2026-08-29,S02,paid,634
2026-08-29,S02,campaign,2532
2026-08-29,S02,external,503
2026-08-30,S02,search,1508
2026-08-30,S02,recommend,1122
2026-08-30,S02,paid,659
2026-08-30,S02,campaign,2528
2026-08-30,S02,external,439
2026-08-31,S02,search,1474
2026-08-31,S02,recommend,1019
2026-08-31,S02,paid,501
2026-08-31,S02,campaign,2414
2026-08-31,S02,external,391
2026-09-01,S02,search,1608
2026-09-01,S02,recommend,1337
2026-09-01,S02,paid,559
2026-09-01,S02,campaign,2486
2026-09-01,S02,external,453
2026-09-02,S02,search,1450
2026-09-02,S02,recommend,1345
2026-09-02,S02,paid,581
2026-09-02,S02,campaign,2412
2026-09-02,S02,external,441
2026-09-03,S02,search,1326
2026-09-03,S02,recommend,1089
2026-09-03,S02,paid,509
2026-09-03,S02,campaign,2466
2026-09-03,S02,external,415
2026-09-04,S02,search,1611
2026-09-04,S02,recommend,1142
2026-09-04,S02,paid,570
2026-09-04,S02,campaign,2502
2026-09-04,S02,external,475
2026-09-05,S02,search,1573
2026-09-05,S02,recommend,1221
2026-09-05,S02,paid,587
2026-09-05,S02,campaign,2897
2026-09-05,S02,external,524
2026-09-06,S02,search,1566
2026-09-06,S02,recommend,1408
2026-09-06,S02,paid,736
2026-09-06,S02,campaign,3001
2026-09-06,S02,external,500
2026-09-07,S02,search,1673
2026-09-07,S02,recommend,1422
2026-09-07,S02,paid,542
2026-09-07,S02,campaign,2675
2026-09-07,S02,external,528
2026-09-08,S02,search,1391
2026-09-08,S02,recommend,1208
2026-09-08,S02,paid,548
2026-09-08,S02,campaign,2168
2026-09-08,S02,external,448
2026-09-09,S02,search,1680
2026-09-09,S02,recommend,1291
2026-09-09,S02,paid,590
2026-09-09,S02,campaign,2854
2026-09-09,S02,external,483
2026-09-10,S02,search,1630
2026-09-10,S02,recommend,1372
2026-09-10,S02,paid,633
2026-09-10,S02,campaign,2725
2026-09-10,S02,external,460
2026-09-11,S02,search,1438
2026-09-11,S02,recommend,1359
2026-09-11,S02,paid,614
2026-09-11,S02,campaign,2573
2026-09-11,S02,external,508
2026-09-12,S02,search,2002
2026-09-12,S02,recommend,1501
2026-09-12,S02,paid,655
2026-09-12,S02,campaign,2825
2026-09-12,S02,external,573
2026-09-13,S02,search,1801
2026-09-13,S02,recommend,1575
2026-09-13,S02,paid,750
2026-09-13,S02,campaign,2960
2026-09-13,S02,external,580
2026-09-14,S02,search,1560
2026-09-14,S02,recommend,1315
2026-09-14,S02,paid,592
2026-09-14,S02,campaign,2637
2026-09-14,S02,external,426
2026-09-15,S02,search,1744
2026-09-15,S02,recommend,1378
2026-09-15,S02,paid,691
2026-09-15,S02,external,515
2026-09-15,S02,campaign,0
2026-09-16,S02,search,1560
2026-09-16,S02,recommend,1361
2026-09-16,S02,paid,710
2026-09-16,S02,external,496
2026-09-16,S02,campaign,0
2026-09-17,S02,search,1409
2026-09-17,S02,recommend,1214
2026-09-17,S02,paid,610
2026-09-17,S02,external,484
2026-09-17,S02,campaign,0
2026-09-18,S02,search,1691
2026-09-18,S02,recommend,1312
2026-09-18,S02,paid,621
2026-09-18,S02,external,503
2026-09-18,S02,campaign,0
2026-09-19,S02,search,1937
2026-09-19,S02,recommend,1572
2026-09-19,S02,paid,622
2026-09-19,S02,external,502
2026-09-19,S02,campaign,0
2026-09-20,S02,search,1951
2026-09-20,S02,recommend,1574
2026-09-20,S02,paid,777
2026-09-20,S02,external,642
2026-09-20,S02,campaign,0
2026-06-23,S03,search,2999
2026-06-23,S03,recommend,2600
2026-06-23,S03,paid,1016
2026-06-23,S03,external,894
2026-06-23,S03,campaign,0
2026-06-24,S03,search,3071
2026-06-24,S03,recommend,2619
2026-06-24,S03,paid,1202
2026-06-24,S03,external,890
2026-06-24,S03,campaign,0
2026-06-25,S03,search,3276
2026-06-25,S03,recommend,2323
2026-06-25,S03,paid,1157
2026-06-25,S03,external,955
2026-06-25,S03,campaign,0
2026-06-26,S03,search,2937
2026-06-26,S03,recommend,2619
2026-06-26,S03,paid,1211
2026-06-26,S03,external,937
2026-06-26,S03,campaign,0
2026-06-27,S03,search,3629
2026-06-27,S03,recommend,2724
2026-06-27,S03,paid,1295
2026-06-27,S03,external,1017
2026-06-27,S03,campaign,0
2026-06-28,S03,search,3100
2026-06-28,S03,recommend,2623
2026-06-28,S03,paid,1249
2026-06-28,S03,external,886
2026-06-28,S03,campaign,0
2026-06-29,S03,search,3099
2026-06-29,S03,recommend,2418
2026-06-29,S03,paid,1209
2026-06-29,S03,external,1020
2026-06-29,S03,campaign,0
2026-06-30,S03,search,2958
2026-06-30,S03,recommend,2531
2026-06-30,S03,paid,1104
2026-06-30,S03,external,953
2026-06-30,S03,campaign,0
2026-07-01,S03,search,3159
2026-07-01,S03,recommend,2607
2026-07-01,S03,paid,1195
2026-07-01,S03,external,932
2026-07-01,S03,campaign,0
2026-07-02,S03,search,3174
2026-07-02,S03,recommend,2540
2026-07-02,S03,paid,1084
2026-07-02,S03,external,986
2026-07-02,S03,campaign,0
2026-07-03,S03,search,3150
2026-07-03,S03,recommend,2827
2026-07-03,S03,paid,1324
2026-07-03,S03,external,988
2026-07-03,S03,campaign,0
2026-07-04,S03,search,3369
2026-07-04,S03,recommend,2409
2026-07-04,S03,paid,1062
2026-07-04,S03,external,1091
2026-07-04,S03,campaign,0
2026-07-05,S03,search,3493
2026-07-05,S03,recommend,2761
2026-07-05,S03,paid,1285
2026-07-05,S03,external,971
2026-07-05,S03,campaign,0
2026-07-06,S03,search,2980
2026-07-06,S03,recommend,2695
2026-07-06,S03,paid,1165
2026-07-06,S03,external,942
2026-07-06,S03,campaign,0
2026-07-07,S03,search,3510
2026-07-07,S03,recommend,2587
2026-07-07,S03,paid,1152
2026-07-07,S03,external,943
2026-07-07,S03,campaign,0
2026-07-08,S03,search,2793
2026-07-08,S03,recommend,2600
2026-07-08,S03,paid,1159
2026-07-08,S03,external,844
2026-07-08,S03,campaign,0
2026-07-09,S03,search,3222
2026-07-09,S03,recommend,2708
2026-07-09,S03,paid,1058
2026-07-09,S03,external,925
2026-07-09,S03,campaign,0
2026-07-10,S03,search,2990
2026-07-10,S03,recommend,2370
2026-07-10,S03,paid,1190
2026-07-10,S03,external,872
2026-07-10,S03,campaign,0
2026-07-11,S03,search,3244
2026-07-11,S03,recommend,3058
2026-07-11,S03,paid,1144
2026-07-11,S03,external,1109
2026-07-11,S03,campaign,0
2026-07-12,S03,search,3142
2026-07-12,S03,recommend,2739
2026-07-12,S03,paid,1344
2026-07-12,S03,external,966
2026-07-12,S03,campaign,0
2026-07-13,S03,search,3285
2026-07-13,S03,recommend,2519
2026-07-13,S03,paid,1263
2026-07-13,S03,external,961
2026-07-13,S03,campaign,0
2026-07-14,S03,search,3314
2026-07-14,S03,recommend,2444
2026-07-14,S03,paid,1259
2026-07-14,S03,external,928
2026-07-14,S03,campaign,0
2026-07-15,S03,search,3282
2026-07-15,S03,recommend,2691
2026-07-15,S03,paid,1135
2026-07-15,S03,external,893
2026-07-15,S03,campaign,0
2026-07-16,S03,search,3195
2026-07-16,S03,recommend,2783
2026-07-16,S03,paid,1331
2026-07-16,S03,external,1012
2026-07-16,S03,campaign,0
2026-07-17,S03,search,2852
2026-07-17,S03,recommend,2741
2026-07-17,S03,paid,1094
2026-07-17,S03,external,924
2026-07-17,S03,campaign,0
2026-07-18,S03,search,3107
2026-07-18,S03,recommend,2694
2026-07-18,S03,paid,1111
2026-07-18,S03,external,951
2026-07-18,S03,campaign,0
2026-07-19,S03,search,3235
2026-07-19,S03,recommend,2611
2026-07-19,S03,paid,1301
2026-07-19,S03,external,1044
2026-07-19,S03,campaign,0
2026-07-20,S03,search,3196
2026-07-20,S03,recommend,2573
2026-07-20,S03,paid,1184
2026-07-20,S03,external,906
2026-07-20,S03,campaign,0
2026-07-21,S03,search,2731
2026-07-21,S03,recommend,2382
2026-07-21,S03,paid,1149
2026-07-21,S03,external,862
2026-07-21,S03,campaign,0
2026-07-22,S03,search,3236
2026-07-22,S03,recommend,2690
2026-07-22,S03,paid,1104
2026-07-22,S03,external,974
2026-07-22,S03,campaign,0
2026-07-23,S03,search,3073
2026-07-23,S03,recommend,2562
2026-07-23,S03,paid,1337
2026-07-23,S03,external,833
2026-07-23,S03,campaign,0
2026-07-24,S03,search,3126
2026-07-24,S03,recommend,2888
2026-07-24,S03,paid,1085
2026-07-24,S03,external,942
2026-07-24,S03,campaign,0
2026-07-25,S03,search,3397
2026-07-25,S03,recommend,2826
2026-07-25,S03,paid,1388
2026-07-25,S03,external,1175
2026-07-25,S03,campaign,0
2026-07-26,S03,search,3127
2026-07-26,S03,recommend,2777
2026-07-26,S03,paid,1170
2026-07-26,S03,external,1005
2026-07-26,S03,campaign,0
2026-07-27,S03,search,2777
2026-07-27,S03,recommend,2334
2026-07-27,S03,paid,1214
2026-07-27,S03,external,910
2026-07-27,S03,campaign,0
2026-07-28,S03,search,3142
2026-07-28,S03,recommend,2541
2026-07-28,S03,paid,1198
2026-07-28,S03,external,1044
2026-07-28,S03,campaign,0
2026-07-29,S03,search,2946
2026-07-29,S03,recommend,2523
2026-07-29,S03,paid,1019
2026-07-29,S03,external,815
2026-07-29,S03,campaign,0
2026-07-30,S03,search,2978
2026-07-30,S03,recommend,2466
2026-07-30,S03,paid,1173
2026-07-30,S03,external,904
2026-07-30,S03,campaign,0
2026-07-31,S03,search,3007
2026-07-31,S03,recommend,2525
2026-07-31,S03,paid,1177
2026-07-31,S03,external,973
2026-07-31,S03,campaign,0
2026-08-01,S03,search,3629
2026-08-01,S03,recommend,2978
2026-08-01,S03,paid,1316
2026-08-01,S03,external,1065
2026-08-01,S03,campaign,0
2026-08-02,S03,search,3431
2026-08-02,S03,recommend,3017
2026-08-02,S03,paid,1301
2026-08-02,S03,external,1033
2026-08-02,S03,campaign,0
2026-08-03,S03,search,2941
2026-08-03,S03,recommend,2472
2026-08-03,S03,paid,1053
2026-08-03,S03,external,933
2026-08-03,S03,campaign,0
2026-08-04,S03,search,3124
2026-08-04,S03,recommend,2418
2026-08-04,S03,paid,1080
2026-08-04,S03,external,955
2026-08-04,S03,campaign,0
2026-08-05,S03,search,3328
2026-08-05,S03,recommend,2915
2026-08-05,S03,paid,1194
2026-08-05,S03,external,983
2026-08-05,S03,campaign,0
2026-08-06,S03,search,3289
2026-08-06,S03,recommend,2848
2026-08-06,S03,paid,1213
2026-08-06,S03,external,990
2026-08-06,S03,campaign,0
2026-08-07,S03,search,3038
2026-08-07,S03,recommend,2585
2026-08-07,S03,paid,1211
2026-08-07,S03,external,976
2026-08-07,S03,campaign,0
2026-08-08,S03,search,3338
2026-08-08,S03,recommend,2990
2026-08-08,S03,paid,1483
2026-08-08,S03,external,1132
2026-08-08,S03,campaign,0
2026-08-09,S03,search,3448
2026-08-09,S03,recommend,3075
2026-08-09,S03,paid,1301
2026-08-09,S03,external,962
2026-08-09,S03,campaign,0
2026-08-10,S03,search,2844
2026-08-10,S03,recommend,2723
2026-08-10,S03,paid,1203
2026-08-10,S03,external,899
2026-08-10,S03,campaign,0
2026-08-11,S03,search,3012
2026-08-11,S03,recommend,2629
2026-08-11,S03,paid,1203
2026-08-11,S03,external,940
2026-08-11,S03,campaign,0
2026-08-12,S03,search,3179
2026-08-12,S03,recommend,2554
2026-08-12,S03,paid,1121
2026-08-12,S03,external,925
2026-08-12,S03,campaign,0
2026-08-13,S03,search,3210
2026-08-13,S03,recommend,2684
2026-08-13,S03,paid,1281
2026-08-13,S03,external,1124
2026-08-13,S03,campaign,0
2026-08-14,S03,search,3405
2026-08-14,S03,recommend,2517
2026-08-14,S03,paid,1190
2026-08-14,S03,external,828
2026-08-14,S03,campaign,0
2026-08-15,S03,search,3565
2026-08-15,S03,recommend,2693
2026-08-15,S03,paid,1453
2026-08-15,S03,external,1030
2026-08-15,S03,campaign,0
2026-08-16,S03,search,3195
2026-08-16,S03,recommend,2877
2026-08-16,S03,paid,1253
2026-08-16,S03,external,958
2026-08-16,S03,campaign,0
2026-08-17,S03,search,3117
2026-08-17,S03,recommend,2700
2026-08-17,S03,paid,1285
2026-08-17,S03,external,879
2026-08-17,S03,campaign,0
2026-08-18,S03,search,3104
2026-08-18,S03,recommend,2760
2026-08-18,S03,paid,1215
2026-08-18,S03,external,964
2026-08-18,S03,campaign,0
2026-08-19,S03,search,3172
2026-08-19,S03,recommend,2636
2026-08-19,S03,paid,1010
2026-08-19,S03,external,984
2026-08-19,S03,campaign,0
2026-08-20,S03,search,2981
2026-08-20,S03,recommend,2574
2026-08-20,S03,paid,1120
2026-08-20,S03,external,816
2026-08-20,S03,campaign,0
2026-08-21,S03,search,2932
2026-08-21,S03,recommend,2791
2026-08-21,S03,paid,1295
2026-08-21,S03,external,969
2026-08-21,S03,campaign,0
2026-08-22,S03,search,3671
2026-08-22,S03,recommend,3036
2026-08-22,S03,paid,1344
2026-08-22,S03,external,1176
2026-08-22,S03,campaign,0
2026-08-23,S03,search,2930
2026-08-23,S03,recommend,2854
2026-08-23,S03,paid,1392
2026-08-23,S03,external,1082
2026-08-23,S03,campaign,0
2026-08-24,S03,search,2870
2026-08-24,S03,recommend,2801
2026-08-24,S03,paid,1162
2026-08-24,S03,external,1043
2026-08-24,S03,campaign,0
2026-08-25,S03,search,3141
2026-08-25,S03,recommend,2666
2026-08-25,S03,paid,1211
2026-08-25,S03,external,852
2026-08-25,S03,campaign,0
2026-08-26,S03,search,3047
2026-08-26,S03,recommend,2410
2026-08-26,S03,paid,1186
2026-08-26,S03,external,981
2026-08-26,S03,campaign,0
2026-08-27,S03,search,2920
2026-08-27,S03,recommend,2748
2026-08-27,S03,paid,1134
2026-08-27,S03,external,825
2026-08-27,S03,campaign,0
2026-08-28,S03,search,2938
2026-08-28,S03,recommend,2718
2026-08-28,S03,paid,1190
2026-08-28,S03,external,974
2026-08-28,S03,campaign,0
2026-08-29,S03,search,3895
2026-08-29,S03,recommend,3173
2026-08-29,S03,paid,1477
2026-08-29,S03,external,1090
2026-08-29,S03,campaign,0
2026-08-30,S03,search,3254
2026-08-30,S03,recommend,3038
2026-08-30,S03,paid,1211
2026-08-30,S03,external,948
2026-08-30,S03,campaign,0
2026-08-31,S03,search,3299
2026-08-31,S03,recommend,2541
2026-08-31,S03,paid,1041
2026-08-31,S03,external,893
2026-08-31,S03,campaign,0
2026-09-01,S03,search,3216
2026-09-01,S03,recommend,2552
2026-09-01,S03,paid,1117
2026-09-01,S03,external,895
2026-09-01,S03,campaign,0
2026-09-02,S03,search,3326
2026-09-02,S03,recommend,2696
2026-09-02,S03,paid,1162
2026-09-02,S03,external,1058
2026-09-02,S03,campaign,0
2026-09-03,S03,search,2921
2026-09-03,S03,recommend,2429
2026-09-03,S03,paid,1184
2026-09-03,S03,external,933
2026-09-03,S03,campaign,0
2026-09-04,S03,search,3010
2026-09-04,S03,recommend,2507
2026-09-04,S03,paid,1093
2026-09-04,S03,external,955
2026-09-04,S03,campaign,0
2026-09-05,S03,search,3343
2026-09-05,S03,recommend,2852
2026-09-05,S03,paid,1329
2026-09-05,S03,external,1002
2026-09-05,S03,campaign,0
2026-09-06,S03,search,3400
2026-09-06,S03,recommend,2942
2026-09-06,S03,paid,1079
2026-09-06,S03,external,972
2026-09-06,S03,campaign,0
2026-09-07,S03,search,3053
2026-09-07,S03,recommend,2651
2026-09-07,S03,paid,1313
2026-09-07,S03,external,1043
2026-09-07,S03,campaign,0
2026-09-08,S03,search,2911
2026-09-08,S03,recommend,2737
2026-09-08,S03,paid,1240
2026-09-08,S03,external,988
2026-09-08,S03,campaign,0
2026-09-09,S03,search,3021
2026-09-09,S03,recommend,2638
2026-09-09,S03,paid,1006
2026-09-09,S03,external,940
2026-09-09,S03,campaign,0
2026-09-10,S03,search,2981
2026-09-10,S03,recommend,2639
2026-09-10,S03,paid,1249
2026-09-10,S03,external,947
2026-09-10,S03,campaign,0
2026-09-11,S03,search,3178
2026-09-11,S03,recommend,2710
2026-09-11,S03,paid,1097
2026-09-11,S03,external,949
2026-09-11,S03,campaign,0
2026-09-12,S03,search,3597
2026-09-12,S03,recommend,3027
2026-09-12,S03,paid,1292
2026-09-12,S03,external,1097
2026-09-12,S03,campaign,0
2026-09-13,S03,search,3463
2026-09-13,S03,recommend,2926
2026-09-13,S03,paid,1465
2026-09-13,S03,external,1044
2026-09-13,S03,campaign,0
2026-09-14,S03,search,3267
2026-09-14,S03,recommend,2869
2026-09-14,S03,paid,1256
2026-09-14,S03,external,1102
2026-09-14,S03,campaign,0
2026-09-15,S03,search,2988
2026-09-15,S03,recommend,2644
2026-09-15,S03,paid,1223
2026-09-15,S03,external,945
2026-09-15,S03,campaign,0
2026-09-16,S03,search,3093
2026-09-16,S03,recommend,2625
2026-09-16,S03,paid,1192
2026-09-16,S03,external,1058
2026-09-16,S03,campaign,0
2026-09-17,S03,search,3401
2026-09-17,S03,recommend,2401
2026-09-17,S03,paid,1204
2026-09-17,S03,external,1095
2026-09-17,S03,campaign,0
2026-09-18,S03,search,3025
2026-09-18,S03,recommend,2502
2026-09-18,S03,paid,1359
2026-09-18,S03,external,929
2026-09-18,S03,campaign,0
2026-09-19,S03,search,3303
2026-09-19,S03,recommend,3016
2026-09-19,S03,paid,1108
2026-09-19,S03,external,1092
2026-09-19,S03,campaign,0
2026-09-20,S03,search,3760
2026-09-20,S03,recommend,2561
2026-09-20,S03,paid,1246
2026-09-20,S03,external,979
2026-09-20,S03,campaign,0
2026-06-23,S04,search,2433
2026-06-23,S04,recommend,2000
2026-06-23,S04,paid,857
2026-06-23,S04,external,658
2026-06-23,S04,campaign,0
2026-06-24,S04,search,2231
2026-06-24,S04,recommend,1767
2026-06-24,S04,paid,976
2026-06-24,S04,external,697
2026-06-24,S04,campaign,0
2026-06-25,S04,search,2366
2026-06-25,S04,recommend,2003
2026-06-25,S04,paid,843
2026-06-25,S04,external,715
2026-06-25,S04,campaign,0
2026-06-26,S04,search,2272
2026-06-26,S04,recommend,2112
2026-06-26,S04,paid,849
2026-06-26,S04,external,716
2026-06-26,S04,campaign,0
2026-06-27,S04,search,2694
2026-06-27,S04,recommend,2502
2026-06-27,S04,paid,1155
2026-06-27,S04,external,904
2026-06-27,S04,campaign,0
2026-06-28,S04,search,2593
2026-06-28,S04,recommend,2210
2026-06-28,S04,paid,1156
2026-06-28,S04,external,859
2026-06-28,S04,campaign,0
2026-06-29,S04,search,2544
2026-06-29,S04,recommend,2133
2026-06-29,S04,paid,1027
2026-06-29,S04,external,690
2026-06-29,S04,campaign,0
2026-06-30,S04,search,2271
2026-06-30,S04,recommend,1913
2026-06-30,S04,paid,844
2026-06-30,S04,external,577
2026-06-30,S04,campaign,0
2026-07-01,S04,search,2583
2026-07-01,S04,recommend,1788
2026-07-01,S04,paid,895
2026-07-01,S04,external,657
2026-07-01,S04,campaign,0
2026-07-02,S04,search,2460
2026-07-02,S04,recommend,2076
2026-07-02,S04,paid,867
2026-07-02,S04,external,737
2026-07-02,S04,campaign,0
2026-07-03,S04,search,2326
2026-07-03,S04,recommend,1984
2026-07-03,S04,paid,866
2026-07-03,S04,external,767
2026-07-03,S04,campaign,0
2026-07-04,S04,search,2523
2026-07-04,S04,recommend,2011
2026-07-04,S04,paid,1074
2026-07-04,S04,external,793
2026-07-04,S04,campaign,0
2026-07-05,S04,search,2693
2026-07-05,S04,recommend,1993
2026-07-05,S04,paid,1056
2026-07-05,S04,external,791
2026-07-05,S04,campaign,0
2026-07-06,S04,search,2685
2026-07-06,S04,recommend,2287
2026-07-06,S04,paid,968
2026-07-06,S04,external,864
2026-07-06,S04,campaign,0
2026-07-07,S04,search,1971
2026-07-07,S04,recommend,1945
2026-07-07,S04,paid,817
2026-07-07,S04,external,577
2026-07-07,S04,campaign,0
2026-07-08,S04,search,2338
2026-07-08,S04,recommend,1818
2026-07-08,S04,paid,986
2026-07-08,S04,external,746
2026-07-08,S04,campaign,0
2026-07-09,S04,search,2378
2026-07-09,S04,recommend,1972
2026-07-09,S04,paid,879
2026-07-09,S04,external,671
2026-07-09,S04,campaign,0
2026-07-10,S04,search,2273
2026-07-10,S04,recommend,2257
2026-07-10,S04,paid,851
2026-07-10,S04,external,801
2026-07-10,S04,campaign,0
2026-07-11,S04,search,2829
2026-07-11,S04,recommend,2062
2026-07-11,S04,paid,1009
2026-07-11,S04,external,810
2026-07-11,S04,campaign,0
2026-07-12,S04,search,2525
2026-07-12,S04,recommend,2219
2026-07-12,S04,paid,980
2026-07-12,S04,external,738
2026-07-12,S04,campaign,0
2026-07-13,S04,search,2355
2026-07-13,S04,recommend,2117
2026-07-13,S04,paid,892
2026-07-13,S04,external,732
2026-07-13,S04,campaign,0
2026-07-14,S04,search,2235
2026-07-14,S04,recommend,2030
2026-07-14,S04,paid,920
2026-07-14,S04,external,682
2026-07-14,S04,campaign,0
2026-07-15,S04,search,2347
2026-07-15,S04,recommend,1927
2026-07-15,S04,paid,908
2026-07-15,S04,external,795
2026-07-15,S04,campaign,0
2026-07-16,S04,search,2384
2026-07-16,S04,recommend,1934
2026-07-16,S04,paid,1013
2026-07-16,S04,external,718
2026-07-16,S04,campaign,0
2026-07-17,S04,search,2438
2026-07-17,S04,recommend,2216
2026-07-17,S04,paid,907
2026-07-17,S04,external,835
2026-07-17,S04,campaign,0
2026-07-18,S04,search,2446
2026-07-18,S04,recommend,2132
2026-07-18,S04,paid,914
2026-07-18,S04,external,717
2026-07-18,S04,campaign,0
2026-07-19,S04,search,2698
2026-07-19,S04,recommend,2017
2026-07-19,S04,paid,1109
2026-07-19,S04,external,843
2026-07-19,S04,campaign,0
2026-07-20,S04,search,2611
2026-07-20,S04,recommend,1982
2026-07-20,S04,paid,805
2026-07-20,S04,external,705
2026-07-20,S04,campaign,0
2026-07-21,S04,search,2386
2026-07-21,S04,recommend,2054
2026-07-21,S04,paid,916
2026-07-21,S04,external,763
2026-07-21,S04,campaign,0
2026-07-22,S04,search,2317
2026-07-22,S04,recommend,1823
2026-07-22,S04,paid,901
2026-07-22,S04,external,714
2026-07-22,S04,campaign,0
2026-07-23,S04,search,2482
2026-07-23,S04,recommend,2012
2026-07-23,S04,paid,806
2026-07-23,S04,external,716
2026-07-23,S04,campaign,0
2026-07-24,S04,search,2292
2026-07-24,S04,recommend,1809
2026-07-24,S04,paid,840
2026-07-24,S04,external,641
2026-07-24,S04,campaign,0
2026-07-25,S04,search,2741
2026-07-25,S04,recommend,2460
2026-07-25,S04,paid,1215
2026-07-25,S04,external,875
2026-07-25,S04,campaign,0
2026-07-26,S04,search,2616
2026-07-26,S04,recommend,1987
2026-07-26,S04,paid,1002
2026-07-26,S04,external,847
2026-07-26,S04,campaign,0
2026-07-27,S04,search,2314
2026-07-27,S04,recommend,2036
2026-07-27,S04,paid,888
2026-07-27,S04,external,779
2026-07-27,S04,campaign,0
2026-07-28,S04,search,2584
2026-07-28,S04,recommend,2139
2026-07-28,S04,paid,928
2026-07-28,S04,external,807
2026-07-28,S04,campaign,0
2026-07-29,S04,search,2711
2026-07-29,S04,recommend,2127
2026-07-29,S04,paid,1022
2026-07-29,S04,external,791
2026-07-29,S04,campaign,0
2026-07-30,S04,search,2496
2026-07-30,S04,recommend,1982
2026-07-30,S04,paid,945
2026-07-30,S04,external,854
2026-07-30,S04,campaign,0
2026-07-31,S04,search,2290
2026-07-31,S04,recommend,1853
2026-07-31,S04,paid,835
2026-07-31,S04,external,600
2026-07-31,S04,campaign,0
2026-08-01,S04,search,2756
2026-08-01,S04,recommend,2395
2026-08-01,S04,paid,1096
2026-08-01,S04,external,875
2026-08-01,S04,campaign,0
2026-08-02,S04,search,2623
2026-08-02,S04,recommend,2166
2026-08-02,S04,paid,977
2026-08-02,S04,external,773
2026-08-02,S04,campaign,0
2026-08-03,S04,search,2304
2026-08-03,S04,recommend,1739
2026-08-03,S04,paid,997
2026-08-03,S04,external,683
2026-08-03,S04,campaign,0
2026-08-04,S04,search,2471
2026-08-04,S04,recommend,2090
2026-08-04,S04,paid,918
2026-08-04,S04,external,723
2026-08-04,S04,campaign,0
2026-08-05,S04,search,2562
2026-08-05,S04,recommend,1955
2026-08-05,S04,paid,1001
2026-08-05,S04,external,654
2026-08-05,S04,campaign,0
2026-08-06,S04,search,2280
2026-08-06,S04,recommend,1888
2026-08-06,S04,paid,903
2026-08-06,S04,external,736
2026-08-06,S04,campaign,0
2026-08-07,S04,search,2525
2026-08-07,S04,recommend,2144
2026-08-07,S04,paid,945
2026-08-07,S04,external,713
2026-08-07,S04,campaign,0
2026-08-08,S04,search,2552
2026-08-08,S04,recommend,2139
2026-08-08,S04,paid,976
2026-08-08,S04,external,842
2026-08-08,S04,campaign,0
2026-08-09,S04,search,2591
2026-08-09,S04,recommend,2273
2026-08-09,S04,paid,900
2026-08-09,S04,external,820
2026-08-09,S04,campaign,0
2026-08-10,S04,search,2278
2026-08-10,S04,recommend,1815
2026-08-10,S04,paid,833
2026-08-10,S04,external,736
2026-08-10,S04,campaign,0
2026-08-11,S04,search,2257
2026-08-11,S04,recommend,1842
2026-08-11,S04,paid,850
2026-08-11,S04,external,653
2026-08-11,S04,campaign,0
2026-08-12,S04,search,2727
2026-08-12,S04,recommend,1781
2026-08-12,S04,paid,1005
2026-08-12,S04,external,744
2026-08-12,S04,campaign,0
2026-08-13,S04,search,2395
2026-08-13,S04,recommend,2133
2026-08-13,S04,paid,968
2026-08-13,S04,external,922
2026-08-13,S04,campaign,0
2026-08-14,S04,search,2223
2026-08-14,S04,recommend,1771
2026-08-14,S04,paid,814
2026-08-14,S04,external,693
2026-08-14,S04,campaign,0
2026-08-15,S04,search,2598
2026-08-15,S04,recommend,2087
2026-08-15,S04,paid,961
2026-08-15,S04,external,790
2026-08-15,S04,campaign,0
2026-08-16,S04,search,2638
2026-08-16,S04,recommend,2503
2026-08-16,S04,paid,1054
2026-08-16,S04,external,852
2026-08-16,S04,campaign,0
2026-08-17,S04,search,2573
2026-08-17,S04,recommend,2287
2026-08-17,S04,paid,892
2026-08-17,S04,external,859
2026-08-17,S04,campaign,0
2026-08-18,S04,search,2654
2026-08-18,S04,recommend,2293
2026-08-18,S04,paid,793
2026-08-18,S04,external,796
2026-08-18,S04,campaign,0
2026-08-19,S04,search,2434
2026-08-19,S04,recommend,2103
2026-08-19,S04,paid,938
2026-08-19,S04,external,737
2026-08-19,S04,campaign,0
2026-08-20,S04,search,2379
2026-08-20,S04,recommend,1949
2026-08-20,S04,paid,879
2026-08-20,S04,external,653
2026-08-20,S04,campaign,0
2026-08-21,S04,search,2567
2026-08-21,S04,recommend,1938
2026-08-21,S04,paid,810
2026-08-21,S04,external,703
2026-08-21,S04,campaign,0
2026-08-22,S04,search,3017
2026-08-22,S04,recommend,2278
2026-08-22,S04,paid,1042
2026-08-22,S04,external,897
2026-08-22,S04,campaign,0
2026-08-23,S04,search,2626
2026-08-23,S04,recommend,2324
2026-08-23,S04,paid,1182
2026-08-23,S04,external,917
2026-08-23,S04,campaign,0
2026-08-24,S04,search,2290
2026-08-24,S04,recommend,1996
2026-08-24,S04,paid,931
2026-08-24,S04,external,750
2026-08-24,S04,campaign,0
2026-08-25,S04,search,2606
2026-08-25,S04,recommend,2109
2026-08-25,S04,paid,909
2026-08-25,S04,external,757
2026-08-25,S04,campaign,0
2026-08-26,S04,search,2236
2026-08-26,S04,recommend,1838
2026-08-26,S04,paid,884
2026-08-26,S04,external,621
2026-08-26,S04,campaign,0
2026-08-27,S04,search,2169
2026-08-27,S04,recommend,2089
2026-08-27,S04,paid,860
2026-08-27,S04,external,742
2026-08-27,S04,campaign,0
2026-08-28,S04,search,2236
2026-08-28,S04,recommend,2096
2026-08-28,S04,paid,941
2026-08-28,S04,external,703
2026-08-28,S04,campaign,0
2026-08-29,S04,search,2511
2026-08-29,S04,recommend,2126
2026-08-29,S04,paid,1045
2026-08-29,S04,external,838
2026-08-29,S04,campaign,0
2026-08-30,S04,search,2766
2026-08-30,S04,recommend,2203
2026-08-30,S04,paid,1034
2026-08-30,S04,external,878
2026-08-30,S04,campaign,0
2026-08-31,S04,search,2573
2026-08-31,S04,recommend,2036
2026-08-31,S04,paid,870
2026-08-31,S04,external,760
2026-08-31,S04,campaign,0
2026-09-01,S04,search,2558
2026-09-01,S04,recommend,1842
2026-09-01,S04,paid,871
2026-09-01,S04,external,713
2026-09-01,S04,campaign,0
2026-09-02,S04,search,2259
2026-09-02,S04,recommend,1839
2026-09-02,S04,paid,750
2026-09-02,S04,external,747
2026-09-02,S04,campaign,0
2026-09-03,S04,search,2593
2026-09-03,S04,recommend,1966
2026-09-03,S04,paid,967
2026-09-03,S04,external,719
2026-09-03,S04,campaign,0
2026-09-04,S04,search,2426
2026-09-04,S04,recommend,2044
2026-09-04,S04,paid,998
2026-09-04,S04,external,759
2026-09-04,S04,campaign,0
2026-09-05,S04,search,2675
2026-09-05,S04,recommend,2181
2026-09-05,S04,paid,967
2026-09-05,S04,external,739
2026-09-05,S04,campaign,0
2026-09-06,S04,search,3048
2026-09-06,S04,recommend,2457
2026-09-06,S04,paid,1127
2026-09-06,S04,external,806
2026-09-06,S04,campaign,0
2026-09-07,S04,search,2193
2026-09-07,S04,recommend,1882
2026-09-07,S04,paid,883
2026-09-07,S04,external,718
2026-09-07,S04,campaign,0
2026-09-08,S04,search,2114
2026-09-08,S04,recommend,1992
2026-09-08,S04,paid,883
2026-09-08,S04,external,717
2026-09-08,S04,campaign,0
2026-09-09,S04,search,2371
2026-09-09,S04,recommend,1942
2026-09-09,S04,paid,910
2026-09-09,S04,external,762
2026-09-09,S04,campaign,0
2026-09-10,S04,search,2305
2026-09-10,S04,recommend,1924
2026-09-10,S04,paid,943
2026-09-10,S04,external,638
2026-09-10,S04,campaign,0
2026-09-11,S04,search,2292
2026-09-11,S04,recommend,2081
2026-09-11,S04,paid,907
2026-09-11,S04,external,696
2026-09-11,S04,campaign,0
2026-09-12,S04,search,2538
2026-09-12,S04,recommend,2345
2026-09-12,S04,paid,986
2026-09-12,S04,external,892
2026-09-12,S04,campaign,0
2026-09-13,S04,search,2483
2026-09-13,S04,recommend,2097
2026-09-13,S04,paid,988
2026-09-13,S04,external,783
2026-09-13,S04,campaign,0
2026-09-14,S04,search,2306
2026-09-14,S04,recommend,1835
2026-09-14,S04,paid,919
2026-09-14,S04,external,749
2026-09-14,S04,campaign,0
2026-09-15,S04,search,2430
2026-09-15,S04,recommend,1806
2026-09-15,S04,paid,811
2026-09-15,S04,external,685
2026-09-15,S04,campaign,0
2026-09-16,S04,search,2498
2026-09-16,S04,recommend,1743
2026-09-16,S04,paid,952
2026-09-16,S04,external,745
2026-09-16,S04,campaign,0
2026-09-17,S04,search,2561
2026-09-17,S04,recommend,1866
2026-09-17,S04,paid,844
2026-09-17,S04,external,738
2026-09-17,S04,campaign,0
2026-09-18,S04,search,2251
2026-09-18,S04,recommend,1978
2026-09-18,S04,paid,897
2026-09-18,S04,external,738
2026-09-18,S04,campaign,0
2026-09-19,S04,search,2611
2026-09-19,S04,recommend,2107
2026-09-19,S04,paid,907
2026-09-19,S04,external,790
2026-09-19,S04,campaign,0
2026-09-20,S04,search,2783
2026-09-20,S04,recommend,1991
2026-09-20,S04,paid,1056
2026-09-20,S04,external,735
2026-09-20,S04,campaign,0
2026-06-23,S05,search,931
2026-06-23,S05,recommend,823
2026-06-23,S05,paid,363
2026-06-23,S05,external,298
2026-06-23,S05,campaign,0
2026-06-24,S05,search,944
2026-06-24,S05,recommend,824
2026-06-24,S05,paid,323
2026-06-24,S05,external,282
2026-06-24,S05,campaign,0
2026-06-25,S05,search,752
2026-06-25,S05,recommend,701
2026-06-25,S05,paid,338
2026-06-25,S05,external,227
2026-06-25,S05,campaign,0
2026-06-26,S05,search,873
2026-06-26,S05,recommend,778
2026-06-26,S05,paid,346
2026-06-26,S05,external,273
2026-06-26,S05,campaign,0
2026-06-27,S05,search,988
2026-06-27,S05,recommend,790
2026-06-27,S05,paid,380
2026-06-27,S05,external,265
2026-06-27,S05,campaign,0
2026-06-28,S05,search,1055
2026-06-28,S05,recommend,881
2026-06-28,S05,paid,389
2026-06-28,S05,external,307
2026-06-28,S05,campaign,0
2026-06-29,S05,search,823
2026-06-29,S05,recommend,692
2026-06-29,S05,paid,362
2026-06-29,S05,external,278
2026-06-29,S05,campaign,0
2026-06-30,S05,search,910
2026-06-30,S05,recommend,662
2026-06-30,S05,paid,253
2026-06-30,S05,external,257
2026-06-30,S05,campaign,0
2026-07-01,S05,search,825
2026-07-01,S05,recommend,689
2026-07-01,S05,paid,299
2026-07-01,S05,external,245
2026-07-01,S05,campaign,0
2026-07-02,S05,search,854
2026-07-02,S05,recommend,788
2026-07-02,S05,paid,361
2026-07-02,S05,external,259
2026-07-02,S05,campaign,0
2026-07-03,S05,search,985
2026-07-03,S05,recommend,677
2026-07-03,S05,paid,326
2026-07-03,S05,external,271
2026-07-03,S05,campaign,0
2026-07-04,S05,search,966
2026-07-04,S05,recommend,896
2026-07-04,S05,paid,377
2026-07-04,S05,external,299
2026-07-04,S05,campaign,0
2026-07-05,S05,search,969
2026-07-05,S05,recommend,699
2026-07-05,S05,paid,381
2026-07-05,S05,external,223
2026-07-05,S05,campaign,0
2026-07-06,S05,search,863
2026-07-06,S05,recommend,630
2026-07-06,S05,paid,296
2026-07-06,S05,external,271
2026-07-06,S05,campaign,0
2026-07-07,S05,search,837
2026-07-07,S05,recommend,626
2026-07-07,S05,paid,305
2026-07-07,S05,external,260
2026-07-07,S05,campaign,0
2026-07-08,S05,search,849
2026-07-08,S05,recommend,744
2026-07-08,S05,paid,285
2026-07-08,S05,external,288
2026-07-08,S05,campaign,0
2026-07-09,S05,search,847
2026-07-09,S05,recommend,658
2026-07-09,S05,paid,329
2026-07-09,S05,external,240
2026-07-09,S05,campaign,0
2026-07-10,S05,search,856
2026-07-10,S05,recommend,678
2026-07-10,S05,paid,305
2026-07-10,S05,external,263
2026-07-10,S05,campaign,0
2026-07-11,S05,search,1054
2026-07-11,S05,recommend,885
2026-07-11,S05,paid,397
2026-07-11,S05,external,324
2026-07-11,S05,campaign,0
2026-07-12,S05,search,1098
2026-07-12,S05,recommend,838
2026-07-12,S05,paid,322
2026-07-12,S05,external,342
2026-07-12,S05,campaign,0
2026-07-13,S05,search,937
2026-07-13,S05,recommend,736
2026-07-13,S05,paid,369
2026-07-13,S05,external,281
2026-07-13,S05,campaign,0
2026-07-14,S05,search,984
2026-07-14,S05,recommend,684
2026-07-14,S05,paid,326
2026-07-14,S05,external,249
2026-07-14,S05,campaign,0
2026-07-15,S05,search,994
2026-07-15,S05,recommend,792
2026-07-15,S05,paid,387
2026-07-15,S05,external,299
2026-07-15,S05,campaign,0
2026-07-16,S05,search,898
2026-07-16,S05,recommend,694
2026-07-16,S05,paid,280
2026-07-16,S05,external,243
2026-07-16,S05,campaign,0
2026-07-17,S05,search,907
2026-07-17,S05,recommend,747
2026-07-17,S05,paid,372
2026-07-17,S05,external,274
2026-07-17,S05,campaign,0
2026-07-18,S05,search,916
2026-07-18,S05,recommend,803
2026-07-18,S05,paid,349
2026-07-18,S05,external,293
2026-07-18,S05,campaign,0
2026-07-19,S05,search,970
2026-07-19,S05,recommend,774
2026-07-19,S05,paid,397
2026-07-19,S05,external,293
2026-07-19,S05,campaign,0
2026-07-20,S05,search,926
2026-07-20,S05,recommend,762
2026-07-20,S05,paid,391
2026-07-20,S05,external,267
2026-07-20,S05,campaign,0
2026-07-21,S05,search,800
2026-07-21,S05,recommend,698
2026-07-21,S05,paid,340
2026-07-21,S05,external,246
2026-07-21,S05,campaign,0
2026-07-22,S05,search,812
2026-07-22,S05,recommend,693
2026-07-22,S05,paid,322
2026-07-22,S05,external,299
2026-07-22,S05,campaign,0
2026-07-23,S05,search,812
2026-07-23,S05,recommend,695
2026-07-23,S05,paid,312
2026-07-23,S05,external,242
2026-07-23,S05,campaign,0
2026-07-24,S05,search,835
2026-07-24,S05,recommend,748
2026-07-24,S05,paid,360
2026-07-24,S05,external,256
2026-07-24,S05,campaign,0
2026-07-25,S05,search,882
2026-07-25,S05,recommend,731
2026-07-25,S05,paid,336
2026-07-25,S05,external,284
2026-07-25,S05,campaign,0
2026-07-26,S05,search,866
2026-07-26,S05,recommend,687
2026-07-26,S05,paid,362
2026-07-26,S05,external,258
2026-07-26,S05,campaign,0
2026-07-27,S05,search,966
2026-07-27,S05,recommend,806
2026-07-27,S05,paid,365
2026-07-27,S05,external,283
2026-07-27,S05,campaign,0
2026-07-28,S05,search,875
2026-07-28,S05,recommend,720
2026-07-28,S05,paid,288
2026-07-28,S05,external,267
2026-07-28,S05,campaign,0
2026-07-29,S05,search,969
2026-07-29,S05,recommend,783
2026-07-29,S05,paid,339
2026-07-29,S05,external,302
2026-07-29,S05,campaign,0
2026-07-30,S05,search,930
2026-07-30,S05,recommend,752
2026-07-30,S05,paid,337
2026-07-30,S05,external,214
2026-07-30,S05,campaign,0
2026-07-31,S05,search,888
2026-07-31,S05,recommend,732
2026-07-31,S05,paid,330
2026-07-31,S05,external,267
2026-07-31,S05,campaign,0
2026-08-01,S05,search,934
2026-08-01,S05,recommend,940
2026-08-01,S05,paid,338
2026-08-01,S05,external,314
2026-08-01,S05,campaign,0
2026-08-02,S05,search,975
2026-08-02,S05,recommend,770
2026-08-02,S05,paid,390
2026-08-02,S05,external,304
2026-08-02,S05,campaign,0
2026-08-03,S05,search,1030
2026-08-03,S05,recommend,821
2026-08-03,S05,paid,343
2026-08-03,S05,external,273
2026-08-03,S05,campaign,0
2026-08-04,S05,search,934
2026-08-04,S05,recommend,801
2026-08-04,S05,paid,335
2026-08-04,S05,external,273
2026-08-04,S05,campaign,0
2026-08-05,S05,search,975
2026-08-05,S05,recommend,733
2026-08-05,S05,paid,348
2026-08-05,S05,external,251
2026-08-05,S05,campaign,0
2026-08-06,S05,search,1022
2026-08-06,S05,recommend,746
2026-08-06,S05,paid,311
2026-08-06,S05,external,298
2026-08-06,S05,campaign,0
2026-08-07,S05,search,900
2026-08-07,S05,recommend,664
2026-08-07,S05,paid,324
2026-08-07,S05,external,251
2026-08-07,S05,campaign,0
2026-08-08,S05,search,1102
2026-08-08,S05,recommend,862
2026-08-08,S05,paid,423
2026-08-08,S05,external,282
2026-08-08,S05,campaign,0
2026-08-09,S05,search,937
2026-08-09,S05,recommend,812
2026-08-09,S05,paid,361
2026-08-09,S05,external,305
2026-08-09,S05,campaign,0
2026-08-10,S05,search,830
2026-08-10,S05,recommend,738
2026-08-10,S05,paid,297
2026-08-10,S05,external,244
2026-08-10,S05,campaign,0
2026-08-11,S05,search,904
2026-08-11,S05,recommend,807
2026-08-11,S05,paid,343
2026-08-11,S05,external,306
2026-08-11,S05,campaign,0
2026-08-12,S05,search,890
2026-08-12,S05,recommend,797
2026-08-12,S05,paid,351
2026-08-12,S05,external,277
2026-08-12,S05,campaign,0
2026-08-13,S05,search,836
2026-08-13,S05,recommend,672
2026-08-13,S05,paid,304
2026-08-13,S05,external,257
2026-08-13,S05,campaign,0
2026-08-14,S05,search,916
2026-08-14,S05,recommend,804
2026-08-14,S05,paid,314
2026-08-14,S05,external,255
2026-08-14,S05,campaign,0
2026-08-15,S05,search,1066
2026-08-15,S05,recommend,808
2026-08-15,S05,paid,358
2026-08-15,S05,external,304
2026-08-15,S05,campaign,0
2026-08-16,S05,search,1019
2026-08-16,S05,recommend,774
2026-08-16,S05,paid,399
2026-08-16,S05,external,270
2026-08-16,S05,campaign,0
2026-08-17,S05,search,813
2026-08-17,S05,recommend,653
2026-08-17,S05,paid,362
2026-08-17,S05,external,261
2026-08-17,S05,campaign,0
2026-08-18,S05,search,891
2026-08-18,S05,recommend,708
2026-08-18,S05,paid,336
2026-08-18,S05,external,243
2026-08-18,S05,campaign,0
2026-08-19,S05,search,960
2026-08-19,S05,recommend,775
2026-08-19,S05,paid,346
2026-08-19,S05,external,271
2026-08-19,S05,campaign,0
2026-08-20,S05,search,971
2026-08-20,S05,recommend,814
2026-08-20,S05,paid,325
2026-08-20,S05,external,282
2026-08-20,S05,campaign,0
2026-08-21,S05,search,963
2026-08-21,S05,recommend,807
2026-08-21,S05,paid,328
2026-08-21,S05,external,251
2026-08-21,S05,campaign,0
2026-08-22,S05,search,1142
2026-08-22,S05,recommend,777
2026-08-22,S05,paid,367
2026-08-22,S05,external,290
2026-08-22,S05,campaign,0
2026-08-23,S05,search,1056
2026-08-23,S05,recommend,856
2026-08-23,S05,paid,356
2026-08-23,S05,external,332
2026-08-23,S05,campaign,0
2026-08-24,S05,search,929
2026-08-24,S05,recommend,882
2026-08-24,S05,paid,393
2026-08-24,S05,external,305
2026-08-24,S05,campaign,0
2026-08-25,S05,search,884
2026-08-25,S05,recommend,718
2026-08-25,S05,paid,328
2026-08-25,S05,external,259
2026-08-25,S05,campaign,0
2026-08-26,S05,search,764
2026-08-26,S05,recommend,741
2026-08-26,S05,paid,315
2026-08-26,S05,external,261
2026-08-26,S05,campaign,0
2026-08-27,S05,search,857
2026-08-27,S05,recommend,771
2026-08-27,S05,paid,321
2026-08-27,S05,external,266
2026-08-27,S05,campaign,0
2026-08-28,S05,search,898
2026-08-28,S05,recommend,775
2026-08-28,S05,paid,398
2026-08-28,S05,external,277
2026-08-28,S05,campaign,0
2026-08-29,S05,search,985
2026-08-29,S05,recommend,777
2026-08-29,S05,paid,389
2026-08-29,S05,external,310
2026-08-29,S05,campaign,0
2026-08-30,S05,search,1032
2026-08-30,S05,recommend,848
2026-08-30,S05,paid,408
2026-08-30,S05,external,323
2026-08-30,S05,campaign,0
2026-08-31,S05,search,874
2026-08-31,S05,recommend,696
2026-08-31,S05,paid,289
2026-08-31,S05,external,269
2026-08-31,S05,campaign,0
2026-09-01,S05,search,941
2026-09-01,S05,recommend,765
2026-09-01,S05,paid,344
2026-09-01,S05,external,261
2026-09-01,S05,campaign,0
2026-09-02,S05,search,942
2026-09-02,S05,recommend,733
2026-09-02,S05,paid,326
2026-09-02,S05,external,267
2026-09-02,S05,campaign,0
2026-09-03,S05,search,843
2026-09-03,S05,recommend,659
2026-09-03,S05,paid,302
2026-09-03,S05,external,226
2026-09-03,S05,campaign,0
2026-09-04,S05,search,867
2026-09-04,S05,recommend,785
2026-09-04,S05,paid,304
2026-09-04,S05,external,243
2026-09-04,S05,campaign,0
2026-09-05,S05,search,1049
2026-09-05,S05,recommend,874
2026-09-05,S05,paid,396
2026-09-05,S05,external,336
2026-09-05,S05,campaign,0
2026-09-06,S05,search,958
2026-09-06,S05,recommend,779
2026-09-06,S05,paid,381
2026-09-06,S05,external,291
2026-09-06,S05,campaign,0
2026-09-07,S05,search,941
2026-09-07,S05,recommend,721
2026-09-07,S05,paid,332
2026-09-07,S05,external,256
2026-09-07,S05,campaign,0
2026-09-08,S05,search,784
2026-09-08,S05,recommend,706
2026-09-08,S05,paid,305
2026-09-08,S05,external,254
2026-09-08,S05,campaign,0
2026-09-09,S05,search,817
2026-09-09,S05,recommend,699
2026-09-09,S05,paid,343
2026-09-09,S05,external,251
2026-09-09,S05,campaign,0
2026-09-10,S05,search,880
2026-09-10,S05,recommend,747
2026-09-10,S05,paid,318
2026-09-10,S05,external,279
2026-09-10,S05,campaign,0
2026-09-11,S05,search,844
2026-09-11,S05,recommend,720
2026-09-11,S05,paid,316
2026-09-11,S05,external,227
2026-09-11,S05,campaign,0
2026-09-12,S05,search,902
2026-09-12,S05,recommend,960
2026-09-12,S05,paid,374
2026-09-12,S05,external,305
2026-09-12,S05,campaign,0
2026-09-13,S05,search,997
2026-09-13,S05,recommend,880
2026-09-13,S05,paid,327
2026-09-13,S05,external,298
2026-09-13,S05,campaign,0
2026-09-14,S05,search,867
2026-09-14,S05,recommend,787
2026-09-14,S05,paid,337
2026-09-14,S05,external,306
2026-09-14,S05,campaign,0
2026-09-15,S05,search,871
2026-09-15,S05,recommend,722
2026-09-15,S05,paid,336
2026-09-15,S05,external,274
2026-09-15,S05,campaign,0
2026-09-16,S05,search,800
2026-09-16,S05,recommend,733
2026-09-16,S05,paid,323
2026-09-16,S05,external,240
2026-09-16,S05,campaign,0
2026-09-17,S05,search,928
2026-09-17,S05,recommend,665
2026-09-17,S05,paid,349
2026-09-17,S05,external,277
2026-09-17,S05,campaign,0
2026-09-18,S05,search,997
2026-09-18,S05,recommend,792
2026-09-18,S05,paid,360
2026-09-18,S05,external,276
2026-09-18,S05,campaign,0
2026-09-19,S05,search,978
2026-09-19,S05,recommend,817
2026-09-19,S05,paid,374
2026-09-19,S05,external,312
2026-09-19,S05,campaign,0
2026-09-20,S05,search,911
2026-09-20,S05,recommend,731
2026-09-20,S05,paid,309
2026-09-20,S05,external,277
2026-09-20,S05,campaign,0
2026-06-23,S06,search,567
2026-06-23,S06,recommend,413
2026-06-23,S06,paid,207
2026-06-23,S06,external,160
2026-06-23,S06,campaign,0
2026-06-24,S06,search,547
2026-06-24,S06,recommend,422
2026-06-24,S06,paid,165
2026-06-24,S06,external,147
2026-06-24,S06,campaign,0
2026-06-25,S06,search,547
2026-06-25,S06,recommend,456
2026-06-25,S06,paid,190
2026-06-25,S06,external,164
2026-06-25,S06,campaign,0
2026-06-26,S06,search,491
2026-06-26,S06,recommend,435
2026-06-26,S06,paid,203
2026-06-26,S06,external,163
2026-06-26,S06,campaign,0
2026-06-27,S06,search,511
2026-06-27,S06,recommend,483
2026-06-27,S06,paid,212
2026-06-27,S06,external,180
2026-06-27,S06,campaign,0
2026-06-28,S06,search,537
2026-06-28,S06,recommend,525
2026-06-28,S06,paid,228
2026-06-28,S06,external,151
2026-06-28,S06,campaign,0
2026-06-29,S06,search,524
2026-06-29,S06,recommend,446
2026-06-29,S06,paid,192
2026-06-29,S06,external,146
2026-06-29,S06,campaign,0
2026-06-30,S06,search,492
2026-06-30,S06,recommend,436
2026-06-30,S06,paid,204
2026-06-30,S06,external,174
2026-06-30,S06,campaign,0
2026-07-01,S06,search,539
2026-07-01,S06,recommend,460
2026-07-01,S06,paid,217
2026-07-01,S06,external,174
2026-07-01,S06,campaign,0
2026-07-02,S06,search,520
2026-07-02,S06,recommend,448
2026-07-02,S06,paid,200
2026-07-02,S06,external,143
2026-07-02,S06,campaign,0
2026-07-03,S06,search,498
2026-07-03,S06,recommend,446
2026-07-03,S06,paid,182
2026-07-03,S06,external,143
2026-07-03,S06,campaign,0
2026-07-04,S06,search,559
2026-07-04,S06,recommend,421
2026-07-04,S06,paid,194
2026-07-04,S06,external,155
2026-07-04,S06,campaign,0
2026-07-05,S06,search,600
2026-07-05,S06,recommend,428
2026-07-05,S06,paid,199
2026-07-05,S06,external,176
2026-07-05,S06,campaign,0
2026-07-06,S06,search,457
2026-07-06,S06,recommend,423
2026-07-06,S06,paid,205
2026-07-06,S06,external,152
2026-07-06,S06,campaign,0
2026-07-07,S06,search,541
2026-07-07,S06,recommend,418
2026-07-07,S06,paid,203
2026-07-07,S06,external,161
2026-07-07,S06,campaign,0
2026-07-08,S06,search,550
2026-07-08,S06,recommend,377
2026-07-08,S06,paid,178
2026-07-08,S06,external,139
2026-07-08,S06,campaign,0
2026-07-09,S06,search,532
2026-07-09,S06,recommend,406
2026-07-09,S06,paid,177
2026-07-09,S06,external,170
2026-07-09,S06,campaign,0
2026-07-10,S06,search,497
2026-07-10,S06,recommend,432
2026-07-10,S06,paid,201
2026-07-10,S06,external,156
2026-07-10,S06,campaign,0
2026-07-11,S06,search,532
2026-07-11,S06,recommend,461
2026-07-11,S06,paid,217
2026-07-11,S06,external,161
2026-07-11,S06,campaign,0
2026-07-12,S06,search,546
2026-07-12,S06,recommend,384
2026-07-12,S06,paid,205
2026-07-12,S06,external,172
2026-07-12,S06,campaign,0
2026-07-13,S06,search,509
2026-07-13,S06,recommend,464
2026-07-13,S06,paid,197
2026-07-13,S06,external,175
2026-07-13,S06,campaign,0
2026-07-14,S06,search,562
2026-07-14,S06,recommend,438
2026-07-14,S06,paid,236
2026-07-14,S06,external,160
2026-07-14,S06,campaign,0
2026-07-15,S06,search,526
2026-07-15,S06,recommend,444
2026-07-15,S06,paid,192
2026-07-15,S06,external,151
2026-07-15,S06,campaign,0
2026-07-16,S06,search,516
2026-07-16,S06,recommend,406
2026-07-16,S06,paid,198
2026-07-16,S06,external,170
2026-07-16,S06,campaign,0
2026-07-17,S06,search,534
2026-07-17,S06,recommend,411
2026-07-17,S06,paid,188
2026-07-17,S06,external,139
2026-07-17,S06,campaign,0
2026-07-18,S06,search,621
2026-07-18,S06,recommend,411
2026-07-18,S06,paid,197
2026-07-18,S06,external,182
2026-07-18,S06,campaign,0
2026-07-19,S06,search,598
2026-07-19,S06,recommend,496
2026-07-19,S06,paid,223
2026-07-19,S06,external,175
2026-07-19,S06,campaign,0
2026-07-20,S06,search,507
2026-07-20,S06,recommend,471
2026-07-20,S06,paid,190
2026-07-20,S06,external,161
2026-07-20,S06,campaign,0
2026-07-21,S06,search,501
2026-07-21,S06,recommend,502
2026-07-21,S06,paid,186
2026-07-21,S06,external,150
2026-07-21,S06,campaign,0
2026-07-22,S06,search,508
2026-07-22,S06,recommend,404
2026-07-22,S06,paid,196
2026-07-22,S06,external,156
2026-07-22,S06,campaign,0
2026-07-23,S06,search,544
2026-07-23,S06,recommend,451
2026-07-23,S06,paid,201
2026-07-23,S06,external,158
2026-07-23,S06,campaign,0
2026-07-24,S06,search,524
2026-07-24,S06,recommend,403
2026-07-24,S06,paid,180
2026-07-24,S06,external,149
2026-07-24,S06,campaign,0
2026-07-25,S06,search,576
2026-07-25,S06,recommend,484
2026-07-25,S06,paid,212
2026-07-25,S06,external,183
2026-07-25,S06,campaign,0
2026-07-26,S06,search,546
2026-07-26,S06,recommend,466
2026-07-26,S06,paid,197
2026-07-26,S06,external,149
2026-07-26,S06,campaign,0
2026-07-27,S06,search,561
2026-07-27,S06,recommend,475
2026-07-27,S06,paid,202
2026-07-27,S06,external,169
2026-07-27,S06,campaign,0
2026-07-28,S06,search,534
2026-07-28,S06,recommend,430
2026-07-28,S06,paid,181
2026-07-28,S06,external,147
2026-07-28,S06,campaign,0
2026-07-29,S06,search,536
2026-07-29,S06,recommend,499
2026-07-29,S06,paid,211
2026-07-29,S06,external,171
2026-07-29,S06,campaign,0
2026-07-30,S06,search,513
2026-07-30,S06,recommend,436
2026-07-30,S06,paid,180
2026-07-30,S06,external,168
2026-07-30,S06,campaign,0
2026-07-31,S06,search,467
2026-07-31,S06,recommend,373
2026-07-31,S06,paid,214
2026-07-31,S06,external,145
2026-07-31,S06,campaign,0
2026-08-01,S06,search,549
2026-08-01,S06,recommend,425
2026-08-01,S06,paid,215
2026-08-01,S06,external,180
2026-08-01,S06,campaign,0
2026-08-02,S06,search,612
2026-08-02,S06,recommend,472
2026-08-02,S06,paid,217
2026-08-02,S06,external,192
2026-08-02,S06,campaign,0
2026-08-03,S06,search,482
2026-08-03,S06,recommend,407
2026-08-03,S06,paid,201
2026-08-03,S06,external,161
2026-08-03,S06,campaign,0
2026-08-04,S06,search,428
2026-08-04,S06,recommend,433
2026-08-04,S06,paid,178
2026-08-04,S06,external,147
2026-08-04,S06,campaign,0
2026-08-05,S06,search,505
2026-08-05,S06,recommend,449
2026-08-05,S06,paid,176
2026-08-05,S06,external,149
2026-08-05,S06,campaign,0
2026-08-06,S06,search,502
2026-08-06,S06,recommend,438
2026-08-06,S06,paid,171
2026-08-06,S06,external,151
2026-08-06,S06,campaign,0
2026-08-07,S06,search,501
2026-08-07,S06,recommend,460
2026-08-07,S06,paid,183
2026-08-07,S06,external,158
2026-08-07,S06,campaign,0
2026-08-08,S06,search,545
2026-08-08,S06,recommend,435
2026-08-08,S06,paid,186
2026-08-08,S06,external,166
2026-08-08,S06,campaign,0
2026-08-09,S06,search,560
2026-08-09,S06,recommend,477
2026-08-09,S06,paid,196
2026-08-09,S06,external,177
2026-08-09,S06,campaign,0
2026-08-10,S06,search,504
2026-08-10,S06,recommend,409
2026-08-10,S06,paid,171
2026-08-10,S06,external,147
2026-08-10,S06,campaign,0
2026-08-11,S06,search,539
2026-08-11,S06,recommend,462
2026-08-11,S06,paid,188
2026-08-11,S06,external,160
2026-08-11,S06,campaign,0
2026-08-12,S06,search,464
2026-08-12,S06,recommend,431
2026-08-12,S06,paid,215
2026-08-12,S06,external,151
2026-08-12,S06,campaign,0
2026-08-13,S06,search,449
2026-08-13,S06,recommend,457
2026-08-13,S06,paid,179
2026-08-13,S06,external,147
2026-08-13,S06,campaign,0
2026-08-14,S06,search,546
2026-08-14,S06,recommend,433
2026-08-14,S06,paid,199
2026-08-14,S06,external,140
2026-08-14,S06,campaign,0
2026-08-15,S06,search,555
2026-08-15,S06,recommend,490
2026-08-15,S06,paid,205
2026-08-15,S06,external,179
2026-08-15,S06,campaign,0
2026-08-16,S06,search,526
2026-08-16,S06,recommend,499
2026-08-16,S06,paid,211
2026-08-16,S06,external,161
2026-08-16,S06,campaign,0
2026-08-17,S06,search,533
2026-08-17,S06,recommend,428
2026-08-17,S06,paid,231
2026-08-17,S06,external,164
2026-08-17,S06,campaign,0
2026-08-18,S06,search,572
2026-08-18,S06,recommend,437
2026-08-18,S06,paid,188
2026-08-18,S06,external,152
2026-08-18,S06,campaign,0
2026-08-19,S06,search,485
2026-08-19,S06,recommend,462
2026-08-19,S06,paid,184
2026-08-19,S06,external,152
2026-08-19,S06,campaign,0
2026-08-20,S06,search,522
2026-08-20,S06,recommend,419
2026-08-20,S06,paid,178
2026-08-20,S06,external,157
2026-08-20,S06,campaign,0
2026-08-21,S06,search,560
2026-08-21,S06,recommend,417
2026-08-21,S06,paid,214
2026-08-21,S06,external,152
2026-08-21,S06,campaign,0
2026-08-22,S06,search,551
2026-08-22,S06,recommend,482
2026-08-22,S06,paid,212
2026-08-22,S06,external,183
2026-08-22,S06,campaign,0
2026-08-23,S06,search,635
2026-08-23,S06,recommend,414
2026-08-23,S06,paid,244
2026-08-23,S06,external,173
2026-08-23,S06,campaign,0
2026-08-24,S06,search,493
2026-08-24,S06,recommend,461
2026-08-24,S06,paid,221
2026-08-24,S06,external,154
2026-08-24,S06,campaign,0
2026-08-25,S06,search,580
2026-08-25,S06,recommend,429
2026-08-25,S06,paid,203
2026-08-25,S06,external,173
2026-08-25,S06,campaign,0
2026-08-26,S06,search,486
2026-08-26,S06,recommend,411
2026-08-26,S06,paid,190
2026-08-26,S06,external,152
2026-08-26,S06,campaign,0
2026-08-27,S06,search,486
2026-08-27,S06,recommend,408
2026-08-27,S06,paid,202
2026-08-27,S06,external,159
2026-08-27,S06,campaign,0
2026-08-28,S06,search,485
2026-08-28,S06,recommend,355
2026-08-28,S06,paid,192
2026-08-28,S06,external,140
2026-08-28,S06,campaign,0
2026-08-29,S06,search,563
2026-08-29,S06,recommend,433
2026-08-29,S06,paid,200
2026-08-29,S06,external,162
2026-08-29,S06,campaign,0
2026-08-30,S06,search,590
2026-08-30,S06,recommend,437
2026-08-30,S06,paid,212
2026-08-30,S06,external,150
2026-08-30,S06,campaign,0
2026-08-31,S06,search,507
2026-08-31,S06,recommend,410
2026-08-31,S06,paid,187
2026-08-31,S06,external,164
2026-08-31,S06,campaign,0
2026-09-01,S06,search,562
2026-09-01,S06,recommend,442
2026-09-01,S06,paid,177
2026-09-01,S06,external,152
2026-09-01,S06,campaign,0
2026-09-02,S06,search,569
2026-09-02,S06,recommend,412
2026-09-02,S06,paid,176
2026-09-02,S06,external,150
2026-09-02,S06,campaign,0
2026-09-03,S06,search,552
2026-09-03,S06,recommend,463
2026-09-03,S06,paid,186
2026-09-03,S06,external,161
2026-09-03,S06,campaign,0
2026-09-04,S06,search,534
2026-09-04,S06,recommend,440
2026-09-04,S06,paid,198
2026-09-04,S06,external,152
2026-09-04,S06,campaign,0
2026-09-05,S06,search,608
2026-09-05,S06,recommend,445
2026-09-05,S06,paid,220
2026-09-05,S06,external,158
2026-09-05,S06,campaign,0
2026-09-06,S06,search,622
2026-09-06,S06,recommend,459
2026-09-06,S06,paid,226
2026-09-06,S06,external,169
2026-09-06,S06,campaign,0
2026-09-07,S06,search,523
2026-09-07,S06,recommend,413
2026-09-07,S06,paid,188
2026-09-07,S06,external,146
2026-09-07,S06,campaign,0
2026-09-08,S06,search,514
2026-09-08,S06,recommend,421
2026-09-08,S06,paid,190
2026-09-08,S06,external,151
2026-09-08,S06,campaign,0
2026-09-09,S06,search,564
2026-09-09,S06,recommend,439
2026-09-09,S06,paid,189
2026-09-09,S06,external,165
2026-09-09,S06,campaign,0
2026-09-10,S06,search,531
2026-09-10,S06,recommend,416
2026-09-10,S06,paid,220
2026-09-10,S06,external,156
2026-09-10,S06,campaign,0
2026-09-11,S06,search,478
2026-09-11,S06,recommend,359
2026-09-11,S06,paid,164
2026-09-11,S06,external,148
2026-09-11,S06,campaign,0
2026-09-12,S06,search,611
2026-09-12,S06,recommend,506
2026-09-12,S06,paid,210
2026-09-12,S06,external,181
2026-09-12,S06,campaign,0
2026-09-13,S06,search,627
2026-09-13,S06,recommend,528
2026-09-13,S06,paid,246
2026-09-13,S06,external,188
2026-09-13,S06,campaign,0
2026-09-14,S06,search,534
2026-09-14,S06,recommend,446
2026-09-14,S06,paid,206
2026-09-14,S06,external,154
2026-09-14,S06,campaign,0
2026-09-15,S06,search,518
2026-09-15,S06,recommend,465
2026-09-15,S06,paid,208
2026-09-15,S06,external,164
2026-09-15,S06,campaign,0
2026-09-16,S06,search,528
2026-09-16,S06,recommend,411
2026-09-16,S06,paid,184
2026-09-16,S06,external,147
2026-09-16,S06,campaign,0
2026-09-17,S06,search,518
2026-09-17,S06,recommend,434
2026-09-17,S06,paid,198
2026-09-17,S06,external,154
2026-09-17,S06,campaign,0
2026-09-18,S06,search,520
2026-09-18,S06,recommend,460
2026-09-18,S06,paid,223
2026-09-18,S06,external,166
2026-09-18,S06,campaign,0
2026-09-19,S06,search,597
2026-09-19,S06,recommend,503
2026-09-19,S06,paid,199
2026-09-19,S06,external,170
2026-09-19,S06,campaign,0
2026-09-20,S06,search,593
2026-09-20,S06,recommend,447
2026-09-20,S06,paid,233
2026-09-20,S06,external,177
2026-09-20,S06,campaign,0
2026-06-23,S07,search,708
2026-06-23,S07,recommend,609
2026-06-23,S07,paid,279
2026-06-23,S07,external,198
2026-06-23,S07,campaign,0
2026-06-24,S07,search,713
2026-06-24,S07,recommend,607
2026-06-24,S07,paid,277
2026-06-24,S07,external,234
2026-06-24,S07,campaign,0
2026-06-25,S07,search,669
2026-06-25,S07,recommend,593
2026-06-25,S07,paid,251
2026-06-25,S07,external,239
2026-06-25,S07,campaign,0
2026-06-26,S07,search,646
2026-06-26,S07,recommend,573
2026-06-26,S07,paid,268
2026-06-26,S07,external,228
2026-06-26,S07,campaign,0
2026-06-27,S07,search,855
2026-06-27,S07,recommend,715
2026-06-27,S07,paid,344
2026-06-27,S07,external,278
2026-06-27,S07,campaign,0
2026-06-28,S07,search,720
2026-06-28,S07,recommend,618
2026-06-28,S07,paid,334
2026-06-28,S07,external,222
2026-06-28,S07,campaign,0
2026-06-29,S07,search,707
2026-06-29,S07,recommend,567
2026-06-29,S07,paid,265
2026-06-29,S07,external,212
2026-06-29,S07,campaign,0
2026-06-30,S07,search,708
2026-06-30,S07,recommend,572
2026-06-30,S07,paid,249
2026-06-30,S07,external,198
2026-06-30,S07,campaign,0
2026-07-01,S07,search,769
2026-07-01,S07,recommend,540
2026-07-01,S07,paid,264
2026-07-01,S07,external,211
2026-07-01,S07,campaign,0
2026-07-02,S07,search,671
2026-07-02,S07,recommend,477
2026-07-02,S07,paid,233
2026-07-02,S07,external,198
2026-07-02,S07,campaign,0
2026-07-03,S07,search,618
2026-07-03,S07,recommend,541
2026-07-03,S07,paid,243
2026-07-03,S07,external,222
2026-07-03,S07,campaign,0
2026-07-04,S07,search,807
2026-07-04,S07,recommend,685
2026-07-04,S07,paid,306
2026-07-04,S07,external,269
2026-07-04,S07,campaign,0
2026-07-05,S07,search,807
2026-07-05,S07,recommend,649
2026-07-05,S07,paid,320
2026-07-05,S07,external,251
2026-07-05,S07,campaign,0
2026-07-06,S07,search,732
2026-07-06,S07,recommend,626
2026-07-06,S07,paid,254
2026-07-06,S07,external,219
2026-07-06,S07,campaign,0
2026-07-07,S07,search,795
2026-07-07,S07,recommend,545
2026-07-07,S07,paid,237
2026-07-07,S07,external,230
2026-07-07,S07,campaign,0
2026-07-08,S07,search,600
2026-07-08,S07,recommend,521
2026-07-08,S07,paid,248
2026-07-08,S07,external,200
2026-07-08,S07,campaign,0
2026-07-09,S07,search,656
2026-07-09,S07,recommend,488
2026-07-09,S07,paid,240
2026-07-09,S07,external,174
2026-07-09,S07,campaign,0
2026-07-10,S07,search,737
2026-07-10,S07,recommend,579
2026-07-10,S07,paid,285
2026-07-10,S07,external,210
2026-07-10,S07,campaign,0
2026-07-11,S07,search,821
2026-07-11,S07,recommend,639
2026-07-11,S07,paid,295
2026-07-11,S07,external,221
2026-07-11,S07,campaign,0
2026-07-12,S07,search,833
2026-07-12,S07,recommend,693
2026-07-12,S07,paid,258
2026-07-12,S07,external,224
2026-07-12,S07,campaign,0
2026-07-13,S07,search,729
2026-07-13,S07,recommend,690
2026-07-13,S07,paid,303
2026-07-13,S07,external,219
2026-07-13,S07,campaign,0
2026-07-14,S07,search,839
2026-07-14,S07,recommend,593
2026-07-14,S07,paid,272
2026-07-14,S07,external,217
2026-07-14,S07,campaign,0
2026-07-15,S07,search,738
2026-07-15,S07,recommend,601
2026-07-15,S07,paid,283
2026-07-15,S07,external,225
2026-07-15,S07,campaign,0
2026-07-16,S07,search,686
2026-07-16,S07,recommend,625
2026-07-16,S07,paid,273
2026-07-16,S07,external,207
2026-07-16,S07,campaign,0
2026-07-17,S07,search,781
2026-07-17,S07,recommend,633
2026-07-17,S07,paid,288
2026-07-17,S07,external,227
2026-07-17,S07,campaign,0
2026-07-18,S07,search,755
2026-07-18,S07,recommend,623
2026-07-18,S07,paid,297
2026-07-18,S07,external,236
2026-07-18,S07,campaign,0
2026-07-19,S07,search,820
2026-07-19,S07,recommend,657
2026-07-19,S07,paid,326
2026-07-19,S07,external,225
2026-07-19,S07,campaign,0
2026-07-20,S07,search,614
2026-07-20,S07,recommend,628
2026-07-20,S07,paid,273
2026-07-20,S07,external,230
2026-07-20,S07,campaign,0
2026-07-21,S07,search,666
2026-07-21,S07,recommend,529
2026-07-21,S07,paid,268
2026-07-21,S07,external,212
2026-07-21,S07,campaign,0
2026-07-22,S07,search,751
2026-07-22,S07,recommend,654
2026-07-22,S07,paid,270
2026-07-22,S07,external,219
2026-07-22,S07,campaign,0
2026-07-23,S07,search,738
2026-07-23,S07,recommend,572
2026-07-23,S07,paid,289
2026-07-23,S07,external,193
2026-07-23,S07,campaign,0
2026-07-24,S07,search,712
2026-07-24,S07,recommend,564
2026-07-24,S07,paid,272
2026-07-24,S07,external,230
2026-07-24,S07,campaign,0
2026-07-25,S07,search,733
2026-07-25,S07,recommend,693
2026-07-25,S07,paid,283
2026-07-25,S07,external,222
2026-07-25,S07,campaign,0
2026-07-26,S07,search,790
2026-07-26,S07,recommend,625
2026-07-26,S07,paid,299
2026-07-26,S07,external,221
2026-07-26,S07,campaign,0
2026-07-27,S07,search,721
2026-07-27,S07,recommend,617
2026-07-27,S07,paid,254
2026-07-27,S07,external,200
2026-07-27,S07,campaign,0
2026-07-28,S07,search,789
2026-07-28,S07,recommend,546
2026-07-28,S07,paid,273
2026-07-28,S07,external,201
2026-07-28,S07,campaign,0
2026-07-29,S07,search,757
2026-07-29,S07,recommend,606
2026-07-29,S07,paid,274
2026-07-29,S07,external,223
2026-07-29,S07,campaign,0
2026-07-30,S07,search,703
2026-07-30,S07,recommend,637
2026-07-30,S07,paid,311
2026-07-30,S07,external,238
2026-07-30,S07,campaign,0
2026-07-31,S07,search,742
2026-07-31,S07,recommend,598
2026-07-31,S07,paid,264
2026-07-31,S07,external,214
2026-07-31,S07,campaign,0
2026-08-01,S07,search,740
2026-08-01,S07,recommend,600
2026-08-01,S07,paid,286
2026-08-01,S07,external,240
2026-08-01,S07,campaign,0
2026-08-02,S07,search,725
2026-08-02,S07,recommend,628
2026-08-02,S07,paid,263
2026-08-02,S07,external,237
2026-08-02,S07,campaign,0
2026-08-03,S07,search,625
2026-08-03,S07,recommend,533
2026-08-03,S07,paid,250
2026-08-03,S07,external,195
2026-08-03,S07,campaign,0
2026-08-04,S07,search,683
2026-08-04,S07,recommend,550
2026-08-04,S07,paid,280
2026-08-04,S07,external,213
2026-08-04,S07,campaign,0
2026-08-05,S07,search,661
2026-08-05,S07,recommend,609
2026-08-05,S07,paid,263
2026-08-05,S07,external,212
2026-08-05,S07,campaign,0
2026-08-06,S07,search,787
2026-08-06,S07,recommend,543
2026-08-06,S07,paid,272
2026-08-06,S07,external,203
2026-08-06,S07,campaign,0
2026-08-07,S07,search,803
2026-08-07,S07,recommend,741
2026-08-07,S07,paid,279
2026-08-07,S07,external,244
2026-08-07,S07,campaign,0
2026-08-08,S07,search,830
2026-08-08,S07,recommend,665
2026-08-08,S07,paid,273
2026-08-08,S07,external,236
2026-08-08,S07,campaign,0
2026-08-09,S07,search,764
2026-08-09,S07,recommend,641
2026-08-09,S07,paid,301
2026-08-09,S07,external,234
2026-08-09,S07,campaign,0
2026-08-10,S07,search,733
2026-08-10,S07,recommend,595
2026-08-10,S07,paid,282
2026-08-10,S07,external,218
2026-08-10,S07,campaign,0
2026-08-11,S07,search,693
2026-08-11,S07,recommend,558
2026-08-11,S07,paid,285
2026-08-11,S07,external,208
2026-08-11,S07,campaign,0
2026-08-12,S07,search,841
2026-08-12,S07,recommend,607
2026-08-12,S07,paid,272
2026-08-12,S07,external,212
2026-08-12,S07,campaign,0
2026-08-13,S07,search,707
2026-08-13,S07,recommend,645
2026-08-13,S07,paid,276
2026-08-13,S07,external,242
2026-08-13,S07,campaign,0
2026-08-14,S07,search,716
2026-08-14,S07,recommend,579
2026-08-14,S07,paid,280
2026-08-14,S07,external,201
2026-08-14,S07,campaign,0
2026-08-15,S07,search,814
2026-08-15,S07,recommend,745
2026-08-15,S07,paid,311
2026-08-15,S07,external,232
2026-08-15,S07,campaign,0
2026-08-16,S07,search,761
2026-08-16,S07,recommend,607
2026-08-16,S07,paid,296
2026-08-16,S07,external,215
2026-08-16,S07,campaign,0
2026-08-17,S07,search,655
2026-08-17,S07,recommend,535
2026-08-17,S07,paid,236
2026-08-17,S07,external,197
2026-08-17,S07,campaign,0
2026-08-18,S07,search,761
2026-08-18,S07,recommend,599
2026-08-18,S07,paid,269
2026-08-18,S07,external,227
2026-08-18,S07,campaign,0
2026-08-19,S07,search,679
2026-08-19,S07,recommend,600
2026-08-19,S07,paid,268
2026-08-19,S07,external,214
2026-08-19,S07,campaign,0
2026-08-20,S07,search,738
2026-08-20,S07,recommend,541
2026-08-20,S07,paid,291
2026-08-20,S07,external,227
2026-08-20,S07,campaign,0
2026-08-21,S07,search,778
2026-08-21,S07,recommend,574
2026-08-21,S07,paid,303
2026-08-21,S07,external,221
2026-08-21,S07,campaign,0
2026-08-22,S07,search,823
2026-08-22,S07,recommend,714
2026-08-22,S07,paid,322
2026-08-22,S07,external,253
2026-08-22,S07,campaign,0
2026-08-23,S07,search,875
2026-08-23,S07,recommend,719
2026-08-23,S07,paid,316
2026-08-23,S07,external,233
2026-08-23,S07,campaign,0
2026-08-24,S07,search,717
2026-08-24,S07,recommend,553
2026-08-24,S07,paid,251
2026-08-24,S07,external,210
2026-08-24,S07,campaign,0
2026-08-25,S07,search,660
2026-08-25,S07,recommend,681
2026-08-25,S07,paid,282
2026-08-25,S07,external,218
2026-08-25,S07,campaign,0
2026-08-26,S07,search,655
2026-08-26,S07,recommend,639
2026-08-26,S07,paid,266
2026-08-26,S07,external,223
2026-08-26,S07,campaign,0
2026-08-27,S07,search,669
2026-08-27,S07,recommend,560
2026-08-27,S07,paid,250
2026-08-27,S07,external,202
2026-08-27,S07,campaign,0
2026-08-28,S07,search,768
2026-08-28,S07,recommend,563
2026-08-28,S07,paid,265
2026-08-28,S07,external,214
2026-08-28,S07,campaign,0
2026-08-29,S07,search,901
2026-08-29,S07,recommend,674
2026-08-29,S07,paid,304
2026-08-29,S07,external,246
2026-08-29,S07,campaign,0
2026-08-30,S07,search,778
2026-08-30,S07,recommend,587
2026-08-30,S07,paid,265
2026-08-30,S07,external,212
2026-08-30,S07,campaign,0
2026-08-31,S07,search,689
2026-08-31,S07,recommend,604
2026-08-31,S07,paid,271
2026-08-31,S07,external,241
2026-08-31,S07,campaign,0
2026-09-01,S07,search,599
2026-09-01,S07,recommend,536
2026-09-01,S07,paid,236
2026-09-01,S07,external,172
2026-09-01,S07,campaign,0
2026-09-02,S07,search,651
2026-09-02,S07,recommend,608
2026-09-02,S07,paid,251
2026-09-02,S07,external,213
2026-09-02,S07,campaign,0
2026-09-03,S07,search,700
2026-09-03,S07,recommend,586
2026-09-03,S07,paid,254
2026-09-03,S07,external,192
2026-09-03,S07,campaign,0
2026-09-04,S07,search,696
2026-09-04,S07,recommend,561
2026-09-04,S07,paid,286
2026-09-04,S07,external,220
2026-09-04,S07,campaign,0
2026-09-05,S07,search,882
2026-09-05,S07,recommend,707
2026-09-05,S07,paid,356
2026-09-05,S07,external,248
2026-09-05,S07,campaign,0
2026-09-06,S07,search,772
2026-09-06,S07,recommend,557
2026-09-06,S07,paid,290
2026-09-06,S07,external,230
2026-09-06,S07,campaign,0
2026-09-07,S07,search,746
2026-09-07,S07,recommend,560
2026-09-07,S07,paid,245
2026-09-07,S07,external,185
2026-09-07,S07,campaign,0
2026-09-08,S07,search,722
2026-09-08,S07,recommend,626
2026-09-08,S07,paid,294
2026-09-08,S07,external,225
2026-09-08,S07,campaign,0
2026-09-09,S07,search,686
2026-09-09,S07,recommend,636
2026-09-09,S07,paid,237
2026-09-09,S07,external,190
2026-09-09,S07,campaign,0
2026-09-10,S07,search,768
2026-09-10,S07,recommend,645
2026-09-10,S07,paid,280
2026-09-10,S07,external,230
2026-09-10,S07,campaign,0
2026-09-11,S07,search,759
2026-09-11,S07,recommend,627
2026-09-11,S07,paid,315
2026-09-11,S07,external,226
2026-09-11,S07,campaign,0
2026-09-12,S07,search,876
2026-09-12,S07,recommend,612
2026-09-12,S07,paid,309
2026-09-12,S07,external,249
2026-09-12,S07,campaign,0
2026-09-13,S07,search,829
2026-09-13,S07,recommend,674
2026-09-13,S07,paid,313
2026-09-13,S07,external,264
2026-09-13,S07,campaign,0
2026-09-14,S07,search,699
2026-09-14,S07,recommend,616
2026-09-14,S07,paid,269
2026-09-14,S07,external,241
2026-09-14,S07,campaign,0
2026-09-15,S07,search,668
2026-09-15,S07,recommend,551
2026-09-15,S07,paid,247
2026-09-15,S07,external,206
2026-09-15,S07,campaign,0
2026-09-16,S07,search,690
2026-09-16,S07,recommend,578
2026-09-16,S07,paid,249
2026-09-16,S07,external,205
2026-09-16,S07,campaign,0
2026-09-17,S07,search,612
2026-09-17,S07,recommend,585
2026-09-17,S07,paid,234
2026-09-17,S07,external,195
2026-09-17,S07,campaign,0
2026-09-18,S07,search,657
2026-09-18,S07,recommend,552
2026-09-18,S07,paid,248
2026-09-18,S07,external,229
2026-09-18,S07,campaign,0
2026-09-19,S07,search,795
2026-09-19,S07,recommend,712
2026-09-19,S07,paid,288
2026-09-19,S07,external,215
2026-09-19,S07,campaign,0
2026-09-20,S07,search,847
2026-09-20,S07,recommend,664
2026-09-20,S07,paid,315
2026-09-20,S07,external,245
2026-09-20,S07,campaign,0
2026-06-23,S08,search,478
2026-06-23,S08,recommend,380
2026-06-23,S08,paid,158
2026-06-23,S08,external,146
2026-06-23,S08,campaign,0
2026-06-24,S08,search,495
2026-06-24,S08,recommend,327
2026-06-24,S08,paid,169
2026-06-24,S08,external,137
2026-06-24,S08,campaign,0
2026-06-25,S08,search,465
2026-06-25,S08,recommend,391
2026-06-25,S08,paid,185
2026-06-25,S08,external,137
2026-06-25,S08,campaign,0
2026-06-26,S08,search,497
2026-06-26,S08,recommend,386
2026-06-26,S08,paid,207
2026-06-26,S08,external,151
2026-06-26,S08,campaign,0
2026-06-27,S08,search,495
2026-06-27,S08,recommend,438
2026-06-27,S08,paid,185
2026-06-27,S08,external,150
2026-06-27,S08,campaign,0
2026-06-28,S08,search,512
2026-06-28,S08,recommend,411
2026-06-28,S08,paid,201
2026-06-28,S08,external,142
2026-06-28,S08,campaign,0
2026-06-29,S08,search,478
2026-06-29,S08,recommend,433
2026-06-29,S08,paid,183
2026-06-29,S08,external,152
2026-06-29,S08,campaign,0
2026-06-30,S08,search,498
2026-06-30,S08,recommend,339
2026-06-30,S08,paid,190
2026-06-30,S08,external,151
2026-06-30,S08,campaign,0
2026-07-01,S08,search,497
2026-07-01,S08,recommend,368
2026-07-01,S08,paid,167
2026-07-01,S08,external,135
2026-07-01,S08,campaign,0
2026-07-02,S08,search,419
2026-07-02,S08,recommend,379
2026-07-02,S08,paid,166
2026-07-02,S08,external,145
2026-07-02,S08,campaign,0
2026-07-03,S08,search,541
2026-07-03,S08,recommend,362
2026-07-03,S08,paid,183
2026-07-03,S08,external,145
2026-07-03,S08,campaign,0
2026-07-04,S08,search,493
2026-07-04,S08,recommend,388
2026-07-04,S08,paid,211
2026-07-04,S08,external,155
2026-07-04,S08,campaign,0
2026-07-05,S08,search,529
2026-07-05,S08,recommend,423
2026-07-05,S08,paid,196
2026-07-05,S08,external,170
2026-07-05,S08,campaign,0
2026-07-06,S08,search,463
2026-07-06,S08,recommend,387
2026-07-06,S08,paid,208
2026-07-06,S08,external,142
2026-07-06,S08,campaign,0
2026-07-07,S08,search,475
2026-07-07,S08,recommend,390
2026-07-07,S08,paid,175
2026-07-07,S08,external,150
2026-07-07,S08,campaign,0
2026-07-08,S08,search,472
2026-07-08,S08,recommend,393
2026-07-08,S08,paid,187
2026-07-08,S08,external,158
2026-07-08,S08,campaign,0
2026-07-09,S08,search,473
2026-07-09,S08,recommend,383
2026-07-09,S08,paid,182
2026-07-09,S08,external,137
2026-07-09,S08,campaign,0
2026-07-10,S08,search,488
2026-07-10,S08,recommend,432
2026-07-10,S08,paid,183
2026-07-10,S08,external,164
2026-07-10,S08,campaign,0
2026-07-11,S08,search,525
2026-07-11,S08,recommend,423
2026-07-11,S08,paid,200
2026-07-11,S08,external,148
2026-07-11,S08,campaign,0
2026-07-12,S08,search,494
2026-07-12,S08,recommend,412
2026-07-12,S08,paid,197
2026-07-12,S08,external,168
2026-07-12,S08,campaign,0
2026-07-13,S08,search,401
2026-07-13,S08,recommend,385
2026-07-13,S08,paid,174
2026-07-13,S08,external,149
2026-07-13,S08,campaign,0
2026-07-14,S08,search,487
2026-07-14,S08,recommend,396
2026-07-14,S08,paid,188
2026-07-14,S08,external,130
2026-07-14,S08,campaign,0
2026-07-15,S08,search,422
2026-07-15,S08,recommend,416
2026-07-15,S08,paid,182
2026-07-15,S08,external,121
2026-07-15,S08,campaign,0
2026-07-16,S08,search,508
2026-07-16,S08,recommend,464
2026-07-16,S08,paid,172
2026-07-16,S08,external,133
2026-07-16,S08,campaign,0
2026-07-17,S08,search,491
2026-07-17,S08,recommend,335
2026-07-17,S08,paid,176
2026-07-17,S08,external,126
2026-07-17,S08,campaign,0
2026-07-18,S08,search,544
2026-07-18,S08,recommend,408
2026-07-18,S08,paid,192
2026-07-18,S08,external,164
2026-07-18,S08,campaign,0
2026-07-19,S08,search,563
2026-07-19,S08,recommend,398
2026-07-19,S08,paid,188
2026-07-19,S08,external,158
2026-07-19,S08,campaign,0
2026-07-20,S08,search,458
2026-07-20,S08,recommend,380
2026-07-20,S08,paid,181
2026-07-20,S08,external,134
2026-07-20,S08,campaign,0
2026-07-21,S08,search,472
2026-07-21,S08,recommend,367
2026-07-21,S08,paid,178
2026-07-21,S08,external,145
2026-07-21,S08,campaign,0
2026-07-22,S08,search,504
2026-07-22,S08,recommend,376
2026-07-22,S08,paid,190
2026-07-22,S08,external,156
2026-07-22,S08,campaign,0
2026-07-23,S08,search,497
2026-07-23,S08,recommend,415
2026-07-23,S08,paid,184
2026-07-23,S08,external,152
2026-07-23,S08,campaign,0
2026-07-24,S08,search,486
2026-07-24,S08,recommend,392
2026-07-24,S08,paid,171
2026-07-24,S08,external,142
2026-07-24,S08,campaign,0
2026-07-25,S08,search,469
2026-07-25,S08,recommend,397
2026-07-25,S08,paid,162
2026-07-25,S08,external,158
2026-07-25,S08,campaign,0
2026-07-26,S08,search,524
2026-07-26,S08,recommend,486
2026-07-26,S08,paid,168
2026-07-26,S08,external,170
2026-07-26,S08,campaign,0
2026-07-27,S08,search,453
2026-07-27,S08,recommend,348
2026-07-27,S08,paid,169
2026-07-27,S08,external,136
2026-07-27,S08,campaign,0
2026-07-28,S08,search,426
2026-07-28,S08,recommend,342
2026-07-28,S08,paid,154
2026-07-28,S08,external,127
2026-07-28,S08,campaign,0
2026-07-29,S08,search,432
2026-07-29,S08,recommend,350
2026-07-29,S08,paid,187
2026-07-29,S08,external,121
2026-07-29,S08,campaign,0
2026-07-30,S08,search,480
2026-07-30,S08,recommend,419
2026-07-30,S08,paid,155
2026-07-30,S08,external,148
2026-07-30,S08,campaign,0
2026-07-31,S08,search,517
2026-07-31,S08,recommend,385
2026-07-31,S08,paid,186
2026-07-31,S08,external,148
2026-07-31,S08,campaign,0
2026-08-01,S08,search,529
2026-08-01,S08,recommend,538
2026-08-01,S08,paid,222
2026-08-01,S08,external,165
2026-08-01,S08,campaign,0
2026-08-02,S08,search,565
2026-08-02,S08,recommend,402
2026-08-02,S08,paid,211
2026-08-02,S08,external,151
2026-08-02,S08,campaign,0
2026-08-03,S08,search,490
2026-08-03,S08,recommend,414
2026-08-03,S08,paid,183
2026-08-03,S08,external,159
2026-08-03,S08,campaign,0
2026-08-04,S08,search,499
2026-08-04,S08,recommend,439
2026-08-04,S08,paid,179
2026-08-04,S08,external,170
2026-08-04,S08,campaign,0
2026-08-05,S08,search,498
2026-08-05,S08,recommend,374
2026-08-05,S08,paid,188
2026-08-05,S08,external,152
2026-08-05,S08,campaign,0
2026-08-06,S08,search,514
2026-08-06,S08,recommend,375
2026-08-06,S08,paid,182
2026-08-06,S08,external,135
2026-08-06,S08,campaign,0
2026-08-07,S08,search,462
2026-08-07,S08,recommend,392
2026-08-07,S08,paid,181
2026-08-07,S08,external,128
2026-08-07,S08,campaign,0
2026-08-08,S08,search,551
2026-08-08,S08,recommend,434
2026-08-08,S08,paid,215
2026-08-08,S08,external,150
2026-08-08,S08,campaign,0
2026-08-09,S08,search,481
2026-08-09,S08,recommend,451
2026-08-09,S08,paid,193
2026-08-09,S08,external,135
2026-08-09,S08,campaign,0
2026-08-10,S08,search,429
2026-08-10,S08,recommend,392
2026-08-10,S08,paid,169
2026-08-10,S08,external,138
2026-08-10,S08,campaign,0
2026-08-11,S08,search,552
2026-08-11,S08,recommend,439
2026-08-11,S08,paid,191
2026-08-11,S08,external,158
2026-08-11,S08,campaign,0
2026-08-12,S08,search,464
2026-08-12,S08,recommend,407
2026-08-12,S08,paid,180
2026-08-12,S08,external,146
2026-08-12,S08,campaign,0
2026-08-13,S08,search,476
2026-08-13,S08,recommend,361
2026-08-13,S08,paid,178
2026-08-13,S08,external,144
2026-08-13,S08,campaign,0
2026-08-14,S08,search,475
2026-08-14,S08,recommend,407
2026-08-14,S08,paid,179
2026-08-14,S08,external,127
2026-08-14,S08,campaign,0
2026-08-15,S08,search,562
2026-08-15,S08,recommend,457
2026-08-15,S08,paid,214
2026-08-15,S08,external,178
2026-08-15,S08,campaign,0
2026-08-16,S08,search,601
2026-08-16,S08,recommend,449
2026-08-16,S08,paid,215
2026-08-16,S08,external,169
2026-08-16,S08,campaign,0
2026-08-17,S08,search,459
2026-08-17,S08,recommend,393
2026-08-17,S08,paid,187
2026-08-17,S08,external,150
2026-08-17,S08,campaign,0
2026-08-18,S08,search,475
2026-08-18,S08,recommend,464
2026-08-18,S08,paid,181
2026-08-18,S08,external,188
2026-08-18,S08,campaign,0
2026-08-19,S08,search,484
2026-08-19,S08,recommend,419
2026-08-19,S08,paid,192
2026-08-19,S08,external,155
2026-08-19,S08,campaign,0
2026-08-20,S08,search,442
2026-08-20,S08,recommend,433
2026-08-20,S08,paid,159
2026-08-20,S08,external,136
2026-08-20,S08,campaign,0
2026-08-21,S08,search,458
2026-08-21,S08,recommend,429
2026-08-21,S08,paid,177
2026-08-21,S08,external,136
2026-08-21,S08,campaign,0
2026-08-22,S08,search,500
2026-08-22,S08,recommend,416
2026-08-22,S08,paid,179
2026-08-22,S08,external,162
2026-08-22,S08,campaign,0
2026-08-23,S08,search,532
2026-08-23,S08,recommend,435
2026-08-23,S08,paid,228
2026-08-23,S08,external,187
2026-08-23,S08,campaign,0
2026-08-24,S08,search,483
2026-08-24,S08,recommend,377
2026-08-24,S08,paid,199
2026-08-24,S08,external,142
2026-08-24,S08,campaign,0
2026-08-25,S08,search,450
2026-08-25,S08,recommend,401
2026-08-25,S08,paid,189
2026-08-25,S08,external,146
2026-08-25,S08,campaign,0
2026-08-26,S08,search,510
2026-08-26,S08,recommend,371
2026-08-26,S08,paid,180
2026-08-26,S08,external,140
2026-08-26,S08,campaign,0
2026-08-27,S08,search,469
2026-08-27,S08,recommend,374
2026-08-27,S08,paid,182
2026-08-27,S08,external,132
2026-08-27,S08,campaign,0
2026-08-28,S08,search,423
2026-08-28,S08,recommend,377
2026-08-28,S08,paid,170
2026-08-28,S08,external,148
2026-08-28,S08,campaign,0
2026-08-29,S08,search,538
2026-08-29,S08,recommend,441
2026-08-29,S08,paid,199
2026-08-29,S08,external,166
2026-08-29,S08,campaign,0
2026-08-30,S08,search,532
2026-08-30,S08,recommend,418
2026-08-30,S08,paid,174
2026-08-30,S08,external,164
2026-08-30,S08,campaign,0
2026-08-31,S08,search,511
2026-08-31,S08,recommend,384
2026-08-31,S08,paid,188
2026-08-31,S08,external,160
2026-08-31,S08,campaign,0
2026-09-01,S08,search,440
2026-09-01,S08,recommend,433
2026-09-01,S08,paid,167
2026-09-01,S08,external,151
2026-09-01,S08,campaign,0
2026-09-02,S08,search,453
2026-09-02,S08,recommend,379
2026-09-02,S08,paid,159
2026-09-02,S08,external,120
2026-09-02,S08,campaign,0
2026-09-03,S08,search,455
2026-09-03,S08,recommend,363
2026-09-03,S08,paid,183
2026-09-03,S08,external,137
2026-09-03,S08,campaign,0
2026-09-04,S08,search,516
2026-09-04,S08,recommend,415
2026-09-04,S08,paid,179
2026-09-04,S08,external,135
2026-09-04,S08,campaign,0
2026-09-05,S08,search,546
2026-09-05,S08,recommend,470
2026-09-05,S08,paid,196
2026-09-05,S08,external,149
2026-09-05,S08,campaign,0
2026-09-06,S08,search,580
2026-09-06,S08,recommend,442
2026-09-06,S08,paid,213
2026-09-06,S08,external,168
2026-09-06,S08,campaign,0
2026-09-07,S08,search,572
2026-09-07,S08,recommend,436
2026-09-07,S08,paid,189
2026-09-07,S08,external,155
2026-09-07,S08,campaign,0
2026-09-08,S08,search,483
2026-09-08,S08,recommend,385
2026-09-08,S08,paid,161
2026-09-08,S08,external,133
2026-09-08,S08,campaign,0
2026-09-09,S08,search,430
2026-09-09,S08,recommend,402
2026-09-09,S08,paid,196
2026-09-09,S08,external,142
2026-09-09,S08,campaign,0
2026-09-10,S08,search,506
2026-09-10,S08,recommend,373
2026-09-10,S08,paid,183
2026-09-10,S08,external,137
2026-09-10,S08,campaign,0
2026-09-11,S08,search,519
2026-09-11,S08,recommend,413
2026-09-11,S08,paid,180
2026-09-11,S08,external,155
2026-09-11,S08,campaign,0
2026-09-12,S08,search,501
2026-09-12,S08,recommend,411
2026-09-12,S08,paid,206
2026-09-12,S08,external,159
2026-09-12,S08,campaign,0
2026-09-13,S08,search,473
2026-09-13,S08,recommend,486
2026-09-13,S08,paid,195
2026-09-13,S08,external,151
2026-09-13,S08,campaign,0
2026-09-14,S08,search,472
2026-09-14,S08,recommend,410
2026-09-14,S08,paid,195
2026-09-14,S08,external,153
2026-09-14,S08,campaign,0
2026-09-15,S08,search,499
2026-09-15,S08,recommend,343
2026-09-15,S08,paid,152
2026-09-15,S08,external,130
2026-09-15,S08,campaign,0
2026-09-16,S08,search,489
2026-09-16,S08,recommend,390
2026-09-16,S08,paid,187
2026-09-16,S08,external,125
2026-09-16,S08,campaign,0
2026-09-17,S08,search,479
2026-09-17,S08,recommend,436
2026-09-17,S08,paid,185
2026-09-17,S08,external,151
2026-09-17,S08,campaign,0
2026-09-18,S08,search,441
2026-09-18,S08,recommend,374
2026-09-18,S08,paid,150
2026-09-18,S08,external,115
2026-09-18,S08,campaign,0
2026-09-19,S08,search,530
2026-09-19,S08,recommend,493
2026-09-19,S08,paid,222
2026-09-19,S08,external,189
2026-09-19,S08,campaign,0
2026-09-20,S08,search,519
2026-09-20,S08,recommend,379
2026-09-20,S08,paid,174
2026-09-20,S08,external,144
2026-09-20,S08,campaign,0
2026-06-23,S09,search,615
2026-06-23,S09,recommend,514
2026-06-23,S09,paid,227
2026-06-23,S09,external,187
2026-06-23,S09,campaign,0
2026-06-24,S09,search,591
2026-06-24,S09,recommend,491
2026-06-24,S09,paid,200
2026-06-24,S09,external,185
2026-06-24,S09,campaign,0
2026-06-25,S09,search,532
2026-06-25,S09,recommend,469
2026-06-25,S09,paid,215
2026-06-25,S09,external,166
2026-06-25,S09,campaign,0
2026-06-26,S09,search,638
2026-06-26,S09,recommend,431
2026-06-26,S09,paid,200
2026-06-26,S09,external,172
2026-06-26,S09,campaign,0
2026-06-27,S09,search,706
2026-06-27,S09,recommend,587
2026-06-27,S09,paid,261
2026-06-27,S09,external,198
2026-06-27,S09,campaign,0
2026-06-28,S09,search,665
2026-06-28,S09,recommend,543
2026-06-28,S09,paid,263
2026-06-28,S09,external,189
2026-06-28,S09,campaign,0
2026-06-29,S09,search,616
2026-06-29,S09,recommend,479
2026-06-29,S09,paid,212
2026-06-29,S09,external,199
2026-06-29,S09,campaign,0
2026-06-30,S09,search,596
2026-06-30,S09,recommend,478
2026-06-30,S09,paid,209
2026-06-30,S09,external,153
2026-06-30,S09,campaign,0
2026-07-01,S09,search,500
2026-07-01,S09,recommend,419
2026-07-01,S09,paid,191
2026-07-01,S09,external,156
2026-07-01,S09,campaign,0
2026-07-02,S09,search,574
2026-07-02,S09,recommend,502
2026-07-02,S09,paid,206
2026-07-02,S09,external,169
2026-07-02,S09,campaign,0
2026-07-03,S09,search,648
2026-07-03,S09,recommend,568
2026-07-03,S09,paid,226
2026-07-03,S09,external,199
2026-07-03,S09,campaign,0
2026-07-04,S09,search,679
2026-07-04,S09,recommend,479
2026-07-04,S09,paid,238
2026-07-04,S09,external,200
2026-07-04,S09,campaign,0
2026-07-05,S09,search,655
2026-07-05,S09,recommend,454
2026-07-05,S09,paid,218
2026-07-05,S09,external,175
2026-07-05,S09,campaign,0
2026-07-06,S09,search,583
2026-07-06,S09,recommend,478
2026-07-06,S09,paid,203
2026-07-06,S09,external,167
2026-07-06,S09,campaign,0
2026-07-07,S09,search,644
2026-07-07,S09,recommend,565
2026-07-07,S09,paid,232
2026-07-07,S09,external,185
2026-07-07,S09,campaign,0
2026-07-08,S09,search,543
2026-07-08,S09,recommend,509
2026-07-08,S09,paid,212
2026-07-08,S09,external,175
2026-07-08,S09,campaign,0
2026-07-09,S09,search,648
2026-07-09,S09,recommend,517
2026-07-09,S09,paid,244
2026-07-09,S09,external,175
2026-07-09,S09,campaign,0
2026-07-10,S09,search,625
2026-07-10,S09,recommend,500
2026-07-10,S09,paid,264
2026-07-10,S09,external,181
2026-07-10,S09,campaign,0
2026-07-11,S09,search,660
2026-07-11,S09,recommend,522
2026-07-11,S09,paid,229
2026-07-11,S09,external,180
2026-07-11,S09,campaign,0
2026-07-12,S09,search,618
2026-07-12,S09,recommend,635
2026-07-12,S09,paid,272
2026-07-12,S09,external,212
2026-07-12,S09,campaign,0
2026-07-13,S09,search,604
2026-07-13,S09,recommend,470
2026-07-13,S09,paid,222
2026-07-13,S09,external,201
2026-07-13,S09,campaign,0
2026-07-14,S09,search,600
2026-07-14,S09,recommend,467
2026-07-14,S09,paid,230
2026-07-14,S09,external,176
2026-07-14,S09,campaign,0
2026-07-15,S09,search,558
2026-07-15,S09,recommend,453
2026-07-15,S09,paid,202
2026-07-15,S09,external,168
2026-07-15,S09,campaign,0
2026-07-16,S09,search,654
2026-07-16,S09,recommend,504
2026-07-16,S09,paid,215
2026-07-16,S09,external,175
2026-07-16,S09,campaign,0
2026-07-17,S09,search,616
2026-07-17,S09,recommend,489
2026-07-17,S09,paid,211
2026-07-17,S09,external,184
2026-07-17,S09,campaign,0
2026-07-18,S09,search,622
2026-07-18,S09,recommend,590
2026-07-18,S09,paid,221
2026-07-18,S09,external,195
2026-07-18,S09,campaign,0
2026-07-19,S09,search,563
2026-07-19,S09,recommend,553
2026-07-19,S09,paid,222
2026-07-19,S09,external,184
2026-07-19,S09,campaign,0
2026-07-20,S09,search,586
2026-07-20,S09,recommend,431
2026-07-20,S09,paid,211
2026-07-20,S09,external,192
2026-07-20,S09,campaign,0
2026-07-21,S09,search,644
2026-07-21,S09,recommend,490
2026-07-21,S09,paid,256
2026-07-21,S09,external,192
2026-07-21,S09,campaign,0
2026-07-22,S09,search,597
2026-07-22,S09,recommend,558
2026-07-22,S09,paid,241
2026-07-22,S09,external,192
2026-07-22,S09,campaign,0
2026-07-23,S09,search,597
2026-07-23,S09,recommend,481
2026-07-23,S09,paid,217
2026-07-23,S09,external,159
2026-07-23,S09,campaign,0
2026-07-24,S09,search,660
2026-07-24,S09,recommend,492
2026-07-24,S09,paid,223
2026-07-24,S09,external,174
2026-07-24,S09,campaign,0
2026-07-25,S09,search,682
2026-07-25,S09,recommend,549
2026-07-25,S09,paid,246
2026-07-25,S09,external,195
2026-07-25,S09,campaign,0
2026-07-26,S09,search,603
2026-07-26,S09,recommend,517
2026-07-26,S09,paid,225
2026-07-26,S09,external,185
2026-07-26,S09,campaign,0
2026-07-27,S09,search,604
2026-07-27,S09,recommend,509
2026-07-27,S09,paid,214
2026-07-27,S09,external,187
2026-07-27,S09,campaign,0
2026-07-28,S09,search,607
2026-07-28,S09,recommend,490
2026-07-28,S09,paid,198
2026-07-28,S09,external,147
2026-07-28,S09,campaign,0
2026-07-29,S09,search,537
2026-07-29,S09,recommend,457
2026-07-29,S09,paid,215
2026-07-29,S09,external,165
2026-07-29,S09,campaign,0
2026-07-30,S09,search,626
2026-07-30,S09,recommend,520
2026-07-30,S09,paid,248
2026-07-30,S09,external,184
2026-07-30,S09,campaign,0
2026-07-31,S09,search,614
2026-07-31,S09,recommend,494
2026-07-31,S09,paid,246
2026-07-31,S09,external,196
2026-07-31,S09,campaign,0
2026-08-01,S09,search,690
2026-08-01,S09,recommend,508
2026-08-01,S09,paid,249
2026-08-01,S09,external,212
2026-08-01,S09,campaign,0
2026-08-02,S09,search,666
2026-08-02,S09,recommend,586
2026-08-02,S09,paid,249
2026-08-02,S09,external,206
2026-08-02,S09,campaign,0
2026-08-03,S09,search,565
2026-08-03,S09,recommend,552
2026-08-03,S09,paid,230
2026-08-03,S09,external,180
2026-08-03,S09,campaign,0
2026-08-04,S09,search,628
2026-08-04,S09,recommend,510
2026-08-04,S09,paid,219
2026-08-04,S09,external,171
2026-08-04,S09,campaign,0
2026-08-05,S09,search,620
2026-08-05,S09,recommend,498
2026-08-05,S09,paid,242
2026-08-05,S09,external,200
2026-08-05,S09,campaign,0
2026-08-06,S09,search,538
2026-08-06,S09,recommend,458
2026-08-06,S09,paid,199
2026-08-06,S09,external,152
2026-08-06,S09,campaign,0
2026-08-07,S09,search,583
2026-08-07,S09,recommend,520
2026-08-07,S09,paid,222
2026-08-07,S09,external,183
2026-08-07,S09,campaign,0
2026-08-08,S09,search,657
2026-08-08,S09,recommend,503
2026-08-08,S09,paid,240
2026-08-08,S09,external,199
2026-08-08,S09,campaign,0
2026-08-09,S09,search,602
2026-08-09,S09,recommend,564
2026-08-09,S09,paid,223
2026-08-09,S09,external,203
2026-08-09,S09,campaign,0
2026-08-10,S09,search,566
2026-08-10,S09,recommend,504
2026-08-10,S09,paid,237
2026-08-10,S09,external,177
2026-08-10,S09,campaign,0
2026-08-11,S09,search,663
2026-08-11,S09,recommend,521
2026-08-11,S09,paid,233
2026-08-11,S09,external,193
2026-08-11,S09,campaign,0
2026-08-12,S09,search,596
2026-08-12,S09,recommend,525
2026-08-12,S09,paid,211
2026-08-12,S09,external,178
2026-08-12,S09,campaign,0
2026-08-13,S09,search,636
2026-08-13,S09,recommend,569
2026-08-13,S09,paid,235
2026-08-13,S09,external,181
2026-08-13,S09,campaign,0
2026-08-14,S09,search,631
2026-08-14,S09,recommend,488
2026-08-14,S09,paid,224
2026-08-14,S09,external,172
2026-08-14,S09,campaign,0
2026-08-15,S09,search,598
2026-08-15,S09,recommend,594
2026-08-15,S09,paid,237
2026-08-15,S09,external,208
2026-08-15,S09,campaign,0
2026-08-16,S09,search,716
2026-08-16,S09,recommend,571
2026-08-16,S09,paid,270
2026-08-16,S09,external,222
2026-08-16,S09,campaign,0
2026-08-17,S09,search,635
2026-08-17,S09,recommend,493
2026-08-17,S09,paid,218
2026-08-17,S09,external,193
2026-08-17,S09,campaign,0
2026-08-18,S09,search,669
2026-08-18,S09,recommend,508
2026-08-18,S09,paid,233
2026-08-18,S09,external,194
2026-08-18,S09,campaign,0
2026-08-19,S09,search,559
2026-08-19,S09,recommend,541
2026-08-19,S09,paid,225
2026-08-19,S09,external,165
2026-08-19,S09,campaign,0
2026-08-20,S09,search,669
2026-08-20,S09,recommend,524
2026-08-20,S09,paid,216
2026-08-20,S09,external,175
2026-08-20,S09,campaign,0
2026-08-21,S09,search,634
2026-08-21,S09,recommend,485
2026-08-21,S09,paid,223
2026-08-21,S09,external,195
2026-08-21,S09,campaign,0
2026-08-22,S09,search,688
2026-08-22,S09,recommend,560
2026-08-22,S09,paid,262
2026-08-22,S09,external,194
2026-08-22,S09,campaign,0
2026-08-23,S09,search,706
2026-08-23,S09,recommend,539
2026-08-23,S09,paid,278
2026-08-23,S09,external,186
2026-08-23,S09,campaign,0
2026-08-24,S09,search,609
2026-08-24,S09,recommend,463
2026-08-24,S09,paid,201
2026-08-24,S09,external,167
2026-08-24,S09,campaign,0
2026-08-25,S09,search,575
2026-08-25,S09,recommend,516
2026-08-25,S09,paid,245
2026-08-25,S09,external,173
2026-08-25,S09,campaign,0
2026-08-26,S09,search,660
2026-08-26,S09,recommend,464
2026-08-26,S09,paid,219
2026-08-26,S09,external,159
2026-08-26,S09,campaign,0
2026-08-27,S09,search,591
2026-08-27,S09,recommend,553
2026-08-27,S09,paid,220
2026-08-27,S09,external,177
2026-08-27,S09,campaign,0
2026-08-28,S09,search,587
2026-08-28,S09,recommend,545
2026-08-28,S09,paid,206
2026-08-28,S09,external,189
2026-08-28,S09,campaign,0
2026-08-29,S09,search,701
2026-08-29,S09,recommend,553
2026-08-29,S09,paid,245
2026-08-29,S09,external,212
2026-08-29,S09,campaign,0
2026-08-30,S09,search,612
2026-08-30,S09,recommend,607
2026-08-30,S09,paid,253
2026-08-30,S09,external,185
2026-08-30,S09,campaign,0
2026-08-31,S09,search,610
2026-08-31,S09,recommend,484
2026-08-31,S09,paid,226
2026-08-31,S09,external,184
2026-08-31,S09,campaign,0
2026-09-01,S09,search,535
2026-09-01,S09,recommend,495
2026-09-01,S09,paid,203
2026-09-01,S09,external,185
2026-09-01,S09,campaign,0
2026-09-02,S09,search,629
2026-09-02,S09,recommend,454
2026-09-02,S09,paid,231
2026-09-02,S09,external,190
2026-09-02,S09,campaign,0
2026-09-03,S09,search,525
2026-09-03,S09,recommend,469
2026-09-03,S09,paid,215
2026-09-03,S09,external,198
2026-09-03,S09,campaign,0
2026-09-04,S09,search,548
2026-09-04,S09,recommend,510
2026-09-04,S09,paid,207
2026-09-04,S09,external,187
2026-09-04,S09,campaign,0
2026-09-05,S09,search,664
2026-09-05,S09,recommend,497
2026-09-05,S09,paid,234
2026-09-05,S09,external,185
2026-09-05,S09,campaign,0
2026-09-06,S09,search,636
2026-09-06,S09,recommend,494
2026-09-06,S09,paid,219
2026-09-06,S09,external,188
2026-09-06,S09,campaign,0
2026-09-07,S09,search,625
2026-09-07,S09,recommend,495
2026-09-07,S09,paid,229
2026-09-07,S09,external,181
2026-09-07,S09,campaign,0
2026-09-08,S09,search,557
2026-09-08,S09,recommend,512
2026-09-08,S09,paid,242
2026-09-08,S09,external,192
2026-09-08,S09,campaign,0
2026-09-09,S09,search,657
2026-09-09,S09,recommend,452
2026-09-09,S09,paid,213
2026-09-09,S09,external,200
2026-09-09,S09,campaign,0
2026-09-10,S09,search,573
2026-09-10,S09,recommend,469
2026-09-10,S09,paid,214
2026-09-10,S09,external,176
2026-09-10,S09,campaign,0
2026-09-11,S09,search,588
2026-09-11,S09,recommend,451
2026-09-11,S09,paid,219
2026-09-11,S09,external,159
2026-09-11,S09,campaign,0
2026-09-12,S09,search,583
2026-09-12,S09,recommend,594
2026-09-12,S09,paid,244
2026-09-12,S09,external,190
2026-09-12,S09,campaign,0
2026-09-13,S09,search,674
2026-09-13,S09,recommend,538
2026-09-13,S09,paid,227
2026-09-13,S09,external,226
2026-09-13,S09,campaign,0
2026-09-14,S09,search,610
2026-09-14,S09,recommend,521
2026-09-14,S09,paid,227
2026-09-14,S09,external,185
2026-09-14,S09,campaign,0
2026-09-15,S09,search,570
2026-09-15,S09,recommend,465
2026-09-15,S09,paid,191
2026-09-15,S09,external,156
2026-09-15,S09,campaign,0
2026-09-16,S09,search,545
2026-09-16,S09,recommend,515
2026-09-16,S09,paid,212
2026-09-16,S09,external,173
2026-09-16,S09,campaign,0
2026-09-17,S09,search,583
2026-09-17,S09,recommend,489
2026-09-17,S09,paid,237
2026-09-17,S09,external,180
2026-09-17,S09,campaign,0
2026-09-18,S09,search,600
2026-09-18,S09,recommend,476
2026-09-18,S09,paid,204
2026-09-18,S09,external,160
2026-09-18,S09,campaign,0
2026-09-19,S09,search,685
2026-09-19,S09,recommend,596
2026-09-19,S09,paid,238
2026-09-19,S09,external,196
2026-09-19,S09,campaign,0
2026-09-20,S09,search,601
2026-09-20,S09,recommend,540
2026-09-20,S09,paid,252
2026-09-20,S09,external,177
2026-09-20,S09,campaign,0
2026-06-23,S10,search,679
2026-06-23,S10,recommend,501
2026-06-23,S10,paid,230
2026-06-23,S10,external,194
2026-06-23,S10,campaign,0
2026-06-24,S10,search,632
2026-06-24,S10,recommend,533
2026-06-24,S10,paid,247
2026-06-24,S10,external,193
2026-06-24,S10,campaign,0
2026-06-25,S10,search,685
2026-06-25,S10,recommend,513
2026-06-25,S10,paid,230
2026-06-25,S10,external,195
2026-06-25,S10,campaign,0
2026-06-26,S10,search,599
2026-06-26,S10,recommend,520
2026-06-26,S10,paid,236
2026-06-26,S10,external,219
2026-06-26,S10,campaign,0
2026-06-27,S10,search,784
2026-06-27,S10,recommend,576
2026-06-27,S10,paid,248
2026-06-27,S10,external,233
2026-06-27,S10,campaign,0
2026-06-28,S10,search,709
2026-06-28,S10,recommend,611
2026-06-28,S10,paid,267
2026-06-28,S10,external,211
2026-06-28,S10,campaign,0
2026-06-29,S10,search,611
2026-06-29,S10,recommend,558
2026-06-29,S10,paid,206
2026-06-29,S10,external,191
2026-06-29,S10,campaign,0
2026-06-30,S10,search,617
2026-06-30,S10,recommend,526
2026-06-30,S10,paid,239
2026-06-30,S10,external,190
2026-06-30,S10,campaign,0
2026-07-01,S10,search,613
2026-07-01,S10,recommend,526
2026-07-01,S10,paid,221
2026-07-01,S10,external,185
2026-07-01,S10,campaign,0
2026-07-02,S10,search,658
2026-07-02,S10,recommend,579
2026-07-02,S10,paid,265
2026-07-02,S10,external,200
2026-07-02,S10,campaign,0
2026-07-03,S10,search,621
2026-07-03,S10,recommend,537
2026-07-03,S10,paid,254
2026-07-03,S10,external,202
2026-07-03,S10,campaign,0
2026-07-04,S10,search,745
2026-07-04,S10,recommend,487
2026-07-04,S10,paid,271
2026-07-04,S10,external,197
2026-07-04,S10,campaign,0
2026-07-05,S10,search,684
2026-07-05,S10,recommend,651
2026-07-05,S10,paid,294
2026-07-05,S10,external,214
2026-07-05,S10,campaign,0
2026-07-06,S10,search,711
2026-07-06,S10,recommend,591
2026-07-06,S10,paid,257
2026-07-06,S10,external,207
2026-07-06,S10,campaign,0
2026-07-07,S10,search,620
2026-07-07,S10,recommend,477
2026-07-07,S10,paid,254
2026-07-07,S10,external,198
2026-07-07,S10,campaign,0
2026-07-08,S10,search,703
2026-07-08,S10,recommend,529
2026-07-08,S10,paid,237
2026-07-08,S10,external,190
2026-07-08,S10,campaign,0
2026-07-09,S10,search,565
2026-07-09,S10,recommend,503
2026-07-09,S10,paid,233
2026-07-09,S10,external,184
2026-07-09,S10,campaign,0
2026-07-10,S10,search,737
2026-07-10,S10,recommend,575
2026-07-10,S10,paid,269
2026-07-10,S10,external,206
2026-07-10,S10,campaign,0
2026-07-11,S10,search,638
2026-07-11,S10,recommend,615
2026-07-11,S10,paid,255
2026-07-11,S10,external,203
2026-07-11,S10,campaign,0
2026-07-12,S10,search,783
2026-07-12,S10,recommend,602
2026-07-12,S10,paid,271
2026-07-12,S10,external,233
2026-07-12,S10,campaign,0
2026-07-13,S10,search,601
2026-07-13,S10,recommend,524
2026-07-13,S10,paid,224
2026-07-13,S10,external,171
2026-07-13,S10,campaign,0
2026-07-14,S10,search,620
2026-07-14,S10,recommend,553
2026-07-14,S10,paid,259
2026-07-14,S10,external,200
2026-07-14,S10,campaign,0
2026-07-15,S10,search,694
2026-07-15,S10,recommend,512
2026-07-15,S10,paid,211
2026-07-15,S10,external,179
2026-07-15,S10,campaign,0
2026-07-16,S10,search,631
2026-07-16,S10,recommend,520
2026-07-16,S10,paid,220
2026-07-16,S10,external,219
2026-07-16,S10,campaign,0
2026-07-17,S10,search,685
2026-07-17,S10,recommend,497
2026-07-17,S10,paid,247
2026-07-17,S10,external,170
2026-07-17,S10,campaign,0
2026-07-18,S10,search,677
2026-07-18,S10,recommend,560
2026-07-18,S10,paid,253
2026-07-18,S10,external,202
2026-07-18,S10,campaign,0
2026-07-19,S10,search,665
2026-07-19,S10,recommend,570
2026-07-19,S10,paid,283
2026-07-19,S10,external,218
2026-07-19,S10,campaign,0
2026-07-20,S10,search,577
2026-07-20,S10,recommend,484
2026-07-20,S10,paid,205
2026-07-20,S10,external,171
2026-07-20,S10,campaign,0
2026-07-21,S10,search,714
2026-07-21,S10,recommend,531
2026-07-21,S10,paid,263
2026-07-21,S10,external,204
2026-07-21,S10,campaign,0
2026-07-22,S10,search,585
2026-07-22,S10,recommend,516
2026-07-22,S10,paid,254
2026-07-22,S10,external,187
2026-07-22,S10,campaign,0
2026-07-23,S10,search,593
2026-07-23,S10,recommend,497
2026-07-23,S10,paid,227
2026-07-23,S10,external,188
2026-07-23,S10,campaign,0
2026-07-24,S10,search,614
2026-07-24,S10,recommend,546
2026-07-24,S10,paid,248
2026-07-24,S10,external,183
2026-07-24,S10,campaign,0
2026-07-25,S10,search,749
2026-07-25,S10,recommend,622
2026-07-25,S10,paid,279
2026-07-25,S10,external,216
2026-07-25,S10,campaign,0
2026-07-26,S10,search,676
2026-07-26,S10,recommend,590
2026-07-26,S10,paid,267
2026-07-26,S10,external,198
2026-07-26,S10,campaign,0
2026-07-27,S10,search,638
2026-07-27,S10,recommend,626
2026-07-27,S10,paid,252
2026-07-27,S10,external,201
2026-07-27,S10,campaign,0
2026-07-28,S10,search,722
2026-07-28,S10,recommend,534
2026-07-28,S10,paid,240
2026-07-28,S10,external,179
2026-07-28,S10,campaign,0
2026-07-29,S10,search,640
2026-07-29,S10,recommend,588
2026-07-29,S10,paid,249
2026-07-29,S10,external,169
2026-07-29,S10,campaign,0
2026-07-30,S10,search,604
2026-07-30,S10,recommend,545
2026-07-30,S10,paid,252
2026-07-30,S10,external,188
2026-07-30,S10,campaign,0
2026-07-31,S10,search,652
2026-07-31,S10,recommend,514
2026-07-31,S10,paid,221
2026-07-31,S10,external,165
2026-07-31,S10,campaign,0
2026-08-01,S10,search,695
2026-08-01,S10,recommend,592
2026-08-01,S10,paid,278
2026-08-01,S10,external,204
2026-08-01,S10,campaign,0
2026-08-02,S10,search,722
2026-08-02,S10,recommend,625
2026-08-02,S10,paid,260
2026-08-02,S10,external,225
2026-08-02,S10,campaign,0
2026-08-03,S10,search,694
2026-08-03,S10,recommend,528
2026-08-03,S10,paid,255
2026-08-03,S10,external,194
2026-08-03,S10,campaign,0
2026-08-04,S10,search,615
2026-08-04,S10,recommend,579
2026-08-04,S10,paid,218
2026-08-04,S10,external,195
2026-08-04,S10,campaign,0
2026-08-05,S10,search,640
2026-08-05,S10,recommend,520
2026-08-05,S10,paid,221
2026-08-05,S10,external,200
2026-08-05,S10,campaign,0
2026-08-06,S10,search,561
2026-08-06,S10,recommend,506
2026-08-06,S10,paid,220
2026-08-06,S10,external,175
2026-08-06,S10,campaign,0
2026-08-07,S10,search,712
2026-08-07,S10,recommend,514
2026-08-07,S10,paid,254
2026-08-07,S10,external,216
2026-08-07,S10,campaign,0
2026-08-08,S10,search,691
2026-08-08,S10,recommend,603
2026-08-08,S10,paid,272
2026-08-08,S10,external,226
2026-08-08,S10,campaign,0
2026-08-09,S10,search,752
2026-08-09,S10,recommend,555
2026-08-09,S10,paid,240
2026-08-09,S10,external,234
2026-08-09,S10,campaign,0
2026-08-10,S10,search,581
2026-08-10,S10,recommend,504
2026-08-10,S10,paid,250
2026-08-10,S10,external,198
2026-08-10,S10,campaign,0
2026-08-11,S10,search,601
2026-08-11,S10,recommend,489
2026-08-11,S10,paid,216
2026-08-11,S10,external,171
2026-08-11,S10,campaign,0
2026-08-12,S10,search,658
2026-08-12,S10,recommend,525
2026-08-12,S10,paid,263
2026-08-12,S10,external,190
2026-08-12,S10,campaign,0
2026-08-13,S10,search,641
2026-08-13,S10,recommend,550
2026-08-13,S10,paid,224
2026-08-13,S10,external,175
2026-08-13,S10,campaign,0
2026-08-14,S10,search,652
2026-08-14,S10,recommend,482
2026-08-14,S10,paid,250
2026-08-14,S10,external,202
2026-08-14,S10,campaign,0
2026-08-15,S10,search,643
2026-08-15,S10,recommend,540
2026-08-15,S10,paid,223
2026-08-15,S10,external,190
2026-08-15,S10,campaign,0
2026-08-16,S10,search,769
2026-08-16,S10,recommend,659
2026-08-16,S10,paid,276
2026-08-16,S10,external,256
2026-08-16,S10,campaign,0
2026-08-17,S10,search,578
2026-08-17,S10,recommend,547
2026-08-17,S10,paid,234
2026-08-17,S10,external,167
2026-08-17,S10,campaign,0
2026-08-18,S10,search,657
2026-08-18,S10,recommend,553
2026-08-18,S10,paid,228
2026-08-18,S10,external,172
2026-08-18,S10,campaign,0
2026-08-19,S10,search,683
2026-08-19,S10,recommend,530
2026-08-19,S10,paid,253
2026-08-19,S10,external,193
2026-08-19,S10,campaign,0
2026-08-20,S10,search,624
2026-08-20,S10,recommend,520
2026-08-20,S10,paid,238
2026-08-20,S10,external,188
2026-08-20,S10,campaign,0
2026-08-21,S10,search,690
2026-08-21,S10,recommend,555
2026-08-21,S10,paid,212
2026-08-21,S10,external,198
2026-08-21,S10,campaign,0
2026-08-22,S10,search,698
2026-08-22,S10,recommend,601
2026-08-22,S10,paid,257
2026-08-22,S10,external,214
2026-08-22,S10,campaign,0
2026-08-23,S10,search,759
2026-08-23,S10,recommend,614
2026-08-23,S10,paid,244
2026-08-23,S10,external,210
2026-08-23,S10,campaign,0
2026-08-24,S10,search,648
2026-08-24,S10,recommend,611
2026-08-24,S10,paid,267
2026-08-24,S10,external,186
2026-08-24,S10,campaign,0
2026-08-25,S10,search,629
2026-08-25,S10,recommend,543
2026-08-25,S10,paid,243
2026-08-25,S10,external,215
2026-08-25,S10,campaign,0
2026-08-26,S10,search,615
2026-08-26,S10,recommend,534
2026-08-26,S10,paid,224
2026-08-26,S10,external,176
2026-08-26,S10,campaign,0
2026-08-27,S10,search,640
2026-08-27,S10,recommend,440
2026-08-27,S10,paid,220
2026-08-27,S10,external,184
2026-08-27,S10,campaign,0
2026-08-28,S10,search,668
2026-08-28,S10,recommend,563
2026-08-28,S10,paid,243
2026-08-28,S10,external,199
2026-08-28,S10,campaign,0
2026-08-29,S10,search,748
2026-08-29,S10,recommend,626
2026-08-29,S10,paid,280
2026-08-29,S10,external,230
2026-08-29,S10,campaign,0
2026-08-30,S10,search,749
2026-08-30,S10,recommend,581
2026-08-30,S10,paid,256
2026-08-30,S10,external,248
2026-08-30,S10,campaign,0
2026-08-31,S10,search,530
2026-08-31,S10,recommend,487
2026-08-31,S10,paid,208
2026-08-31,S10,external,174
2026-08-31,S10,campaign,0
2026-09-01,S10,search,701
2026-09-01,S10,recommend,548
2026-09-01,S10,paid,230
2026-09-01,S10,external,191
2026-09-01,S10,campaign,0
2026-09-02,S10,search,598
2026-09-02,S10,recommend,517
2026-09-02,S10,paid,228
2026-09-02,S10,external,172
2026-09-02,S10,campaign,0
2026-09-03,S10,search,657
2026-09-03,S10,recommend,493
2026-09-03,S10,paid,223
2026-09-03,S10,external,191
2026-09-03,S10,campaign,0
2026-09-04,S10,search,566
2026-09-04,S10,recommend,457
2026-09-04,S10,paid,201
2026-09-04,S10,external,161
2026-09-04,S10,campaign,0
2026-09-05,S10,search,681
2026-09-05,S10,recommend,487
2026-09-05,S10,paid,247
2026-09-05,S10,external,165
2026-09-05,S10,campaign,0
2026-09-06,S10,search,677
2026-09-06,S10,recommend,536
2026-09-06,S10,paid,301
2026-09-06,S10,external,195
2026-09-06,S10,campaign,0
2026-09-07,S10,search,611
2026-09-07,S10,recommend,537
2026-09-07,S10,paid,219
2026-09-07,S10,external,186
2026-09-07,S10,campaign,0
2026-09-08,S10,search,688
2026-09-08,S10,recommend,536
2026-09-08,S10,paid,262
2026-09-08,S10,external,186
2026-09-08,S10,campaign,0
2026-09-09,S10,search,646
2026-09-09,S10,recommend,514
2026-09-09,S10,paid,238
2026-09-09,S10,external,203
2026-09-09,S10,campaign,0
2026-09-10,S10,search,642
2026-09-10,S10,recommend,503
2026-09-10,S10,paid,255
2026-09-10,S10,external,184
2026-09-10,S10,campaign,0
2026-09-11,S10,search,566
2026-09-11,S10,recommend,453
2026-09-11,S10,paid,204
2026-09-11,S10,external,168
2026-09-11,S10,campaign,0
2026-09-12,S10,search,700
2026-09-12,S10,recommend,600
2026-09-12,S10,paid,262
2026-09-12,S10,external,199
2026-09-12,S10,campaign,0
2026-09-13,S10,search,724
2026-09-13,S10,recommend,500
2026-09-13,S10,paid,286
2026-09-13,S10,external,211
2026-09-13,S10,campaign,0
2026-09-14,S10,search,623
2026-09-14,S10,recommend,520
2026-09-14,S10,paid,260
2026-09-14,S10,external,179
2026-09-14,S10,campaign,0
2026-09-15,S10,search,650
2026-09-15,S10,recommend,527
2026-09-15,S10,paid,239
2026-09-15,S10,external,179
2026-09-15,S10,campaign,0
2026-09-16,S10,search,664
2026-09-16,S10,recommend,539
2026-09-16,S10,paid,281
2026-09-16,S10,external,196
2026-09-16,S10,campaign,0
2026-09-17,S10,search,598
2026-09-17,S10,recommend,568
2026-09-17,S10,paid,236
2026-09-17,S10,external,171
2026-09-17,S10,campaign,0
2026-09-18,S10,search,586
2026-09-18,S10,recommend,514
2026-09-18,S10,paid,222
2026-09-18,S10,external,169
2026-09-18,S10,campaign,0
2026-09-19,S10,search,659
2026-09-19,S10,recommend,531
2026-09-19,S10,paid,246
2026-09-19,S10,external,197
2026-09-19,S10,campaign,0
2026-09-20,S10,search,681
2026-09-20,S10,recommend,504
2026-09-20,S10,paid,280
2026-09-20,S10,external,189
2026-09-20,S10,campaign,0
2026-06-23,S11,search,604
2026-06-23,S11,recommend,510
2026-06-23,S11,paid,224
2026-06-23,S11,external,189
2026-06-23,S11,campaign,0
2026-06-24,S11,search,596
2026-06-24,S11,recommend,522
2026-06-24,S11,paid,234
2026-06-24,S11,external,181
2026-06-24,S11,campaign,0
2026-06-25,S11,search,562
2026-06-25,S11,recommend,413
2026-06-25,S11,paid,195
2026-06-25,S11,external,144
2026-06-25,S11,campaign,0
2026-06-26,S11,search,522
2026-06-26,S11,recommend,446
2026-06-26,S11,paid,207
2026-06-26,S11,external,170
2026-06-26,S11,campaign,0
2026-06-27,S11,search,633
2026-06-27,S11,recommend,444
2026-06-27,S11,paid,235
2026-06-27,S11,external,178
2026-06-27,S11,campaign,0
2026-06-28,S11,search,719
2026-06-28,S11,recommend,525
2026-06-28,S11,paid,254
2026-06-28,S11,external,200
2026-06-28,S11,campaign,0
2026-06-29,S11,search,612
2026-06-29,S11,recommend,527
2026-06-29,S11,paid,221
2026-06-29,S11,external,174
2026-06-29,S11,campaign,0
2026-06-30,S11,search,540
2026-06-30,S11,recommend,429
2026-06-30,S11,paid,215
2026-06-30,S11,external,178
2026-06-30,S11,campaign,0
2026-07-01,S11,search,559
2026-07-01,S11,recommend,421
2026-07-01,S11,paid,215
2026-07-01,S11,external,169
2026-07-01,S11,campaign,0
2026-07-02,S11,search,587
2026-07-02,S11,recommend,457
2026-07-02,S11,paid,224
2026-07-02,S11,external,191
2026-07-02,S11,campaign,0
2026-07-03,S11,search,515
2026-07-03,S11,recommend,480
2026-07-03,S11,paid,240
2026-07-03,S11,external,194
2026-07-03,S11,campaign,0
2026-07-04,S11,search,675
2026-07-04,S11,recommend,498
2026-07-04,S11,paid,245
2026-07-04,S11,external,187
2026-07-04,S11,campaign,0
2026-07-05,S11,search,589
2026-07-05,S11,recommend,538
2026-07-05,S11,paid,221
2026-07-05,S11,external,207
2026-07-05,S11,campaign,0
2026-07-06,S11,search,543
2026-07-06,S11,recommend,438
2026-07-06,S11,paid,198
2026-07-06,S11,external,155
2026-07-06,S11,campaign,0
2026-07-07,S11,search,502
2026-07-07,S11,recommend,439
2026-07-07,S11,paid,188
2026-07-07,S11,external,141
2026-07-07,S11,campaign,0
2026-07-08,S11,search,538
2026-07-08,S11,recommend,448
2026-07-08,S11,paid,210
2026-07-08,S11,external,169
2026-07-08,S11,campaign,0
2026-07-09,S11,search,591
2026-07-09,S11,recommend,503
2026-07-09,S11,paid,238
2026-07-09,S11,external,201
2026-07-09,S11,campaign,0
2026-07-10,S11,search,568
2026-07-10,S11,recommend,505
2026-07-10,S11,paid,204
2026-07-10,S11,external,170
2026-07-10,S11,campaign,0
2026-07-11,S11,search,663
2026-07-11,S11,recommend,508
2026-07-11,S11,paid,236
2026-07-11,S11,external,187
2026-07-11,S11,campaign,0
2026-07-12,S11,search,565
2026-07-12,S11,recommend,472
2026-07-12,S11,paid,228
2026-07-12,S11,external,174
2026-07-12,S11,campaign,0
2026-07-13,S11,search,574
2026-07-13,S11,recommend,436
2026-07-13,S11,paid,209
2026-07-13,S11,external,151
2026-07-13,S11,campaign,0
2026-07-14,S11,search,521
2026-07-14,S11,recommend,445
2026-07-14,S11,paid,179
2026-07-14,S11,external,157
2026-07-14,S11,campaign,0
2026-07-15,S11,search,533
2026-07-15,S11,recommend,462
2026-07-15,S11,paid,196
2026-07-15,S11,external,143
2026-07-15,S11,campaign,0
2026-07-16,S11,search,596
2026-07-16,S11,recommend,464
2026-07-16,S11,paid,211
2026-07-16,S11,external,164
2026-07-16,S11,campaign,0
2026-07-17,S11,search,587
2026-07-17,S11,recommend,466
2026-07-17,S11,paid,210
2026-07-17,S11,external,188
2026-07-17,S11,campaign,0
2026-07-18,S11,search,623
2026-07-18,S11,recommend,535
2026-07-18,S11,paid,239
2026-07-18,S11,external,185
2026-07-18,S11,campaign,0
2026-07-19,S11,search,567
2026-07-19,S11,recommend,523
2026-07-19,S11,paid,236
2026-07-19,S11,external,207
2026-07-19,S11,campaign,0
2026-07-20,S11,search,532
2026-07-20,S11,recommend,397
2026-07-20,S11,paid,185
2026-07-20,S11,external,139
2026-07-20,S11,campaign,0
2026-07-21,S11,search,592
2026-07-21,S11,recommend,454
2026-07-21,S11,paid,176
2026-07-21,S11,external,182
2026-07-21,S11,campaign,0
2026-07-22,S11,search,517
2026-07-22,S11,recommend,419
2026-07-22,S11,paid,210
2026-07-22,S11,external,172
2026-07-22,S11,campaign,0
2026-07-23,S11,search,547
2026-07-23,S11,recommend,475
2026-07-23,S11,paid,218
2026-07-23,S11,external,173
2026-07-23,S11,campaign,0
2026-07-24,S11,search,572
2026-07-24,S11,recommend,494
2026-07-24,S11,paid,193
2026-07-24,S11,external,168
2026-07-24,S11,campaign,0
2026-07-25,S11,search,624
2026-07-25,S11,recommend,540
2026-07-25,S11,paid,262
2026-07-25,S11,external,183
2026-07-25,S11,campaign,0
2026-07-26,S11,search,629
2026-07-26,S11,recommend,439
2026-07-26,S11,paid,194
2026-07-26,S11,external,170
2026-07-26,S11,campaign,0
2026-07-27,S11,search,540
2026-07-27,S11,recommend,458
2026-07-27,S11,paid,204
2026-07-27,S11,external,180
2026-07-27,S11,campaign,0
2026-07-28,S11,search,602
2026-07-28,S11,recommend,456
2026-07-28,S11,paid,202
2026-07-28,S11,external,169
2026-07-28,S11,campaign,0
2026-07-29,S11,search,544
2026-07-29,S11,recommend,457
2026-07-29,S11,paid,187
2026-07-29,S11,external,149
2026-07-29,S11,campaign,0
2026-07-30,S11,search,502
2026-07-30,S11,recommend,435
2026-07-30,S11,paid,208
2026-07-30,S11,external,159
2026-07-30,S11,campaign,0
2026-07-31,S11,search,598
2026-07-31,S11,recommend,473
2026-07-31,S11,paid,231
2026-07-31,S11,external,178
2026-07-31,S11,campaign,0
2026-08-01,S11,search,586
2026-08-01,S11,recommend,570
2026-08-01,S11,paid,220
2026-08-01,S11,external,187
2026-08-01,S11,campaign,0
2026-08-02,S11,search,561
2026-08-02,S11,recommend,525
2026-08-02,S11,paid,241
2026-08-02,S11,external,204
2026-08-02,S11,campaign,0
2026-08-03,S11,search,518
2026-08-03,S11,recommend,486
2026-08-03,S11,paid,208
2026-08-03,S11,external,177
2026-08-03,S11,campaign,0
2026-08-04,S11,search,565
2026-08-04,S11,recommend,514
2026-08-04,S11,paid,202
2026-08-04,S11,external,157
2026-08-04,S11,campaign,0
2026-08-05,S11,search,627
2026-08-05,S11,recommend,439
2026-08-05,S11,paid,220
2026-08-05,S11,external,186
2026-08-05,S11,campaign,0
2026-08-06,S11,search,542
2026-08-06,S11,recommend,508
2026-08-06,S11,paid,207
2026-08-06,S11,external,167
2026-08-06,S11,campaign,0
2026-08-07,S11,search,526
2026-08-07,S11,recommend,482
2026-08-07,S11,paid,198
2026-08-07,S11,external,164
2026-08-07,S11,campaign,0
2026-08-08,S11,search,641
2026-08-08,S11,recommend,557
2026-08-08,S11,paid,248
2026-08-08,S11,external,208
2026-08-08,S11,campaign,0
2026-08-09,S11,search,561
2026-08-09,S11,recommend,460
2026-08-09,S11,paid,229
2026-08-09,S11,external,182
2026-08-09,S11,campaign,0
2026-08-10,S11,search,566
2026-08-10,S11,recommend,472
2026-08-10,S11,paid,185
2026-08-10,S11,external,172
2026-08-10,S11,campaign,0
2026-08-11,S11,search,552
2026-08-11,S11,recommend,420
2026-08-11,S11,paid,220
2026-08-11,S11,external,169
2026-08-11,S11,campaign,0
2026-08-12,S11,search,556
2026-08-12,S11,recommend,445
2026-08-12,S11,paid,197
2026-08-12,S11,external,159
2026-08-12,S11,campaign,0
2026-08-13,S11,search,526
2026-08-13,S11,recommend,483
2026-08-13,S11,paid,191
2026-08-13,S11,external,162
2026-08-13,S11,campaign,0
2026-08-14,S11,search,593
2026-08-14,S11,recommend,474
2026-08-14,S11,paid,208
2026-08-14,S11,external,171
2026-08-14,S11,campaign,0
2026-08-15,S11,search,545
2026-08-15,S11,recommend,505
2026-08-15,S11,paid,210
2026-08-15,S11,external,175
2026-08-15,S11,campaign,0
2026-08-16,S11,search,663
2026-08-16,S11,recommend,518
2026-08-16,S11,paid,240
2026-08-16,S11,external,188
2026-08-16,S11,campaign,0
2026-08-17,S11,search,568
2026-08-17,S11,recommend,454
2026-08-17,S11,paid,213
2026-08-17,S11,external,172
2026-08-17,S11,campaign,0
2026-08-18,S11,search,535
2026-08-18,S11,recommend,418
2026-08-18,S11,paid,178
2026-08-18,S11,external,150
2026-08-18,S11,campaign,0
2026-08-19,S11,search,559
2026-08-19,S11,recommend,474
2026-08-19,S11,paid,211
2026-08-19,S11,external,171
2026-08-19,S11,campaign,0
2026-08-20,S11,search,634
2026-08-20,S11,recommend,368
2026-08-20,S11,paid,208
2026-08-20,S11,external,158
2026-08-20,S11,campaign,0
2026-08-21,S11,search,655
2026-08-21,S11,recommend,579
2026-08-21,S11,paid,251
2026-08-21,S11,external,171
2026-08-21,S11,campaign,0
2026-08-22,S11,search,600
2026-08-22,S11,recommend,446
2026-08-22,S11,paid,208
2026-08-22,S11,external,171
2026-08-22,S11,campaign,0
2026-08-23,S11,search,570
2026-08-23,S11,recommend,507
2026-08-23,S11,paid,243
2026-08-23,S11,external,165
2026-08-23,S11,campaign,0
2026-08-24,S11,search,568
2026-08-24,S11,recommend,386
2026-08-24,S11,paid,194
2026-08-24,S11,external,163
2026-08-24,S11,campaign,0
2026-08-25,S11,search,595
2026-08-25,S11,recommend,399
2026-08-25,S11,paid,213
2026-08-25,S11,external,187
2026-08-25,S11,campaign,0
2026-08-26,S11,search,569
2026-08-26,S11,recommend,455
2026-08-26,S11,paid,218
2026-08-26,S11,external,159
2026-08-26,S11,campaign,0
2026-08-27,S11,search,622
2026-08-27,S11,recommend,495
2026-08-27,S11,paid,225
2026-08-27,S11,external,209
2026-08-27,S11,campaign,0
2026-08-28,S11,search,589
2026-08-28,S11,recommend,451
2026-08-28,S11,paid,206
2026-08-28,S11,external,189
2026-08-28,S11,campaign,0
2026-08-29,S11,search,648
2026-08-29,S11,recommend,581
2026-08-29,S11,paid,243
2026-08-29,S11,external,177
2026-08-29,S11,campaign,0
2026-08-30,S11,search,572
2026-08-30,S11,recommend,465
2026-08-30,S11,paid,216
2026-08-30,S11,external,178
2026-08-30,S11,campaign,0
2026-08-31,S11,search,535
2026-08-31,S11,recommend,503
2026-08-31,S11,paid,222
2026-08-31,S11,external,174
2026-08-31,S11,campaign,0
2026-09-01,S11,search,542
2026-09-01,S11,recommend,426
2026-09-01,S11,paid,204
2026-09-01,S11,external,152
2026-09-01,S11,campaign,0
2026-09-02,S11,search,546
2026-09-02,S11,recommend,503
2026-09-02,S11,paid,208
2026-09-02,S11,external,185
2026-09-02,S11,campaign,0
2026-09-03,S11,search,519
2026-09-03,S11,recommend,472
2026-09-03,S11,paid,215
2026-09-03,S11,external,178
2026-09-03,S11,campaign,0
2026-09-04,S11,search,528
2026-09-04,S11,recommend,475
2026-09-04,S11,paid,212
2026-09-04,S11,external,169
2026-09-04,S11,campaign,0
2026-09-05,S11,search,658
2026-09-05,S11,recommend,527
2026-09-05,S11,paid,218
2026-09-05,S11,external,185
2026-09-05,S11,campaign,0
2026-09-06,S11,search,593
2026-09-06,S11,recommend,474
2026-09-06,S11,paid,199
2026-09-06,S11,external,172
2026-09-06,S11,campaign,0
2026-09-07,S11,search,571
2026-09-07,S11,recommend,466
2026-09-07,S11,paid,269
2026-09-07,S11,external,175
2026-09-07,S11,campaign,0
2026-09-08,S11,search,481
2026-09-08,S11,recommend,446
2026-09-08,S11,paid,185
2026-09-08,S11,external,156
2026-09-08,S11,campaign,0
2026-09-09,S11,search,534
2026-09-09,S11,recommend,487
2026-09-09,S11,paid,186
2026-09-09,S11,external,150
2026-09-09,S11,campaign,0
2026-09-10,S11,search,598
2026-09-10,S11,recommend,459
2026-09-10,S11,paid,226
2026-09-10,S11,external,161
2026-09-10,S11,campaign,0
2026-09-11,S11,search,630
2026-09-11,S11,recommend,514
2026-09-11,S11,paid,229
2026-09-11,S11,external,190
2026-09-11,S11,campaign,0
2026-09-12,S11,search,635
2026-09-12,S11,recommend,524
2026-09-12,S11,paid,250
2026-09-12,S11,external,193
2026-09-12,S11,campaign,0
2026-09-13,S11,search,565
2026-09-13,S11,recommend,541
2026-09-13,S11,paid,233
2026-09-13,S11,external,196
2026-09-13,S11,campaign,0
2026-09-14,S11,search,575
2026-09-14,S11,recommend,429
2026-09-14,S11,paid,195
2026-09-14,S11,external,151
2026-09-14,S11,campaign,0
2026-09-15,S11,search,553
2026-09-15,S11,recommend,439
2026-09-15,S11,paid,197
2026-09-15,S11,external,152
2026-09-15,S11,campaign,0
2026-09-16,S11,search,541
2026-09-16,S11,recommend,463
2026-09-16,S11,paid,202
2026-09-16,S11,external,161
2026-09-16,S11,campaign,0
2026-09-17,S11,search,532
2026-09-17,S11,recommend,477
2026-09-17,S11,paid,213
2026-09-17,S11,external,162
2026-09-17,S11,campaign,0
2026-09-18,S11,search,533
2026-09-18,S11,recommend,396
2026-09-18,S11,paid,190
2026-09-18,S11,external,172
2026-09-18,S11,campaign,0
2026-09-19,S11,search,529
2026-09-19,S11,recommend,446
2026-09-19,S11,paid,210
2026-09-19,S11,external,165
2026-09-19,S11,campaign,0
2026-09-20,S11,search,640
2026-09-20,S11,recommend,526
2026-09-20,S11,paid,236
2026-09-20,S11,external,180
2026-09-20,S11,campaign,0
2026-06-23,S12,search,283
2026-06-23,S12,recommend,206
2026-06-23,S12,paid,109
2026-06-23,S12,external,72
2026-06-23,S12,campaign,0
2026-06-24,S12,search,270
2026-06-24,S12,recommend,258
2026-06-24,S12,paid,105
2026-06-24,S12,external,72
2026-06-24,S12,campaign,0
2026-06-25,S12,search,297
2026-06-25,S12,recommend,202
2026-06-25,S12,paid,106
2026-06-25,S12,external,79
2026-06-25,S12,campaign,0
2026-06-26,S12,search,278
2026-06-26,S12,recommend,242
2026-06-26,S12,paid,115
2026-06-26,S12,external,85
2026-06-26,S12,campaign,0
2026-06-27,S12,search,342
2026-06-27,S12,recommend,259
2026-06-27,S12,paid,118
2026-06-27,S12,external,104
2026-06-27,S12,campaign,0
2026-06-28,S12,search,299
2026-06-28,S12,recommend,254
2026-06-28,S12,paid,121
2026-06-28,S12,external,97
2026-06-28,S12,campaign,0
2026-06-29,S12,search,276
2026-06-29,S12,recommend,237
2026-06-29,S12,paid,101
2026-06-29,S12,external,89
2026-06-29,S12,campaign,0
2026-06-30,S12,search,287
2026-06-30,S12,recommend,218
2026-06-30,S12,paid,97
2026-06-30,S12,external,85
2026-06-30,S12,campaign,0
2026-07-01,S12,search,328
2026-07-01,S12,recommend,262
2026-07-01,S12,paid,126
2026-07-01,S12,external,85
2026-07-01,S12,campaign,0
2026-07-02,S12,search,283
2026-07-02,S12,recommend,223
2026-07-02,S12,paid,96
2026-07-02,S12,external,90
2026-07-02,S12,campaign,0
2026-07-03,S12,search,276
2026-07-03,S12,recommend,242
2026-07-03,S12,paid,107
2026-07-03,S12,external,83
2026-07-03,S12,campaign,0
2026-07-04,S12,search,312
2026-07-04,S12,recommend,239
2026-07-04,S12,paid,121
2026-07-04,S12,external,87
2026-07-04,S12,campaign,0
2026-07-05,S12,search,335
2026-07-05,S12,recommend,275
2026-07-05,S12,paid,121
2026-07-05,S12,external,98
2026-07-05,S12,campaign,0
2026-07-06,S12,search,325
2026-07-06,S12,recommend,222
2026-07-06,S12,paid,99
2026-07-06,S12,external,89
2026-07-06,S12,campaign,0
2026-07-07,S12,search,269
2026-07-07,S12,recommend,231
2026-07-07,S12,paid,96
2026-07-07,S12,external,76
2026-07-07,S12,campaign,0
2026-07-08,S12,search,292
2026-07-08,S12,recommend,216
2026-07-08,S12,paid,96
2026-07-08,S12,external,79
2026-07-08,S12,campaign,0
2026-07-09,S12,search,250
2026-07-09,S12,recommend,231
2026-07-09,S12,paid,116
2026-07-09,S12,external,88
2026-07-09,S12,campaign,0
2026-07-10,S12,search,292
2026-07-10,S12,recommend,256
2026-07-10,S12,paid,102
2026-07-10,S12,external,80
2026-07-10,S12,campaign,0
2026-07-11,S12,search,267
2026-07-11,S12,recommend,229
2026-07-11,S12,paid,110
2026-07-11,S12,external,86
2026-07-11,S12,campaign,0
2026-07-12,S12,search,285
2026-07-12,S12,recommend,259
2026-07-12,S12,paid,116
2026-07-12,S12,external,91
2026-07-12,S12,campaign,0
2026-07-13,S12,search,257
2026-07-13,S12,recommend,239
2026-07-13,S12,paid,101
2026-07-13,S12,external,86
2026-07-13,S12,campaign,0
2026-07-14,S12,search,270
2026-07-14,S12,recommend,233
2026-07-14,S12,paid,96
2026-07-14,S12,external,94
2026-07-14,S12,campaign,0
2026-07-15,S12,search,298
2026-07-15,S12,recommend,225
2026-07-15,S12,paid,111
2026-07-15,S12,external,84
2026-07-15,S12,campaign,0
2026-07-16,S12,search,284
2026-07-16,S12,recommend,218
2026-07-16,S12,paid,109
2026-07-16,S12,external,86
2026-07-16,S12,campaign,0
2026-07-17,S12,search,303
2026-07-17,S12,recommend,243
2026-07-17,S12,paid,100
2026-07-17,S12,external,84
2026-07-17,S12,campaign,0
2026-07-18,S12,search,294
2026-07-18,S12,recommend,245
2026-07-18,S12,paid,121
2026-07-18,S12,external,93
2026-07-18,S12,campaign,0
2026-07-19,S12,search,283
2026-07-19,S12,recommend,239
2026-07-19,S12,paid,117
2026-07-19,S12,external,79
2026-07-19,S12,campaign,0
2026-07-20,S12,search,268
2026-07-20,S12,recommend,217
2026-07-20,S12,paid,101
2026-07-20,S12,external,82
2026-07-20,S12,campaign,0
2026-07-21,S12,search,301
2026-07-21,S12,recommend,238
2026-07-21,S12,paid,105
2026-07-21,S12,external,85
2026-07-21,S12,campaign,0
2026-07-22,S12,search,272
2026-07-22,S12,recommend,254
2026-07-22,S12,paid,103
2026-07-22,S12,external,79
2026-07-22,S12,campaign,0
2026-07-23,S12,search,269
2026-07-23,S12,recommend,237
2026-07-23,S12,paid,100
2026-07-23,S12,external,97
2026-07-23,S12,campaign,0
2026-07-24,S12,search,284
2026-07-24,S12,recommend,259
2026-07-24,S12,paid,108
2026-07-24,S12,external,77
2026-07-24,S12,campaign,0
2026-07-25,S12,search,318
2026-07-25,S12,recommend,252
2026-07-25,S12,paid,124
2026-07-25,S12,external,100
2026-07-25,S12,campaign,0
2026-07-26,S12,search,332
2026-07-26,S12,recommend,258
2026-07-26,S12,paid,110
2026-07-26,S12,external,90
2026-07-26,S12,campaign,0
2026-07-27,S12,search,310
2026-07-27,S12,recommend,209
2026-07-27,S12,paid,101
2026-07-27,S12,external,79
2026-07-27,S12,campaign,0
2026-07-28,S12,search,299
2026-07-28,S12,recommend,254
2026-07-28,S12,paid,104
2026-07-28,S12,external,86
2026-07-28,S12,campaign,0
2026-07-29,S12,search,290
2026-07-29,S12,recommend,252
2026-07-29,S12,paid,104
2026-07-29,S12,external,93
2026-07-29,S12,campaign,0
2026-07-30,S12,search,274
2026-07-30,S12,recommend,236
2026-07-30,S12,paid,104
2026-07-30,S12,external,77
2026-07-30,S12,campaign,0
2026-07-31,S12,search,273
2026-07-31,S12,recommend,223
2026-07-31,S12,paid,105
2026-07-31,S12,external,90
2026-07-31,S12,campaign,0
2026-08-01,S12,search,327
2026-08-01,S12,recommend,249
2026-08-01,S12,paid,112
2026-08-01,S12,external,93
2026-08-01,S12,campaign,0
2026-08-02,S12,search,299
2026-08-02,S12,recommend,247
2026-08-02,S12,paid,105
2026-08-02,S12,external,79
2026-08-02,S12,campaign,0
2026-08-03,S12,search,291
2026-08-03,S12,recommend,234
2026-08-03,S12,paid,112
2026-08-03,S12,external,82
2026-08-03,S12,campaign,0
2026-08-04,S12,search,270
2026-08-04,S12,recommend,245
2026-08-04,S12,paid,106
2026-08-04,S12,external,91
2026-08-04,S12,campaign,0
2026-08-05,S12,search,294
2026-08-05,S12,recommend,254
2026-08-05,S12,paid,113
2026-08-05,S12,external,89
2026-08-05,S12,campaign,0
2026-08-06,S12,search,267
2026-08-06,S12,recommend,225
2026-08-06,S12,paid,93
2026-08-06,S12,external,80
2026-08-06,S12,campaign,0
2026-08-07,S12,search,302
2026-08-07,S12,recommend,249
2026-08-07,S12,paid,115
2026-08-07,S12,external,84
2026-08-07,S12,campaign,0
2026-08-08,S12,search,309
2026-08-08,S12,recommend,257
2026-08-08,S12,paid,103
2026-08-08,S12,external,91
2026-08-08,S12,campaign,0
2026-08-09,S12,search,306
2026-08-09,S12,recommend,260
2026-08-09,S12,paid,118
2026-08-09,S12,external,99
2026-08-09,S12,campaign,0
2026-08-10,S12,search,329
2026-08-10,S12,recommend,239
2026-08-10,S12,paid,108
2026-08-10,S12,external,91
2026-08-10,S12,campaign,0
2026-08-11,S12,search,275
2026-08-11,S12,recommend,255
2026-08-11,S12,paid,110
2026-08-11,S12,external,83
2026-08-11,S12,campaign,0
2026-08-12,S12,search,264
2026-08-12,S12,recommend,250
2026-08-12,S12,paid,98
2026-08-12,S12,external,90
2026-08-12,S12,campaign,0
2026-08-13,S12,search,312
2026-08-13,S12,recommend,250
2026-08-13,S12,paid,110
2026-08-13,S12,external,94
2026-08-13,S12,campaign,0
2026-08-14,S12,search,284
2026-08-14,S12,recommend,239
2026-08-14,S12,paid,110
2026-08-14,S12,external,81
2026-08-14,S12,campaign,0
2026-08-15,S12,search,298
2026-08-15,S12,recommend,246
2026-08-15,S12,paid,108
2026-08-15,S12,external,83
2026-08-15,S12,campaign,0
2026-08-16,S12,search,319
2026-08-16,S12,recommend,271
2026-08-16,S12,paid,121
2026-08-16,S12,external,98
2026-08-16,S12,campaign,0
2026-08-17,S12,search,261
2026-08-17,S12,recommend,214
2026-08-17,S12,paid,91
2026-08-17,S12,external,73
2026-08-17,S12,campaign,0
2026-08-18,S12,search,297
2026-08-18,S12,recommend,231
2026-08-18,S12,paid,118
2026-08-18,S12,external,101
2026-08-18,S12,campaign,0
2026-08-19,S12,search,303
2026-08-19,S12,recommend,272
2026-08-19,S12,paid,111
2026-08-19,S12,external,87
2026-08-19,S12,campaign,0
2026-08-20,S12,search,305
2026-08-20,S12,recommend,247
2026-08-20,S12,paid,114
2026-08-20,S12,external,85
2026-08-20,S12,campaign,0
2026-08-21,S12,search,311
2026-08-21,S12,recommend,219
2026-08-21,S12,paid,123
2026-08-21,S12,external,77
2026-08-21,S12,campaign,0
2026-08-22,S12,search,349
2026-08-22,S12,recommend,296
2026-08-22,S12,paid,117
2026-08-22,S12,external,105
2026-08-22,S12,campaign,0
2026-08-23,S12,search,326
2026-08-23,S12,recommend,252
2026-08-23,S12,paid,108
2026-08-23,S12,external,95
2026-08-23,S12,campaign,0
2026-08-24,S12,search,288
2026-08-24,S12,recommend,198
2026-08-24,S12,paid,94
2026-08-24,S12,external,90
2026-08-24,S12,campaign,0
2026-08-25,S12,search,274
2026-08-25,S12,recommend,226
2026-08-25,S12,paid,90
2026-08-25,S12,external,85
2026-08-25,S12,campaign,0
2026-08-26,S12,search,273
2026-08-26,S12,recommend,236
2026-08-26,S12,paid,97
2026-08-26,S12,external,86
2026-08-26,S12,campaign,0
2026-08-27,S12,search,269
2026-08-27,S12,recommend,210
2026-08-27,S12,paid,99
2026-08-27,S12,external,81
2026-08-27,S12,campaign,0
2026-08-28,S12,search,255
2026-08-28,S12,recommend,239
2026-08-28,S12,paid,104
2026-08-28,S12,external,82
2026-08-28,S12,campaign,0
2026-08-29,S12,search,298
2026-08-29,S12,recommend,246
2026-08-29,S12,paid,105
2026-08-29,S12,external,98
2026-08-29,S12,campaign,0
2026-08-30,S12,search,329
2026-08-30,S12,recommend,250
2026-08-30,S12,paid,129
2026-08-30,S12,external,94
2026-08-30,S12,campaign,0
2026-08-31,S12,search,274
2026-08-31,S12,recommend,201
2026-08-31,S12,paid,101
2026-08-31,S12,external,83
2026-08-31,S12,campaign,0
2026-09-01,S12,search,282
2026-09-01,S12,recommend,219
2026-09-01,S12,paid,111
2026-09-01,S12,external,85
2026-09-01,S12,campaign,0
2026-09-02,S12,search,281
2026-09-02,S12,recommend,246
2026-09-02,S12,paid,116
2026-09-02,S12,external,84
2026-09-02,S12,campaign,0
2026-09-03,S12,search,302
2026-09-03,S12,recommend,226
2026-09-03,S12,paid,101
2026-09-03,S12,external,85
2026-09-03,S12,campaign,0
2026-09-04,S12,search,280
2026-09-04,S12,recommend,222
2026-09-04,S12,paid,95
2026-09-04,S12,external,81
2026-09-04,S12,campaign,0
2026-09-05,S12,search,295
2026-09-05,S12,recommend,240
2026-09-05,S12,paid,109
2026-09-05,S12,external,92
2026-09-05,S12,campaign,0
2026-09-06,S12,search,292
2026-09-06,S12,recommend,251
2026-09-06,S12,paid,110
2026-09-06,S12,external,77
2026-09-06,S12,campaign,0
2026-09-07,S12,search,251
2026-09-07,S12,recommend,234
2026-09-07,S12,paid,100
2026-09-07,S12,external,76
2026-09-07,S12,campaign,0
2026-09-08,S12,search,286
2026-09-08,S12,recommend,238
2026-09-08,S12,paid,108
2026-09-08,S12,external,82
2026-09-08,S12,campaign,0
2026-09-09,S12,search,260
2026-09-09,S12,recommend,211
2026-09-09,S12,paid,117
2026-09-09,S12,external,77
2026-09-09,S12,campaign,0
2026-09-10,S12,search,263
2026-09-10,S12,recommend,225
2026-09-10,S12,paid,94
2026-09-10,S12,external,79
2026-09-10,S12,campaign,0
2026-09-11,S12,search,276
2026-09-11,S12,recommend,230
2026-09-11,S12,paid,96
2026-09-11,S12,external,78
2026-09-11,S12,campaign,0
2026-09-12,S12,search,292
2026-09-12,S12,recommend,241
2026-09-12,S12,paid,125
2026-09-12,S12,external,96
2026-09-12,S12,campaign,0
2026-09-13,S12,search,317
2026-09-13,S12,recommend,253
2026-09-13,S12,paid,110
2026-09-13,S12,external,101
2026-09-13,S12,campaign,0
2026-09-14,S12,search,264
2026-09-14,S12,recommend,229
2026-09-14,S12,paid,115
2026-09-14,S12,external,97
2026-09-14,S12,campaign,0
2026-09-15,S12,search,286
2026-09-15,S12,recommend,293
2026-09-15,S12,paid,106
2026-09-15,S12,external,92
2026-09-15,S12,campaign,0
2026-09-16,S12,search,283
2026-09-16,S12,recommend,243
2026-09-16,S12,paid,120
2026-09-16,S12,external,85
2026-09-16,S12,campaign,0
2026-09-17,S12,search,254
2026-09-17,S12,recommend,235
2026-09-17,S12,paid,103
2026-09-17,S12,external,77
2026-09-17,S12,campaign,0
2026-09-18,S12,search,336
2026-09-18,S12,recommend,222
2026-09-18,S12,paid,109
2026-09-18,S12,external,92
2026-09-18,S12,campaign,0
2026-09-19,S12,search,311
2026-09-19,S12,recommend,245
2026-09-19,S12,paid,118
2026-09-19,S12,external,90
2026-09-19,S12,campaign,0
2026-09-20,S12,search,345
2026-09-20,S12,recommend,288
2026-09-20,S12,paid,122
2026-09-20,S12,external,97
2026-09-20,S12,campaign,0
2026-06-23,S13,search,570
2026-06-23,S13,recommend,453
2026-06-23,S13,paid,209
2026-06-23,S13,external,159
2026-06-23,S13,campaign,0
2026-06-24,S13,search,604
2026-06-24,S13,recommend,481
2026-06-24,S13,paid,222
2026-06-24,S13,external,196
2026-06-24,S13,campaign,0
2026-06-25,S13,search,530
2026-06-25,S13,recommend,511
2026-06-25,S13,paid,208
2026-06-25,S13,external,161
2026-06-25,S13,campaign,0
2026-06-26,S13,search,555
2026-06-26,S13,recommend,465
2026-06-26,S13,paid,213
2026-06-26,S13,external,145
2026-06-26,S13,campaign,0
2026-06-27,S13,search,617
2026-06-27,S13,recommend,488
2026-06-27,S13,paid,204
2026-06-27,S13,external,178
2026-06-27,S13,campaign,0
2026-06-28,S13,search,619
2026-06-28,S13,recommend,506
2026-06-28,S13,paid,236
2026-06-28,S13,external,185
2026-06-28,S13,campaign,0
2026-06-29,S13,search,501
2026-06-29,S13,recommend,446
2026-06-29,S13,paid,173
2026-06-29,S13,external,149
2026-06-29,S13,campaign,0
2026-06-30,S13,search,603
2026-06-30,S13,recommend,411
2026-06-30,S13,paid,204
2026-06-30,S13,external,148
2026-06-30,S13,campaign,0
2026-07-01,S13,search,565
2026-07-01,S13,recommend,514
2026-07-01,S13,paid,215
2026-07-01,S13,external,156
2026-07-01,S13,campaign,0
2026-07-02,S13,search,569
2026-07-02,S13,recommend,474
2026-07-02,S13,paid,227
2026-07-02,S13,external,186
2026-07-02,S13,campaign,0
2026-07-03,S13,search,547
2026-07-03,S13,recommend,444
2026-07-03,S13,paid,175
2026-07-03,S13,external,151
2026-07-03,S13,campaign,0
2026-07-04,S13,search,637
2026-07-04,S13,recommend,566
2026-07-04,S13,paid,223
2026-07-04,S13,external,164
2026-07-04,S13,campaign,0
2026-07-05,S13,search,541
2026-07-05,S13,recommend,550
2026-07-05,S13,paid,248
2026-07-05,S13,external,186
2026-07-05,S13,campaign,0
2026-07-06,S13,search,587
2026-07-06,S13,recommend,521
2026-07-06,S13,paid,246
2026-07-06,S13,external,200
2026-07-06,S13,campaign,0
2026-07-07,S13,search,584
2026-07-07,S13,recommend,453
2026-07-07,S13,paid,257
2026-07-07,S13,external,150
2026-07-07,S13,campaign,0
2026-07-08,S13,search,629
2026-07-08,S13,recommend,443
2026-07-08,S13,paid,214
2026-07-08,S13,external,180
2026-07-08,S13,campaign,0
2026-07-09,S13,search,510
2026-07-09,S13,recommend,470
2026-07-09,S13,paid,204
2026-07-09,S13,external,158
2026-07-09,S13,campaign,0
2026-07-10,S13,search,601
2026-07-10,S13,recommend,420
2026-07-10,S13,paid,221
2026-07-10,S13,external,161
2026-07-10,S13,campaign,0
2026-07-11,S13,search,628
2026-07-11,S13,recommend,512
2026-07-11,S13,paid,217
2026-07-11,S13,external,214
2026-07-11,S13,campaign,0
2026-07-12,S13,search,657
2026-07-12,S13,recommend,535
2026-07-12,S13,paid,267
2026-07-12,S13,external,195
2026-07-12,S13,campaign,0
2026-07-13,S13,search,532
2026-07-13,S13,recommend,396
2026-07-13,S13,paid,217
2026-07-13,S13,external,185
2026-07-13,S13,campaign,0
2026-07-14,S13,search,632
2026-07-14,S13,recommend,507
2026-07-14,S13,paid,218
2026-07-14,S13,external,191
2026-07-14,S13,campaign,0
2026-07-15,S13,search,561
2026-07-15,S13,recommend,518
2026-07-15,S13,paid,213
2026-07-15,S13,external,161
2026-07-15,S13,campaign,0
2026-07-16,S13,search,589
2026-07-16,S13,recommend,480
2026-07-16,S13,paid,228
2026-07-16,S13,external,167
2026-07-16,S13,campaign,0
2026-07-17,S13,search,614
2026-07-17,S13,recommend,510
2026-07-17,S13,paid,225
2026-07-17,S13,external,189
2026-07-17,S13,campaign,0
2026-07-18,S13,search,648
2026-07-18,S13,recommend,467
2026-07-18,S13,paid,221
2026-07-18,S13,external,176
2026-07-18,S13,campaign,0
2026-07-19,S13,search,622
2026-07-19,S13,recommend,512
2026-07-19,S13,paid,206
2026-07-19,S13,external,165
2026-07-19,S13,campaign,0
2026-07-20,S13,search,491
2026-07-20,S13,recommend,504
2026-07-20,S13,paid,201
2026-07-20,S13,external,168
2026-07-20,S13,campaign,0
2026-07-21,S13,search,513
2026-07-21,S13,recommend,451
2026-07-21,S13,paid,204
2026-07-21,S13,external,179
2026-07-21,S13,campaign,0
2026-07-22,S13,search,520
2026-07-22,S13,recommend,548
2026-07-22,S13,paid,219
2026-07-22,S13,external,171
2026-07-22,S13,campaign,0
2026-07-23,S13,search,579
2026-07-23,S13,recommend,468
2026-07-23,S13,paid,211
2026-07-23,S13,external,179
2026-07-23,S13,campaign,0
2026-07-24,S13,search,529
2026-07-24,S13,recommend,472
2026-07-24,S13,paid,250
2026-07-24,S13,external,171
2026-07-24,S13,campaign,0
2026-07-25,S13,search,595
2026-07-25,S13,recommend,504
2026-07-25,S13,paid,244
2026-07-25,S13,external,198
2026-07-25,S13,campaign,0
2026-07-26,S13,search,707
2026-07-26,S13,recommend,495
2026-07-26,S13,paid,245
2026-07-26,S13,external,196
2026-07-26,S13,campaign,0
2026-07-27,S13,search,568
2026-07-27,S13,recommend,459
2026-07-27,S13,paid,228
2026-07-27,S13,external,174
2026-07-27,S13,campaign,0
2026-07-28,S13,search,551
2026-07-28,S13,recommend,418
2026-07-28,S13,paid,194
2026-07-28,S13,external,149
2026-07-28,S13,campaign,0
2026-07-29,S13,search,579
2026-07-29,S13,recommend,505
2026-07-29,S13,paid,202
2026-07-29,S13,external,158
2026-07-29,S13,campaign,0
2026-07-30,S13,search,539
2026-07-30,S13,recommend,409
2026-07-30,S13,paid,188
2026-07-30,S13,external,158
2026-07-30,S13,campaign,0
2026-07-31,S13,search,586
2026-07-31,S13,recommend,476
2026-07-31,S13,paid,214
2026-07-31,S13,external,183
2026-07-31,S13,campaign,0
2026-08-01,S13,search,611
2026-08-01,S13,recommend,557
2026-08-01,S13,paid,233
2026-08-01,S13,external,199
2026-08-01,S13,campaign,0
2026-08-02,S13,search,628
2026-08-02,S13,recommend,482
2026-08-02,S13,paid,241
2026-08-02,S13,external,191
2026-08-02,S13,campaign,0
2026-08-03,S13,search,507
2026-08-03,S13,recommend,451
2026-08-03,S13,paid,198
2026-08-03,S13,external,171
2026-08-03,S13,campaign,0
2026-08-04,S13,search,498
2026-08-04,S13,recommend,474
2026-08-04,S13,paid,199
2026-08-04,S13,external,152
2026-08-04,S13,campaign,0
2026-08-05,S13,search,605
2026-08-05,S13,recommend,412
2026-08-05,S13,paid,193
2026-08-05,S13,external,175
2026-08-05,S13,campaign,0
2026-08-06,S13,search,524
2026-08-06,S13,recommend,491
2026-08-06,S13,paid,197
2026-08-06,S13,external,169
2026-08-06,S13,campaign,0
2026-08-07,S13,search,581
2026-08-07,S13,recommend,451
2026-08-07,S13,paid,213
2026-08-07,S13,external,156
2026-08-07,S13,campaign,0
2026-08-08,S13,search,650
2026-08-08,S13,recommend,494
2026-08-08,S13,paid,234
2026-08-08,S13,external,177
2026-08-08,S13,campaign,0
2026-08-09,S13,search,626
2026-08-09,S13,recommend,482
2026-08-09,S13,paid,230
2026-08-09,S13,external,167
2026-08-09,S13,campaign,0
2026-08-10,S13,search,585
2026-08-10,S13,recommend,432
2026-08-10,S13,paid,199
2026-08-10,S13,external,152
2026-08-10,S13,campaign,0
2026-08-11,S13,search,556
2026-08-11,S13,recommend,499
2026-08-11,S13,paid,193
2026-08-11,S13,external,161
2026-08-11,S13,campaign,0
2026-08-12,S13,search,529
2026-08-12,S13,recommend,437
2026-08-12,S13,paid,200
2026-08-12,S13,external,168
2026-08-12,S13,campaign,0
2026-08-13,S13,search,540
2026-08-13,S13,recommend,393
2026-08-13,S13,paid,207
2026-08-13,S13,external,151
2026-08-13,S13,campaign,0
2026-08-14,S13,search,511
2026-08-14,S13,recommend,442
2026-08-14,S13,paid,186
2026-08-14,S13,external,163
2026-08-14,S13,campaign,0
2026-08-15,S13,search,594
2026-08-15,S13,recommend,512
2026-08-15,S13,paid,212
2026-08-15,S13,external,159
2026-08-15,S13,campaign,0
2026-08-16,S13,search,657
2026-08-16,S13,recommend,539
2026-08-16,S13,paid,260
2026-08-16,S13,external,201
2026-08-16,S13,campaign,0
2026-08-17,S13,search,524
2026-08-17,S13,recommend,475
2026-08-17,S13,paid,195
2026-08-17,S13,external,154
2026-08-17,S13,campaign,0
2026-08-18,S13,search,544
2026-08-18,S13,recommend,506
2026-08-18,S13,paid,212
2026-08-18,S13,external,166
2026-08-18,S13,campaign,0
2026-08-19,S13,search,567
2026-08-19,S13,recommend,484
2026-08-19,S13,paid,218
2026-08-19,S13,external,172
2026-08-19,S13,campaign,0
2026-08-20,S13,search,556
2026-08-20,S13,recommend,520
2026-08-20,S13,paid,222
2026-08-20,S13,external,163
2026-08-20,S13,campaign,0
2026-08-21,S13,search,561
2026-08-21,S13,recommend,472
2026-08-21,S13,paid,220
2026-08-21,S13,external,156
2026-08-21,S13,campaign,0
2026-08-22,S13,search,599
2026-08-22,S13,recommend,529
2026-08-22,S13,paid,227
2026-08-22,S13,external,182
2026-08-22,S13,campaign,0
2026-08-23,S13,search,603
2026-08-23,S13,recommend,508
2026-08-23,S13,paid,218
2026-08-23,S13,external,183
2026-08-23,S13,campaign,0
2026-08-24,S13,search,547
2026-08-24,S13,recommend,484
2026-08-24,S13,paid,197
2026-08-24,S13,external,152
2026-08-24,S13,campaign,0
2026-08-25,S13,search,530
2026-08-25,S13,recommend,429
2026-08-25,S13,paid,188
2026-08-25,S13,external,158
2026-08-25,S13,campaign,0
2026-08-26,S13,search,576
2026-08-26,S13,recommend,407
2026-08-26,S13,paid,193
2026-08-26,S13,external,160
2026-08-26,S13,campaign,0
2026-08-27,S13,search,575
2026-08-27,S13,recommend,485
2026-08-27,S13,paid,238
2026-08-27,S13,external,177
2026-08-27,S13,campaign,0
2026-08-28,S13,search,525
2026-08-28,S13,recommend,411
2026-08-28,S13,paid,217
2026-08-28,S13,external,162
2026-08-28,S13,campaign,0
2026-08-29,S13,search,654
2026-08-29,S13,recommend,518
2026-08-29,S13,paid,261
2026-08-29,S13,external,210
2026-08-29,S13,campaign,0
2026-08-30,S13,search,629
2026-08-30,S13,recommend,501
2026-08-30,S13,paid,231
2026-08-30,S13,external,203
2026-08-30,S13,campaign,0
2026-08-31,S13,search,577
2026-08-31,S13,recommend,412
2026-08-31,S13,paid,220
2026-08-31,S13,external,162
2026-08-31,S13,campaign,0
2026-09-01,S13,search,526
2026-09-01,S13,recommend,467
2026-09-01,S13,paid,225
2026-09-01,S13,external,156
2026-09-01,S13,campaign,0
2026-09-02,S13,search,548
2026-09-02,S13,recommend,400
2026-09-02,S13,paid,210
2026-09-02,S13,external,148
2026-09-02,S13,campaign,0
2026-09-03,S13,search,513
2026-09-03,S13,recommend,489
2026-09-03,S13,paid,195
2026-09-03,S13,external,174
2026-09-03,S13,campaign,0
2026-09-04,S13,search,557
2026-09-04,S13,recommend,499
2026-09-04,S13,paid,224
2026-09-04,S13,external,183
2026-09-04,S13,campaign,0
2026-09-05,S13,search,630
2026-09-05,S13,recommend,577
2026-09-05,S13,paid,247
2026-09-05,S13,external,213
2026-09-05,S13,campaign,0
2026-09-06,S13,search,649
2026-09-06,S13,recommend,459
2026-09-06,S13,paid,244
2026-09-06,S13,external,157
2026-09-06,S13,campaign,0
2026-09-07,S13,search,534
2026-09-07,S13,recommend,469
2026-09-07,S13,paid,209
2026-09-07,S13,external,153
2026-09-07,S13,campaign,0
2026-09-08,S13,search,590
2026-09-08,S13,recommend,432
2026-09-08,S13,paid,205
2026-09-08,S13,external,173
2026-09-08,S13,campaign,0
2026-09-09,S13,search,533
2026-09-09,S13,recommend,437
2026-09-09,S13,paid,199
2026-09-09,S13,external,141
2026-09-09,S13,campaign,0
2026-09-10,S13,search,652
2026-09-10,S13,recommend,463
2026-09-10,S13,paid,233
2026-09-10,S13,external,160
2026-09-10,S13,campaign,0
2026-09-11,S13,search,587
2026-09-11,S13,recommend,485
2026-09-11,S13,paid,224
2026-09-11,S13,external,161
2026-09-11,S13,campaign,0
2026-09-12,S13,search,637
2026-09-12,S13,recommend,521
2026-09-12,S13,paid,230
2026-09-12,S13,external,192
2026-09-12,S13,campaign,0
2026-09-13,S13,search,618
2026-09-13,S13,recommend,526
2026-09-13,S13,paid,252
2026-09-13,S13,external,164
2026-09-13,S13,campaign,0
2026-09-14,S13,search,503
2026-09-14,S13,recommend,491
2026-09-14,S13,paid,195
2026-09-14,S13,external,173
2026-09-14,S13,campaign,0
2026-09-15,S13,search,581
2026-09-15,S13,recommend,419
2026-09-15,S13,paid,215
2026-09-15,S13,external,158
2026-09-15,S13,campaign,0
2026-09-16,S13,search,559
2026-09-16,S13,recommend,480
2026-09-16,S13,paid,211
2026-09-16,S13,external,178
2026-09-16,S13,campaign,0
2026-09-17,S13,search,595
2026-09-17,S13,recommend,478
2026-09-17,S13,paid,220
2026-09-17,S13,external,164
2026-09-17,S13,campaign,0
2026-09-18,S13,search,540
2026-09-18,S13,recommend,418
2026-09-18,S13,paid,192
2026-09-18,S13,external,168
2026-09-18,S13,campaign,0
2026-09-19,S13,search,556
2026-09-19,S13,recommend,479
2026-09-19,S13,paid,216
2026-09-19,S13,external,183
2026-09-19,S13,campaign,0
2026-09-20,S13,search,579
2026-09-20,S13,recommend,522
2026-09-20,S13,paid,243
2026-09-20,S13,external,161
2026-09-20,S13,campaign,0
2026-06-23,S14,search,277
2026-06-23,S14,recommend,238
2026-06-23,S14,paid,118
2026-06-23,S14,external,84
2026-06-23,S14,campaign,0
2026-06-24,S14,search,283
2026-06-24,S14,recommend,205
2026-06-24,S14,paid,96
2026-06-24,S14,external,86
2026-06-24,S14,campaign,0
2026-06-25,S14,search,294
2026-06-25,S14,recommend,215
2026-06-25,S14,paid,111
2026-06-25,S14,external,72
2026-06-25,S14,campaign,0
2026-06-26,S14,search,291
2026-06-26,S14,recommend,213
2026-06-26,S14,paid,94
2026-06-26,S14,external,75
2026-06-26,S14,campaign,0
2026-06-27,S14,search,278
2026-06-27,S14,recommend,240
2026-06-27,S14,paid,120
2026-06-27,S14,external,87
2026-06-27,S14,campaign,0
2026-06-28,S14,search,289
2026-06-28,S14,recommend,247
2026-06-28,S14,paid,102
2026-06-28,S14,external,79
2026-06-28,S14,campaign,0
2026-06-29,S14,search,296
2026-06-29,S14,recommend,282
2026-06-29,S14,paid,112
2026-06-29,S14,external,91
2026-06-29,S14,campaign,0
2026-06-30,S14,search,261
2026-06-30,S14,recommend,212
2026-06-30,S14,paid,90
2026-06-30,S14,external,70
2026-06-30,S14,campaign,0
2026-07-01,S14,search,283
2026-07-01,S14,recommend,233
2026-07-01,S14,paid,107
2026-07-01,S14,external,83
2026-07-01,S14,campaign,0
2026-07-02,S14,search,279
2026-07-02,S14,recommend,210
2026-07-02,S14,paid,106
2026-07-02,S14,external,86
2026-07-02,S14,campaign,0
2026-07-03,S14,search,309
2026-07-03,S14,recommend,233
2026-07-03,S14,paid,97
2026-07-03,S14,external,82
2026-07-03,S14,campaign,0
2026-07-04,S14,search,269
2026-07-04,S14,recommend,226
2026-07-04,S14,paid,101
2026-07-04,S14,external,80
2026-07-04,S14,campaign,0
2026-07-05,S14,search,308
2026-07-05,S14,recommend,242
2026-07-05,S14,paid,98
2026-07-05,S14,external,90
2026-07-05,S14,campaign,0
2026-07-06,S14,search,269
2026-07-06,S14,recommend,237
2026-07-06,S14,paid,107
2026-07-06,S14,external,89
2026-07-06,S14,campaign,0
2026-07-07,S14,search,288
2026-07-07,S14,recommend,223
2026-07-07,S14,paid,99
2026-07-07,S14,external,68
2026-07-07,S14,campaign,0
2026-07-08,S14,search,290
2026-07-08,S14,recommend,241
2026-07-08,S14,paid,102
2026-07-08,S14,external,76
2026-07-08,S14,campaign,0
2026-07-09,S14,search,266
2026-07-09,S14,recommend,224
2026-07-09,S14,paid,94
2026-07-09,S14,external,76
2026-07-09,S14,campaign,0
2026-07-10,S14,search,260
2026-07-10,S14,recommend,241
2026-07-10,S14,paid,103
2026-07-10,S14,external,88
2026-07-10,S14,campaign,0
2026-07-11,S14,search,276
2026-07-11,S14,recommend,237
2026-07-11,S14,paid,100
2026-07-11,S14,external,73
2026-07-11,S14,campaign,0
2026-07-12,S14,search,354
2026-07-12,S14,recommend,249
2026-07-12,S14,paid,118
2026-07-12,S14,external,85
2026-07-12,S14,campaign,0
2026-07-13,S14,search,264
2026-07-13,S14,recommend,239
2026-07-13,S14,paid,96
2026-07-13,S14,external,80
2026-07-13,S14,campaign,0
2026-07-14,S14,search,281
2026-07-14,S14,recommend,243
2026-07-14,S14,paid,104
2026-07-14,S14,external,83
2026-07-14,S14,campaign,0
2026-07-15,S14,search,279
2026-07-15,S14,recommend,253
2026-07-15,S14,paid,101
2026-07-15,S14,external,78
2026-07-15,S14,campaign,0
2026-07-16,S14,search,288
2026-07-16,S14,recommend,237
2026-07-16,S14,paid,103
2026-07-16,S14,external,81
2026-07-16,S14,campaign,0
2026-07-17,S14,search,310
2026-07-17,S14,recommend,218
2026-07-17,S14,paid,114
2026-07-17,S14,external,87
2026-07-17,S14,campaign,0
2026-07-18,S14,search,304
2026-07-18,S14,recommend,267
2026-07-18,S14,paid,113
2026-07-18,S14,external,107
2026-07-18,S14,campaign,0
2026-07-19,S14,search,308
2026-07-19,S14,recommend,242
2026-07-19,S14,paid,106
2026-07-19,S14,external,92
2026-07-19,S14,campaign,0
2026-07-20,S14,search,268
2026-07-20,S14,recommend,205
2026-07-20,S14,paid,114
2026-07-20,S14,external,77
2026-07-20,S14,campaign,0
2026-07-21,S14,search,281
2026-07-21,S14,recommend,242
2026-07-21,S14,paid,110
2026-07-21,S14,external,81
2026-07-21,S14,campaign,0
2026-07-22,S14,search,284
2026-07-22,S14,recommend,244
2026-07-22,S14,paid,105
2026-07-22,S14,external,87
2026-07-22,S14,campaign,0
2026-07-23,S14,search,258
2026-07-23,S14,recommend,226
2026-07-23,S14,paid,102
2026-07-23,S14,external,74
2026-07-23,S14,campaign,0
2026-07-24,S14,search,288
2026-07-24,S14,recommend,197
2026-07-24,S14,paid,94
2026-07-24,S14,external,81
2026-07-24,S14,campaign,0
2026-07-25,S14,search,276
2026-07-25,S14,recommend,223
2026-07-25,S14,paid,112
2026-07-25,S14,external,81
2026-07-25,S14,campaign,0
2026-07-26,S14,search,312
2026-07-26,S14,recommend,259
2026-07-26,S14,paid,112
2026-07-26,S14,external,99
2026-07-26,S14,campaign,0
2026-07-27,S14,search,271
2026-07-27,S14,recommend,209
2026-07-27,S14,paid,100
2026-07-27,S14,external,75
2026-07-27,S14,campaign,0
2026-07-28,S14,search,257
2026-07-28,S14,recommend,222
2026-07-28,S14,paid,97
2026-07-28,S14,external,82
2026-07-28,S14,campaign,0
2026-07-29,S14,search,256
2026-07-29,S14,recommend,259
2026-07-29,S14,paid,123
2026-07-29,S14,external,81
2026-07-29,S14,campaign,0
2026-07-30,S14,search,270
2026-07-30,S14,recommend,217
2026-07-30,S14,paid,109
2026-07-30,S14,external,81
2026-07-30,S14,campaign,0
2026-07-31,S14,search,249
2026-07-31,S14,recommend,251
2026-07-31,S14,paid,101
2026-07-31,S14,external,85
2026-07-31,S14,campaign,0
2026-08-01,S14,search,305
2026-08-01,S14,recommend,230
2026-08-01,S14,paid,102
2026-08-01,S14,external,83
2026-08-01,S14,campaign,0
2026-08-02,S14,search,332
2026-08-02,S14,recommend,264
2026-08-02,S14,paid,108
2026-08-02,S14,external,96
2026-08-02,S14,campaign,0
2026-08-03,S14,search,288
2026-08-03,S14,recommend,229
2026-08-03,S14,paid,97
2026-08-03,S14,external,81
2026-08-03,S14,campaign,0
2026-08-04,S14,search,266
2026-08-04,S14,recommend,244
2026-08-04,S14,paid,96
2026-08-04,S14,external,83
2026-08-04,S14,campaign,0
2026-08-05,S14,search,290
2026-08-05,S14,recommend,201
2026-08-05,S14,paid,102
2026-08-05,S14,external,80
2026-08-05,S14,campaign,0
2026-08-06,S14,search,292
2026-08-06,S14,recommend,218
2026-08-06,S14,paid,107
2026-08-06,S14,external,85
2026-08-06,S14,campaign,0
2026-08-07,S14,search,246
2026-08-07,S14,recommend,226
2026-08-07,S14,paid,108
2026-08-07,S14,external,82
2026-08-07,S14,campaign,0
2026-08-08,S14,search,311
2026-08-08,S14,recommend,221
2026-08-08,S14,paid,113
2026-08-08,S14,external,89
2026-08-08,S14,campaign,0
2026-08-09,S14,search,332
2026-08-09,S14,recommend,260
2026-08-09,S14,paid,112
2026-08-09,S14,external,102
2026-08-09,S14,campaign,0
2026-08-10,S14,search,256
2026-08-10,S14,recommend,195
2026-08-10,S14,paid,98
2026-08-10,S14,external,78
2026-08-10,S14,campaign,0
2026-08-11,S14,search,273
2026-08-11,S14,recommend,222
2026-08-11,S14,paid,98
2026-08-11,S14,external,76
2026-08-11,S14,campaign,0
2026-08-12,S14,search,290
2026-08-12,S14,recommend,223
2026-08-12,S14,paid,103
2026-08-12,S14,external,78
2026-08-12,S14,campaign,0
2026-08-13,S14,search,259
2026-08-13,S14,recommend,205
2026-08-13,S14,paid,104
2026-08-13,S14,external,73
2026-08-13,S14,campaign,0
2026-08-14,S14,search,257
2026-08-14,S14,recommend,223
2026-08-14,S14,paid,103
2026-08-14,S14,external,75
2026-08-14,S14,campaign,0
2026-08-15,S14,search,300
2026-08-15,S14,recommend,234
2026-08-15,S14,paid,113
2026-08-15,S14,external,99
2026-08-15,S14,campaign,0
2026-08-16,S14,search,325
2026-08-16,S14,recommend,296
2026-08-16,S14,paid,118
2026-08-16,S14,external,95
2026-08-16,S14,campaign,0
2026-08-17,S14,search,260
2026-08-17,S14,recommend,221
2026-08-17,S14,paid,113
2026-08-17,S14,external,79
2026-08-17,S14,campaign,0
2026-08-18,S14,search,286
2026-08-18,S14,recommend,264
2026-08-18,S14,paid,103
2026-08-18,S14,external,91
2026-08-18,S14,campaign,0
2026-08-19,S14,search,335
2026-08-19,S14,recommend,253
2026-08-19,S14,paid,118
2026-08-19,S14,external,88
2026-08-19,S14,campaign,0
2026-08-20,S14,search,315
2026-08-20,S14,recommend,241
2026-08-20,S14,paid,109
2026-08-20,S14,external,92
2026-08-20,S14,campaign,0
2026-08-21,S14,search,287
2026-08-21,S14,recommend,236
2026-08-21,S14,paid,119
2026-08-21,S14,external,88
2026-08-21,S14,campaign,0
2026-08-22,S14,search,307
2026-08-22,S14,recommend,259
2026-08-22,S14,paid,118
2026-08-22,S14,external,103
2026-08-22,S14,campaign,0
2026-08-23,S14,search,314
2026-08-23,S14,recommend,261
2026-08-23,S14,paid,130
2026-08-23,S14,external,89
2026-08-23,S14,campaign,0
2026-08-24,S14,search,276
2026-08-24,S14,recommend,229
2026-08-24,S14,paid,102
2026-08-24,S14,external,78
2026-08-24,S14,campaign,0
2026-08-25,S14,search,258
2026-08-25,S14,recommend,209
2026-08-25,S14,paid,95
2026-08-25,S14,external,74
2026-08-25,S14,campaign,0
2026-08-26,S14,search,271
2026-08-26,S14,recommend,231
2026-08-26,S14,paid,98
2026-08-26,S14,external,81
2026-08-26,S14,campaign,0
2026-08-27,S14,search,262
2026-08-27,S14,recommend,224
2026-08-27,S14,paid,106
2026-08-27,S14,external,85
2026-08-27,S14,campaign,0
2026-08-28,S14,search,269
2026-08-28,S14,recommend,244
2026-08-28,S14,paid,101
2026-08-28,S14,external,83
2026-08-28,S14,campaign,0
2026-08-29,S14,search,284
2026-08-29,S14,recommend,245
2026-08-29,S14,paid,115
2026-08-29,S14,external,93
2026-08-29,S14,campaign,0
2026-08-30,S14,search,298
2026-08-30,S14,recommend,264
2026-08-30,S14,paid,113
2026-08-30,S14,external,81
2026-08-30,S14,campaign,0
2026-08-31,S14,search,295
2026-08-31,S14,recommend,225
2026-08-31,S14,paid,99
2026-08-31,S14,external,85
2026-08-31,S14,campaign,0
2026-09-01,S14,search,275
2026-09-01,S14,recommend,242
2026-09-01,S14,paid,107
2026-09-01,S14,external,88
2026-09-01,S14,campaign,0
2026-09-02,S14,search,282
2026-09-02,S14,recommend,252
2026-09-02,S14,paid,100
2026-09-02,S14,external,74
2026-09-02,S14,campaign,0
2026-09-03,S14,search,269
2026-09-03,S14,recommend,256
2026-09-03,S14,paid,105
2026-09-03,S14,external,89
2026-09-03,S14,campaign,0
2026-09-04,S14,search,280
2026-09-04,S14,recommend,263
2026-09-04,S14,paid,113
2026-09-04,S14,external,98
2026-09-04,S14,campaign,0
2026-09-05,S14,search,308
2026-09-05,S14,recommend,257
2026-09-05,S14,paid,110
2026-09-05,S14,external,98
2026-09-05,S14,campaign,0
2026-09-06,S14,search,298
2026-09-06,S14,recommend,269
2026-09-06,S14,paid,106
2026-09-06,S14,external,108
2026-09-06,S14,campaign,0
2026-09-07,S14,search,260
2026-09-07,S14,recommend,238
2026-09-07,S14,paid,106
2026-09-07,S14,external,83
2026-09-07,S14,campaign,0
2026-09-08,S14,search,268
2026-09-08,S14,recommend,203
2026-09-08,S14,paid,100
2026-09-08,S14,external,79
2026-09-08,S14,campaign,0
2026-09-09,S14,search,264
2026-09-09,S14,recommend,245
2026-09-09,S14,paid,113
2026-09-09,S14,external,88
2026-09-09,S14,campaign,0
2026-09-10,S14,search,293
2026-09-10,S14,recommend,217
2026-09-10,S14,paid,97
2026-09-10,S14,external,71
2026-09-10,S14,campaign,0
2026-09-11,S14,search,298
2026-09-11,S14,recommend,264
2026-09-11,S14,paid,104
2026-09-11,S14,external,95
2026-09-11,S14,campaign,0
2026-09-12,S14,search,305
2026-09-12,S14,recommend,255
2026-09-12,S14,paid,118
2026-09-12,S14,external,84
2026-09-12,S14,campaign,0
2026-09-13,S14,search,293
2026-09-13,S14,recommend,250
2026-09-13,S14,paid,118
2026-09-13,S14,external,88
2026-09-13,S14,campaign,0
2026-09-14,S14,search,298
2026-09-14,S14,recommend,238
2026-09-14,S14,paid,109
2026-09-14,S14,external,84
2026-09-14,S14,campaign,0
2026-09-15,S14,search,290
2026-09-15,S14,recommend,228
2026-09-15,S14,paid,112
2026-09-15,S14,external,87
2026-09-15,S14,campaign,0
2026-09-16,S14,search,316
2026-09-16,S14,recommend,284
2026-09-16,S14,paid,123
2026-09-16,S14,external,90
2026-09-16,S14,campaign,0
2026-09-17,S14,search,276
2026-09-17,S14,recommend,235
2026-09-17,S14,paid,94
2026-09-17,S14,external,87
2026-09-17,S14,campaign,0
2026-09-18,S14,search,272
2026-09-18,S14,recommend,229
2026-09-18,S14,paid,103
2026-09-18,S14,external,83
2026-09-18,S14,campaign,0
2026-09-19,S14,search,295
2026-09-19,S14,recommend,266
2026-09-19,S14,paid,122
2026-09-19,S14,external,82
2026-09-19,S14,campaign,0
2026-09-20,S14,search,330
2026-09-20,S14,recommend,252
2026-09-20,S14,paid,120
2026-09-20,S14,external,104
2026-09-20,S14,campaign,0
2026-06-23,S15,search,500
2026-06-23,S15,recommend,402
2026-06-23,S15,paid,172
2026-06-23,S15,external,163
2026-06-23,S15,campaign,0
2026-06-24,S15,search,591
2026-06-24,S15,recommend,422
2026-06-24,S15,paid,220
2026-06-24,S15,external,165
2026-06-24,S15,campaign,0
2026-06-25,S15,search,516
2026-06-25,S15,recommend,493
2026-06-25,S15,paid,205
2026-06-25,S15,external,156
2026-06-25,S15,campaign,0
2026-06-26,S15,search,543
2026-06-26,S15,recommend,437
2026-06-26,S15,paid,202
2026-06-26,S15,external,189
2026-06-26,S15,campaign,0
2026-06-27,S15,search,601
2026-06-27,S15,recommend,470
2026-06-27,S15,paid,200
2026-06-27,S15,external,180
2026-06-27,S15,campaign,0
2026-06-28,S15,search,523
2026-06-28,S15,recommend,412
2026-06-28,S15,paid,188
2026-06-28,S15,external,151
2026-06-28,S15,campaign,0
2026-06-29,S15,search,516
2026-06-29,S15,recommend,384
2026-06-29,S15,paid,159
2026-06-29,S15,external,144
2026-06-29,S15,campaign,0
2026-06-30,S15,search,507
2026-06-30,S15,recommend,400
2026-06-30,S15,paid,219
2026-06-30,S15,external,161
2026-06-30,S15,campaign,0
2026-07-01,S15,search,544
2026-07-01,S15,recommend,404
2026-07-01,S15,paid,215
2026-07-01,S15,external,160
2026-07-01,S15,campaign,0
2026-07-02,S15,search,550
2026-07-02,S15,recommend,431
2026-07-02,S15,paid,189
2026-07-02,S15,external,148
2026-07-02,S15,campaign,0
2026-07-03,S15,search,524
2026-07-03,S15,recommend,463
2026-07-03,S15,paid,201
2026-07-03,S15,external,161
2026-07-03,S15,campaign,0
2026-07-04,S15,search,577
2026-07-04,S15,recommend,438
2026-07-04,S15,paid,200
2026-07-04,S15,external,160
2026-07-04,S15,campaign,0
2026-07-05,S15,search,542
2026-07-05,S15,recommend,507
2026-07-05,S15,paid,232
2026-07-05,S15,external,170
2026-07-05,S15,campaign,0
2026-07-06,S15,search,604
2026-07-06,S15,recommend,405
2026-07-06,S15,paid,172
2026-07-06,S15,external,143
2026-07-06,S15,campaign,0
2026-07-07,S15,search,514
2026-07-07,S15,recommend,444
2026-07-07,S15,paid,186
2026-07-07,S15,external,154
2026-07-07,S15,campaign,0
2026-07-08,S15,search,488
2026-07-08,S15,recommend,458
2026-07-08,S15,paid,194
2026-07-08,S15,external,145
2026-07-08,S15,campaign,0
2026-07-09,S15,search,533
2026-07-09,S15,recommend,434
2026-07-09,S15,paid,186
2026-07-09,S15,external,167
2026-07-09,S15,campaign,0
2026-07-10,S15,search,549
2026-07-10,S15,recommend,410
2026-07-10,S15,paid,178
2026-07-10,S15,external,142
2026-07-10,S15,campaign,0
2026-07-11,S15,search,518
2026-07-11,S15,recommend,423
2026-07-11,S15,paid,209
2026-07-11,S15,external,179
2026-07-11,S15,campaign,0
2026-07-12,S15,search,578
2026-07-12,S15,recommend,501
2026-07-12,S15,paid,228
2026-07-12,S15,external,181
2026-07-12,S15,campaign,0
2026-07-13,S15,search,516
2026-07-13,S15,recommend,435
2026-07-13,S15,paid,181
2026-07-13,S15,external,145
2026-07-13,S15,campaign,0
2026-07-14,S15,search,548
2026-07-14,S15,recommend,482
2026-07-14,S15,paid,215
2026-07-14,S15,external,172
2026-07-14,S15,campaign,0
2026-07-15,S15,search,482
2026-07-15,S15,recommend,400
2026-07-15,S15,paid,191
2026-07-15,S15,external,138
2026-07-15,S15,campaign,0
2026-07-16,S15,search,500
2026-07-16,S15,recommend,457
2026-07-16,S15,paid,201
2026-07-16,S15,external,163
2026-07-16,S15,campaign,0
2026-07-17,S15,search,509
2026-07-17,S15,recommend,397
2026-07-17,S15,paid,174
2026-07-17,S15,external,166
2026-07-17,S15,campaign,0
2026-07-18,S15,search,574
2026-07-18,S15,recommend,440
2026-07-18,S15,paid,202
2026-07-18,S15,external,169
2026-07-18,S15,campaign,0
2026-07-19,S15,search,549
2026-07-19,S15,recommend,434
2026-07-19,S15,paid,198
2026-07-19,S15,external,140
2026-07-19,S15,campaign,0
2026-07-20,S15,search,575
2026-07-20,S15,recommend,404
2026-07-20,S15,paid,208
2026-07-20,S15,external,174
2026-07-20,S15,campaign,0
2026-07-21,S15,search,472
2026-07-21,S15,recommend,437
2026-07-21,S15,paid,185
2026-07-21,S15,external,155
2026-07-21,S15,campaign,0
2026-07-22,S15,search,495
2026-07-22,S15,recommend,436
2026-07-22,S15,paid,172
2026-07-22,S15,external,158
2026-07-22,S15,campaign,0
2026-07-23,S15,search,515
2026-07-23,S15,recommend,391
2026-07-23,S15,paid,174
2026-07-23,S15,external,155
2026-07-23,S15,campaign,0
2026-07-24,S15,search,440
2026-07-24,S15,recommend,421
2026-07-24,S15,paid,182
2026-07-24,S15,external,137
2026-07-24,S15,campaign,0
2026-07-25,S15,search,510
2026-07-25,S15,recommend,410
2026-07-25,S15,paid,183
2026-07-25,S15,external,183
2026-07-25,S15,campaign,0
2026-07-26,S15,search,590
2026-07-26,S15,recommend,515
2026-07-26,S15,paid,202
2026-07-26,S15,external,167
2026-07-26,S15,campaign,0
2026-07-27,S15,search,537
2026-07-27,S15,recommend,468
2026-07-27,S15,paid,201
2026-07-27,S15,external,171
2026-07-27,S15,campaign,0
2026-07-28,S15,search,478
2026-07-28,S15,recommend,425
2026-07-28,S15,paid,223
2026-07-28,S15,external,142
2026-07-28,S15,campaign,0
2026-07-29,S15,search,518
2026-07-29,S15,recommend,439
2026-07-29,S15,paid,191
2026-07-29,S15,external,164
2026-07-29,S15,campaign,0
2026-07-30,S15,search,528
2026-07-30,S15,recommend,438
2026-07-30,S15,paid,206
2026-07-30,S15,external,153
2026-07-30,S15,campaign,0
2026-07-31,S15,search,506
2026-07-31,S15,recommend,473
2026-07-31,S15,paid,210
2026-07-31,S15,external,166
2026-07-31,S15,campaign,0
2026-08-01,S15,search,564
2026-08-01,S15,recommend,405
2026-08-01,S15,paid,212
2026-08-01,S15,external,176
2026-08-01,S15,campaign,0
2026-08-02,S15,search,584
2026-08-02,S15,recommend,516
2026-08-02,S15,paid,225
2026-08-02,S15,external,180
2026-08-02,S15,campaign,0
2026-08-03,S15,search,555
2026-08-03,S15,recommend,447
2026-08-03,S15,paid,199
2026-08-03,S15,external,157
2026-08-03,S15,campaign,0
2026-08-04,S15,search,517
2026-08-04,S15,recommend,463
2026-08-04,S15,paid,187
2026-08-04,S15,external,156
2026-08-04,S15,campaign,0
2026-08-05,S15,search,516
2026-08-05,S15,recommend,421
2026-08-05,S15,paid,222
2026-08-05,S15,external,167
2026-08-05,S15,campaign,0
2026-08-06,S15,search,516
2026-08-06,S15,recommend,452
2026-08-06,S15,paid,183
2026-08-06,S15,external,156
2026-08-06,S15,campaign,0
2026-08-07,S15,search,570
2026-08-07,S15,recommend,473
2026-08-07,S15,paid,206
2026-08-07,S15,external,151
2026-08-07,S15,campaign,0
2026-08-08,S15,search,512
2026-08-08,S15,recommend,481
2026-08-08,S15,paid,177
2026-08-08,S15,external,135
2026-08-08,S15,campaign,0
2026-08-09,S15,search,547
2026-08-09,S15,recommend,471
2026-08-09,S15,paid,214
2026-08-09,S15,external,156
2026-08-09,S15,campaign,0
2026-08-10,S15,search,512
2026-08-10,S15,recommend,464
2026-08-10,S15,paid,178
2026-08-10,S15,external,146
2026-08-10,S15,campaign,0
2026-08-11,S15,search,530
2026-08-11,S15,recommend,408
2026-08-11,S15,paid,223
2026-08-11,S15,external,166
2026-08-11,S15,campaign,0
2026-08-12,S15,search,509
2026-08-12,S15,recommend,439
2026-08-12,S15,paid,202
2026-08-12,S15,external,160
2026-08-12,S15,campaign,0
2026-08-13,S15,search,563
2026-08-13,S15,recommend,416
2026-08-13,S15,paid,182
2026-08-13,S15,external,147
2026-08-13,S15,campaign,0
2026-08-14,S15,search,574
2026-08-14,S15,recommend,470
2026-08-14,S15,paid,205
2026-08-14,S15,external,169
2026-08-14,S15,campaign,0
2026-08-15,S15,search,536
2026-08-15,S15,recommend,530
2026-08-15,S15,paid,242
2026-08-15,S15,external,181
2026-08-15,S15,campaign,0
2026-08-16,S15,search,491
2026-08-16,S15,recommend,480
2026-08-16,S15,paid,247
2026-08-16,S15,external,181
2026-08-16,S15,campaign,0
2026-08-17,S15,search,511
2026-08-17,S15,recommend,404
2026-08-17,S15,paid,187
2026-08-17,S15,external,179
2026-08-17,S15,campaign,0
2026-08-18,S15,search,484
2026-08-18,S15,recommend,398
2026-08-18,S15,paid,192
2026-08-18,S15,external,165
2026-08-18,S15,campaign,0
2026-08-19,S15,search,463
2026-08-19,S15,recommend,401
2026-08-19,S15,paid,173
2026-08-19,S15,external,132
2026-08-19,S15,campaign,0
2026-08-20,S15,search,487
2026-08-20,S15,recommend,395
2026-08-20,S15,paid,184
2026-08-20,S15,external,152
2026-08-20,S15,campaign,0
2026-08-21,S15,search,550
2026-08-21,S15,recommend,488
2026-08-21,S15,paid,201
2026-08-21,S15,external,177
2026-08-21,S15,campaign,0
2026-08-22,S15,search,639
2026-08-22,S15,recommend,475
2026-08-22,S15,paid,224
2026-08-22,S15,external,192
2026-08-22,S15,campaign,0
2026-08-23,S15,search,604
2026-08-23,S15,recommend,485
2026-08-23,S15,paid,213
2026-08-23,S15,external,179
2026-08-23,S15,campaign,0
2026-08-24,S15,search,523
2026-08-24,S15,recommend,424
2026-08-24,S15,paid,171
2026-08-24,S15,external,144
2026-08-24,S15,campaign,0
2026-08-25,S15,search,494
2026-08-25,S15,recommend,450
2026-08-25,S15,paid,202
2026-08-25,S15,external,155
2026-08-25,S15,campaign,0
2026-08-26,S15,search,532
2026-08-26,S15,recommend,426
2026-08-26,S15,paid,231
2026-08-26,S15,external,172
2026-08-26,S15,campaign,0
2026-08-27,S15,search,509
2026-08-27,S15,recommend,450
2026-08-27,S15,paid,208
2026-08-27,S15,external,149
2026-08-27,S15,campaign,0
2026-08-28,S15,search,507
2026-08-28,S15,recommend,459
2026-08-28,S15,paid,165
2026-08-28,S15,external,152
2026-08-28,S15,campaign,0
2026-08-29,S15,search,614
2026-08-29,S15,recommend,503
2026-08-29,S15,paid,221
2026-08-29,S15,external,173
2026-08-29,S15,campaign,0
2026-08-30,S15,search,549
2026-08-30,S15,recommend,459
2026-08-30,S15,paid,215
2026-08-30,S15,external,160
2026-08-30,S15,campaign,0
2026-08-31,S15,search,542
2026-08-31,S15,recommend,470
2026-08-31,S15,paid,203
2026-08-31,S15,external,159
2026-08-31,S15,campaign,0
2026-09-01,S15,search,507
2026-09-01,S15,recommend,423
2026-09-01,S15,paid,191
2026-09-01,S15,external,143
2026-09-01,S15,campaign,0
2026-09-02,S15,search,509
2026-09-02,S15,recommend,446
2026-09-02,S15,paid,187
2026-09-02,S15,external,155
2026-09-02,S15,campaign,0
2026-09-03,S15,search,463
2026-09-03,S15,recommend,415
2026-09-03,S15,paid,193
2026-09-03,S15,external,155
2026-09-03,S15,campaign,0
2026-09-04,S15,search,522
2026-09-04,S15,recommend,408
2026-09-04,S15,paid,198
2026-09-04,S15,external,156
2026-09-04,S15,campaign,0
2026-09-05,S15,search,672
2026-09-05,S15,recommend,471
2026-09-05,S15,paid,239
2026-09-05,S15,external,195
2026-09-05,S15,campaign,0
2026-09-06,S15,search,586
2026-09-06,S15,recommend,494
2026-09-06,S15,paid,223
2026-09-06,S15,external,223
2026-09-06,S15,campaign,0
2026-09-07,S15,search,546
2026-09-07,S15,recommend,380
2026-09-07,S15,paid,192
2026-09-07,S15,external,170
2026-09-07,S15,campaign,0
2026-09-08,S15,search,567
2026-09-08,S15,recommend,431
2026-09-08,S15,paid,216
2026-09-08,S15,external,152
2026-09-08,S15,campaign,0
2026-09-09,S15,search,510
2026-09-09,S15,recommend,409
2026-09-09,S15,paid,199
2026-09-09,S15,external,173
2026-09-09,S15,campaign,0
2026-09-10,S15,search,466
2026-09-10,S15,recommend,410
2026-09-10,S15,paid,192
2026-09-10,S15,external,149
2026-09-10,S15,campaign,0
2026-09-11,S15,search,486
2026-09-11,S15,recommend,438
2026-09-11,S15,paid,172
2026-09-11,S15,external,145
2026-09-11,S15,campaign,0
2026-09-12,S15,search,552
2026-09-12,S15,recommend,424
2026-09-12,S15,paid,218
2026-09-12,S15,external,170
2026-09-12,S15,campaign,0
2026-09-13,S15,search,566
2026-09-13,S15,recommend,470
2026-09-13,S15,paid,213
2026-09-13,S15,external,176
2026-09-13,S15,campaign,0
2026-09-14,S15,search,521
2026-09-14,S15,recommend,448
2026-09-14,S15,paid,209
2026-09-14,S15,external,165
2026-09-14,S15,campaign,0
2026-09-15,S15,search,497
2026-09-15,S15,recommend,408
2026-09-15,S15,paid,192
2026-09-15,S15,external,140
2026-09-15,S15,campaign,0
2026-09-16,S15,search,568
2026-09-16,S15,recommend,382
2026-09-16,S15,paid,204
2026-09-16,S15,external,160
2026-09-16,S15,campaign,0
2026-09-17,S15,search,476
2026-09-17,S15,recommend,423
2026-09-17,S15,paid,201
2026-09-17,S15,external,155
2026-09-17,S15,campaign,0
2026-09-18,S15,search,488
2026-09-18,S15,recommend,394
2026-09-18,S15,paid,167
2026-09-18,S15,external,148
2026-09-18,S15,campaign,0
2026-09-19,S15,search,578
2026-09-19,S15,recommend,528
2026-09-19,S15,paid,206
2026-09-19,S15,external,174
2026-09-19,S15,campaign,0
2026-09-20,S15,search,570
2026-09-20,S15,recommend,438
2026-09-20,S15,paid,202
2026-09-20,S15,external,167
2026-09-20,S15,campaign,0
2026-06-23,S16,search,282
2026-06-23,S16,recommend,231
2026-06-23,S16,paid,103
2026-06-23,S16,external,92
2026-06-23,S16,campaign,0
2026-06-24,S16,search,263
2026-06-24,S16,recommend,213
2026-06-24,S16,paid,97
2026-06-24,S16,external,81
2026-06-24,S16,campaign,0
2026-06-25,S16,search,263
2026-06-25,S16,recommend,212
2026-06-25,S16,paid,101
2026-06-25,S16,external,78
2026-06-25,S16,campaign,0
2026-06-26,S16,search,267
2026-06-26,S16,recommend,257
2026-06-26,S16,paid,102
2026-06-26,S16,external,89
2026-06-26,S16,campaign,0
2026-06-27,S16,search,321
2026-06-27,S16,recommend,234
2026-06-27,S16,paid,110
2026-06-27,S16,external,83
2026-06-27,S16,campaign,0
2026-06-28,S16,search,300
2026-06-28,S16,recommend,241
2026-06-28,S16,paid,118
2026-06-28,S16,external,90
2026-06-28,S16,campaign,0
2026-06-29,S16,search,300
2026-06-29,S16,recommend,242
2026-06-29,S16,paid,122
2026-06-29,S16,external,84
2026-06-29,S16,campaign,0
2026-06-30,S16,search,258
2026-06-30,S16,recommend,239
2026-06-30,S16,paid,107
2026-06-30,S16,external,90
2026-06-30,S16,campaign,0
2026-07-01,S16,search,279
2026-07-01,S16,recommend,208
2026-07-01,S16,paid,107
2026-07-01,S16,external,72
2026-07-01,S16,campaign,0
2026-07-02,S16,search,323
2026-07-02,S16,recommend,255
2026-07-02,S16,paid,104
2026-07-02,S16,external,91
2026-07-02,S16,campaign,0
2026-07-03,S16,search,274
2026-07-03,S16,recommend,243
2026-07-03,S16,paid,110
2026-07-03,S16,external,89
2026-07-03,S16,campaign,0
2026-07-04,S16,search,338
2026-07-04,S16,recommend,282
2026-07-04,S16,paid,119
2026-07-04,S16,external,99
2026-07-04,S16,campaign,0
2026-07-05,S16,search,325
2026-07-05,S16,recommend,272
2026-07-05,S16,paid,126
2026-07-05,S16,external,99
2026-07-05,S16,campaign,0
2026-07-06,S16,search,311
2026-07-06,S16,recommend,238
2026-07-06,S16,paid,107
2026-07-06,S16,external,96
2026-07-06,S16,campaign,0
2026-07-07,S16,search,268
2026-07-07,S16,recommend,197
2026-07-07,S16,paid,94
2026-07-07,S16,external,79
2026-07-07,S16,campaign,0
2026-07-08,S16,search,252
2026-07-08,S16,recommend,227
2026-07-08,S16,paid,95
2026-07-08,S16,external,76
2026-07-08,S16,campaign,0
2026-07-09,S16,search,324
2026-07-09,S16,recommend,249
2026-07-09,S16,paid,123
2026-07-09,S16,external,82
2026-07-09,S16,campaign,0
2026-07-10,S16,search,300
2026-07-10,S16,recommend,231
2026-07-10,S16,paid,114
2026-07-10,S16,external,79
2026-07-10,S16,campaign,0
2026-07-11,S16,search,293
2026-07-11,S16,recommend,245
2026-07-11,S16,paid,122
2026-07-11,S16,external,94
2026-07-11,S16,campaign,0
2026-07-12,S16,search,311
2026-07-12,S16,recommend,237
2026-07-12,S16,paid,113
2026-07-12,S16,external,85
2026-07-12,S16,campaign,0
2026-07-13,S16,search,282
2026-07-13,S16,recommend,215
2026-07-13,S16,paid,105
2026-07-13,S16,external,91
2026-07-13,S16,campaign,0
2026-07-14,S16,search,270
2026-07-14,S16,recommend,230
2026-07-14,S16,paid,103
2026-07-14,S16,external,89
2026-07-14,S16,campaign,0
2026-07-15,S16,search,283
2026-07-15,S16,recommend,233
2026-07-15,S16,paid,92
2026-07-15,S16,external,74
2026-07-15,S16,campaign,0
2026-07-16,S16,search,285
2026-07-16,S16,recommend,247
2026-07-16,S16,paid,103
2026-07-16,S16,external,85
2026-07-16,S16,campaign,0
2026-07-17,S16,search,297
2026-07-17,S16,recommend,241
2026-07-17,S16,paid,123
2026-07-17,S16,external,86
2026-07-17,S16,campaign,0
2026-07-18,S16,search,309
2026-07-18,S16,recommend,279
2026-07-18,S16,paid,109
2026-07-18,S16,external,99
2026-07-18,S16,campaign,0
2026-07-19,S16,search,297
2026-07-19,S16,recommend,241
2026-07-19,S16,paid,115
2026-07-19,S16,external,85
2026-07-19,S16,campaign,0
2026-07-20,S16,search,269
2026-07-20,S16,recommend,247
2026-07-20,S16,paid,108
2026-07-20,S16,external,98
2026-07-20,S16,campaign,0
2026-07-21,S16,search,306
2026-07-21,S16,recommend,226
2026-07-21,S16,paid,120
2026-07-21,S16,external,91
2026-07-21,S16,campaign,0
2026-07-22,S16,search,277
2026-07-22,S16,recommend,229
2026-07-22,S16,paid,104
2026-07-22,S16,external,81
2026-07-22,S16,campaign,0
2026-07-23,S16,search,265
2026-07-23,S16,recommend,240
2026-07-23,S16,paid,111
2026-07-23,S16,external,88
2026-07-23,S16,campaign,0
2026-07-24,S16,search,292
2026-07-24,S16,recommend,226
2026-07-24,S16,paid,109
2026-07-24,S16,external,98
2026-07-24,S16,campaign,0
2026-07-25,S16,search,308
2026-07-25,S16,recommend,262
2026-07-25,S16,paid,121
2026-07-25,S16,external,103
2026-07-25,S16,campaign,0
2026-07-26,S16,search,273
2026-07-26,S16,recommend,250
2026-07-26,S16,paid,114
2026-07-26,S16,external,81
2026-07-26,S16,campaign,0
2026-07-27,S16,search,265
2026-07-27,S16,recommend,234
2026-07-27,S16,paid,109
2026-07-27,S16,external,87
2026-07-27,S16,campaign,0
2026-07-28,S16,search,302
2026-07-28,S16,recommend,227
2026-07-28,S16,paid,101
2026-07-28,S16,external,86
2026-07-28,S16,campaign,0
2026-07-29,S16,search,295
2026-07-29,S16,recommend,234
2026-07-29,S16,paid,102
2026-07-29,S16,external,98
2026-07-29,S16,campaign,0
2026-07-30,S16,search,293
2026-07-30,S16,recommend,258
2026-07-30,S16,paid,113
2026-07-30,S16,external,83
2026-07-30,S16,campaign,0
2026-07-31,S16,search,269
2026-07-31,S16,recommend,235
2026-07-31,S16,paid,101
2026-07-31,S16,external,88
2026-07-31,S16,campaign,0
2026-08-01,S16,search,312
2026-08-01,S16,recommend,228
2026-08-01,S16,paid,121
2026-08-01,S16,external,93
2026-08-01,S16,campaign,0
2026-08-02,S16,search,324
2026-08-02,S16,recommend,278
2026-08-02,S16,paid,128
2026-08-02,S16,external,99
2026-08-02,S16,campaign,0
2026-08-03,S16,search,250
2026-08-03,S16,recommend,239
2026-08-03,S16,paid,107
2026-08-03,S16,external,85
2026-08-03,S16,campaign,0
2026-08-04,S16,search,258
2026-08-04,S16,recommend,242
2026-08-04,S16,paid,94
2026-08-04,S16,external,70
2026-08-04,S16,campaign,0
2026-08-05,S16,search,264
2026-08-05,S16,recommend,212
2026-08-05,S16,paid,99
2026-08-05,S16,external,71
2026-08-05,S16,campaign,0
2026-08-06,S16,search,256
2026-08-06,S16,recommend,209
2026-08-06,S16,paid,93
2026-08-06,S16,external,75
2026-08-06,S16,campaign,0
2026-08-07,S16,search,257
2026-08-07,S16,recommend,203
2026-08-07,S16,paid,102
2026-08-07,S16,external,82
2026-08-07,S16,campaign,0
2026-08-08,S16,search,363
2026-08-08,S16,recommend,309
2026-08-08,S16,paid,142
2026-08-08,S16,external,108
2026-08-08,S16,campaign,0
2026-08-09,S16,search,332
2026-08-09,S16,recommend,273
2026-08-09,S16,paid,112
2026-08-09,S16,external,103
2026-08-09,S16,campaign,0
2026-08-10,S16,search,287
2026-08-10,S16,recommend,209
2026-08-10,S16,paid,97
2026-08-10,S16,external,77
2026-08-10,S16,campaign,0
2026-08-11,S16,search,273
2026-08-11,S16,recommend,247
2026-08-11,S16,paid,106
2026-08-11,S16,external,96
2026-08-11,S16,campaign,0
2026-08-12,S16,search,269
2026-08-12,S16,recommend,227
2026-08-12,S16,paid,122
2026-08-12,S16,external,88
2026-08-12,S16,campaign,0
2026-08-13,S16,search,302
2026-08-13,S16,recommend,235
2026-08-13,S16,paid,117
2026-08-13,S16,external,95
2026-08-13,S16,campaign,0
2026-08-14,S16,search,287
2026-08-14,S16,recommend,245
2026-08-14,S16,paid,105
2026-08-14,S16,external,79
2026-08-14,S16,campaign,0
2026-08-15,S16,search,306
2026-08-15,S16,recommend,247
2026-08-15,S16,paid,109
2026-08-15,S16,external,96
2026-08-15,S16,campaign,0
2026-08-16,S16,search,274
2026-08-16,S16,recommend,264
2026-08-16,S16,paid,123
2026-08-16,S16,external,102
2026-08-16,S16,campaign,0
2026-08-17,S16,search,306
2026-08-17,S16,recommend,231
2026-08-17,S16,paid,100
2026-08-17,S16,external,90
2026-08-17,S16,campaign,0
2026-08-18,S16,search,276
2026-08-18,S16,recommend,227
2026-08-18,S16,paid,102
2026-08-18,S16,external,84
2026-08-18,S16,campaign,0
2026-08-19,S16,search,296
2026-08-19,S16,recommend,236
2026-08-19,S16,paid,106
2026-08-19,S16,external,87
2026-08-19,S16,campaign,0
2026-08-20,S16,search,254
2026-08-20,S16,recommend,219
2026-08-20,S16,paid,97
2026-08-20,S16,external,79
2026-08-20,S16,campaign,0
2026-08-21,S16,search,293
2026-08-21,S16,recommend,286
2026-08-21,S16,paid,130
2026-08-21,S16,external,90
2026-08-21,S16,campaign,0
2026-08-22,S16,search,317
2026-08-22,S16,recommend,237
2026-08-22,S16,paid,112
2026-08-22,S16,external,97
2026-08-22,S16,campaign,0
2026-08-23,S16,search,343
2026-08-23,S16,recommend,237
2026-08-23,S16,paid,119
2026-08-23,S16,external,90
2026-08-23,S16,campaign,0
2026-08-24,S16,search,286
2026-08-24,S16,recommend,250
2026-08-24,S16,paid,100
2026-08-24,S16,external,78
2026-08-24,S16,campaign,0
2026-08-25,S16,search,300
2026-08-25,S16,recommend,237
2026-08-25,S16,paid,102
2026-08-25,S16,external,85
2026-08-25,S16,campaign,0
2026-08-26,S16,search,301
2026-08-26,S16,recommend,246
2026-08-26,S16,paid,118
2026-08-26,S16,external,79
2026-08-26,S16,campaign,0
2026-08-27,S16,search,301
2026-08-27,S16,recommend,239
2026-08-27,S16,paid,98
2026-08-27,S16,external,89
2026-08-27,S16,campaign,0
2026-08-28,S16,search,277
2026-08-28,S16,recommend,246
2026-08-28,S16,paid,110
2026-08-28,S16,external,86
2026-08-28,S16,campaign,0
2026-08-29,S16,search,300
2026-08-29,S16,recommend,262
2026-08-29,S16,paid,105
2026-08-29,S16,external,90
2026-08-29,S16,campaign,0
2026-08-30,S16,search,314
2026-08-30,S16,recommend,261
2026-08-30,S16,paid,105
2026-08-30,S16,external,85
2026-08-30,S16,campaign,0
2026-08-31,S16,search,294
2026-08-31,S16,recommend,237
2026-08-31,S16,paid,101
2026-08-31,S16,external,81
2026-08-31,S16,campaign,0
2026-09-01,S16,search,284
2026-09-01,S16,recommend,216
2026-09-01,S16,paid,108
2026-09-01,S16,external,78
2026-09-01,S16,campaign,0
2026-09-02,S16,search,307
2026-09-02,S16,recommend,249
2026-09-02,S16,paid,100
2026-09-02,S16,external,88
2026-09-02,S16,campaign,0
2026-09-03,S16,search,270
2026-09-03,S16,recommend,249
2026-09-03,S16,paid,97
2026-09-03,S16,external,88
2026-09-03,S16,campaign,0
2026-09-04,S16,search,269
2026-09-04,S16,recommend,253
2026-09-04,S16,paid,113
2026-09-04,S16,external,95
2026-09-04,S16,campaign,0
2026-09-05,S16,search,318
2026-09-05,S16,recommend,261
2026-09-05,S16,paid,121
2026-09-05,S16,external,100
2026-09-05,S16,campaign,0
2026-09-06,S16,search,300
2026-09-06,S16,recommend,262
2026-09-06,S16,paid,113
2026-09-06,S16,external,88
2026-09-06,S16,campaign,0
2026-09-07,S16,search,257
2026-09-07,S16,recommend,243
2026-09-07,S16,paid,91
2026-09-07,S16,external,85
2026-09-07,S16,campaign,0
2026-09-08,S16,search,286
2026-09-08,S16,recommend,235
2026-09-08,S16,paid,120
2026-09-08,S16,external,87
2026-09-08,S16,campaign,0
2026-09-09,S16,search,319
2026-09-09,S16,recommend,241
2026-09-09,S16,paid,111
2026-09-09,S16,external,92
2026-09-09,S16,campaign,0
2026-09-10,S16,search,258
2026-09-10,S16,recommend,227
2026-09-10,S16,paid,99
2026-09-10,S16,external,78
2026-09-10,S16,campaign,0
2026-09-11,S16,search,297
2026-09-11,S16,recommend,224
2026-09-11,S16,paid,110
2026-09-11,S16,external,89
2026-09-11,S16,campaign,0
2026-09-12,S16,search,289
2026-09-12,S16,recommend,259
2026-09-12,S16,paid,102
2026-09-12,S16,external,87
2026-09-12,S16,campaign,0
2026-09-13,S16,search,287
2026-09-13,S16,recommend,228
2026-09-13,S16,paid,104
2026-09-13,S16,external,83
2026-09-13,S16,campaign,0
2026-09-14,S16,search,291
2026-09-14,S16,recommend,217
2026-09-14,S16,paid,95
2026-09-14,S16,external,79
2026-09-14,S16,campaign,0
2026-09-15,S16,search,272
2026-09-15,S16,recommend,217
2026-09-15,S16,paid,96
2026-09-15,S16,external,82
2026-09-15,S16,campaign,0
2026-09-16,S16,search,266
2026-09-16,S16,recommend,196
2026-09-16,S16,paid,103
2026-09-16,S16,external,84
2026-09-16,S16,campaign,0
2026-09-17,S16,search,281
2026-09-17,S16,recommend,235
2026-09-17,S16,paid,111
2026-09-17,S16,external,82
2026-09-17,S16,campaign,0
2026-09-18,S16,search,268
2026-09-18,S16,recommend,236
2026-09-18,S16,paid,102
2026-09-18,S16,external,82
2026-09-18,S16,campaign,0
2026-09-19,S16,search,308
2026-09-19,S16,recommend,272
2026-09-19,S16,paid,113
2026-09-19,S16,external,89
2026-09-19,S16,campaign,0
2026-09-20,S16,search,324
2026-09-20,S16,recommend,279
2026-09-20,S16,paid,121
2026-09-20,S16,external,93
2026-09-20,S16,campaign,0
